:040000006F20804F9E
:10000400000000000000000090000020D60700203F
:10001400A9BDF9F58C0800200000000000000000D4
:100024008C08002090000020000000000000000068
:10003400900000200000000090000020000000005C
:10004400900000200809002090000020900000206B
:1000540090000020580D002024090020000000001A
:1000640090000020900000209000002090000020CC
:10007400F208002090000020900000209000002052
:1000840090000020900000209000002090000020AC
:1000940001A04111B7170040985F3AC6945F3247F8
:1000A400E39CE6FE324541018280411181460146CE
:1000B4008145114506C6EF007013B727004011476C
:1000C4002383E780B7F700E003A707D16D9B23A83C
:1000D400E7D003A707D15D9B23A8E7D07300501096
:1000E40001000100B24041018280011181460146B4
:1000F4008145114506CEEF00700FB7270040114728
:100104002383E780B717004083C6E70203C5E704EB
:100114001307800893F6C60F1365350093E616009F
:10012400733607801376860832C00F1000009305DB
:1001340070052380B704130680FA2380C7040F10C8
:1001440000002382070223800704024873280880E2
:100154000F100000733807801378880842C20F100C
:1001640000002380B7042380C7040F1000002387F6
:10017400D7022387A704238007049246F3A60680A8
:100184000F100000F336078093F6860836C40F106C
:1001940000002380B7042380C7040F10000083C627
:1001A400B70493E60602A385D70423800704A24676
:1001B400F3A606800F100000B7F600E003A506D1F1
:1001C4001365450023A8A6D003A506D15D9923A8ED
:1001D400A6D0730050100100010073370780137715
:1001E40087083AC60F1000002380B7042380C70491
:1001F4000F10000003C7B7041377F70DA385E704B6
:1002040023800704B247F3A707800F100000F240D1
:10021400056182803971B7F5070022DC81462A84A2
:100224003010E105194506DE02D423160102EF0061
:10023400E07BB717004083C6E7041307800893E602
:100244003600733607801376860832C40F10000018
:10025400930570052380B704130680FA2380C7042E
:100264000F10000023820702238007042245732510
:1002740005800F10000073350780137585082AC6A2
:100284000F1000002380B7042380C7040F10000060
:100294002387D70423800704B246F3A606800F10F1
:1002A4000000F336078093F6860836C80F10000066
:1002B4002380B7042380C7040F10000003D507026E
:1002C400F176FD16E98E2390D70223800704C246F7
:1002D400F3A606800F10000037F500E0832605D151
:1002E40093E646002328D5D083D607026575110509
:1002F40093F60660C18EC98EC206C182733507802B
:10030400137585082ACA0F1000002380B7042380C0
:10031400C7040F10000003C5F70013650504A38785
:10032400A7002390D70223800704D246F3A60680B1
:100334000F1000001165618D1DE973370780137775
:1003440087083ACC0F1000002380B7042380C70429
:100354000F10000003C7B70413670702A385E7045F
:1003640023800704E247F3A707800F10000037F744
:1003740000E0832707D1DD9B2328F7D073005010BA
:100384000100010013078008F337078093F78708FB
:100394003ECE0F100000B717004093057005238070
:1003A400B704130680FA2380C7040F10000083D615
:1003B4000702C606C5822390D70223800704F246AB
:1003C400F3A606800F100000F336078093F6860824
:1003D40036D00F1000002380B7042380C7040F1009
:1003E400000003D80702F176FD16B3F60601239048
:1003F400D702238007048256F3A606800F1000005C
:100404000DED73370780137787083AD20F10000079
:100414002380B7042380C7040F10000003C7B70468
:100424001377F70DA385E704238007049257F3A7F6
:1004340007800F10000051453929F25062542161A0
:100444008280397152D481462A8A014681451145F8
:1004540022DC26DA06DE4AD84ED637140040792349
:100464008347E4020347E4049304800893F7C70F27
:100474001367370093E71700F3B6048093F68608F2
:1004840036C60F10000093097005230034051309C4
:1004940080FA230024050F10000023020402230025
:1004A4000404B246F3A606800F100000F3B60480DD
:1004B40093F6860836C80F10000023003405230085
:1004C40024050F1000002307F4022307E40423008B
:1004D4000404C247F3A707800F100000130550025D
:1004E400F928B7F700E003A707D11367470023A84B
:1004F400E7D073B70480137787083ACA0F10000057
:1005040023003405230024050F1000000347F400E2
:1005140013670704A307E400230004045247732766
:1005240007800F10000073B70480137787083ACC54
:100534000F10000023003405230024050F100000D1
:100544002167336AEA00231044032300040462474A
:10055400732707800F10000003A707D15D9B23A812
:10056400E7D0730050100100010081460146814527
:100574001145AD29F3B4048093F4840826CE0F10FA
:10058400000023003405230024050F100000FD574C
:100594002316F4028347640493E717002303F40447
:1005A40023000404F247F3A707800F100000F25061
:1005B4006254D2544259B259225A21618280B7F707
:1005C40007000111944B13078008F337078093F752
:1005D40087083EC20F100000B717004013087005CB
:1005E40023800705930580FA2380B7040F100000C9
:1005F40003C6B7041376F60DA385C7042380070446
:100604001246732606800F1000001376050255CE9D
:10061400F336078093F6860836C40F100000238053
:1006240007052380B7040F100000B70614007D8966
:10063400558D88C7010001000100010023800704D3
:10064400A246F3A606800F100000733707801377C5
:1006540087083AC60F100000238007052380B704DB
:100664000F1000000F1000003727004093061005FC
:10067400A303D78023800704B247F3A707800F1092
:10068400000093078008F3B7078093F787083ECEEE
:100694000F100000B7170040130770052380E7040C
:1006A400130780FA2380E7040F10000003C7B70480
:1006B40013670708A385E70423800704F247F3A719
:1006C40007800F100000056182801376050459C26B
:1006D400733607801376860832C80F100000238013
:1006E40007052380B7040F10000037061400130613
:1006F40006047D89518D88C70100010001000100B5
:10070400238007044246732606800F1000007337C7
:100714000780137787083ACA0F1000002380070563
:100724002380B7040F100000A54793F6F60F639ECD
:10073400F600B727004013073005A383E780B717F7
:10074400004023800704D2470DBFB727004013079A
:100754002005E5B773370780137787083ACC0F1065
:100764000000238007052380B7040F10000098477A
:100774001367070C98C723800704E247FDBD0111E6
:10078400814601468145114506CE8D249307800894
:10079400F3B7078093F787083EC60F100000B7171A
:1007A4000040130770052380E704130780FA2380B1
:1007B400E7040F10000003C76704136717002383BF
:1007C400E70423800704B247F3A707800F10000053
:1007D400F2400561828041118146014681451145FF
:1007E400312413078008F337078093F787083EC442
:1007F4000F100000B7170040130670052380C704CC
:10080400930680FA2380D7040F100000FD55239629
:10081400B70223800704A245F3A505800F1000004A
:1008240073370780137787083AC60F1000002380B8
:10083400C7042380D7040F10000003C7670413679D
:1008440017002383E70423800704B247F3A7078034
:100854000F10000001A0BD473305F50201007D150E
:1008640075FD8280411122C426C206C6AA840144B1
:1008740063179400B24022449244410182800504EB
:100884001305803E4204C13F4180DDB79305000259
:1008940073A0458082457390153492402242B2423F
:1008A4004243D2436244F244025592552256B25610
:1008B4004257D2576258F25806499649264AB64AD0
:1008C400464BD64B664CF64C065D965D265EB65E90
:1008D400465FD65F0961730020304111B7170040AD
:1008E400985F3AC6945F3247E39CE6FE3245410185
:1008F4008280B7170040130700032388E702854767
:1009040023A8F18C73002030E177371700409387D8
:100914000702231EF70873002030411106C6EF00BA
:10092400E07FF5BF975000E0E780E045730020309A
:100934002303048015472303E48001002302A480D9
:10094400828083076480E3CE07FE230304808280D1
:1009540083076480E3CE07FE0345448082808307D7
:100964006480E3CE07FE2302A4808280411126C462
:100974004AC24EC006C61377F50BAD47AA892E8925
:1009840095446306F70019456537653F8D444E85E8
:100994004537FD59FD1463983401B240A24412490D
:1009A400824941018280135509011375F50F453FB2
:1009B4002209CDB7011126CC06CEB7040800513761
:1009C4001545BD37713769372AC6A53F3245937738
:1009D400150089EB136515001375F50FF240E24419
:1009E40005618280FD14E9FC0145CDBF397126DC27
:1009F4004ADA4ED852D656D45AD25ED006DE62CEE9
:100A040066CCB7E700E07D5783AA070022C603AA95
:100A1400470023A0E71823A2E718B71700401307DD
:100A240070052380E704130780FA2380E70483C753
:100A34004704930B75FFB684E20793FBFB0F8546CF
:100A4400AA892E8B328937240040E187015763FA43
:100A540076016308D5008946130700026313D500A5
:100A64000157D98F93F7F70FB71C00402382FC047A
:100A740011472303E4801305F00F5D3D094CD13584
:100A8400636D7C11B7050700DA9537870700795540
:100A940063F2E504B3879500636EF702370B080031
:100AA400A94733EB65016399F90689E48144513D13
:100AB40026850DA0DA850945553D05090345F9FF4D
:100AC400FD14050B693D81C49377FB0FFDF7DD35FC
:100AD40069FD7D55B7170040130770052380E704AF
:100AE400130780FA2380E70403C74704418B23825A
:100AF400E704F250B7E700E023A0571123A24711FF
:100B0400E25432445259C259325AA25A125B825B9D
:100B1400724CE24C21618280A5476395F906856990
:100B24001309F00FB3069900B3742B01B69413495B
:100B3400F9FFB3749900856B33796901416B93872D
:100B4400F9FFB3F7270199E363FC340193D9490012
:100B5400C147E3E637FF99BF0569C1697D19D9B774
:100B64001305800D6388690113050002638479010C
:100B740013051008CA85DD3B353D21DD4E99B3844C
:100B84003441D9B7DA852D45D533CA94E30099F2B7
:100B940005097D3BA30FA9FED5BF9387F9FF93F702
:100BA400F70F6361FC0C83C71C0413073008631F31
:100BB400F70437070800636BEB04B3079B00B70621
:100BC400100063F5D704334BEB0089476393F906B0
:100BD4008980D549E38C04ECDA850945413B110948
:100BE4000327C9FF91472320E48003076480E34E71
:100BF40007FE23033481FD17EDFBFD14110B81C4A3
:100C04009377FB0FE9FF7D3371F5E1B5B71700402A
:100C140003C75704B70708001377070219E3B78718
:100C240007007955E378FBEA33079B00E3FFE7F815
:100C340055B58547E382F9F2DA852D45053B93895D
:100C4400F4FFE38504E6293393F7390091EB832617
:100C540004800327090093074900E39AE6E43E89E8
:100C6400CE84F1BFB5476396F9001305900BC931E3
:100C740035BDB1471305B00AE38BF9FE994763917B
:100C8400F904B7050800B365BB002D45C53181449F
:100C94008D4BA14975396396740183270480232001
:100CA400F9008504E39834FF8327048013172B018C
:100CB400635507002312F900D5BB2322F900FDB3C5
:100CC4009D476399F90281451305B0044531BD443C
:100CD4002320090023220900FD599D3993F774004C
:100CE400CA9703C70700FD14398D2380A700E39634
:100CF40034FF6DBBA1476392F9046D398144630DE0
:100D04000B008D479304C0036308FB0093040005A4
:100D140063048B01930440041375C507E30895D855
:100D24001945393139390545213126850D390945AA
:100D34003D314931E31C05D669BB91476399F900FC
:100D440013056006F536F53E130590090DB7E38FDC
:100D540009D4F154A9BB0000197106C212C416C605
:100D64001AC81ECA22CC26CE2AD02ED232D436D6C7
:100D74003AD83EDA42DC46DECAC0CEC2D2C4D6C6B7
:100D8400DAC8DECAE2CCE6CEEAD0EED2F2D4F6D6A7
:100D9400FAD8FEDA9385818C8841E70005009240F9
:100DA4002242B2424243D2436244F2440255925533
:100DB4002256B2564257D2576258F25806499649BB
:100DC400264AB64A464BD64B664CF64C065D965DB3
:100DD400265EB65E465FD65F096173002030B7E7D2
:100DE40000E09843B706200023A0D718758F0F1092
:100DF400000001C599C1814711E6B7E700E023A0CF
:100E0400E7108280B386F50003C80600B306F50038
:100E1400850723800601E317F6FEC5B737E700E030
:100E24001C43B70620002320D718F58F0F100000AD
:100E340019C191C111E637E700E02320F710828041
:100E4400910503A7C5FF11057D16232EE5FEDDB729
:100E540037E700E01C43B70620002320D718F58F9E
:100E64000F10000001C53307C50011E637E700E0A5
:100E74002320F71082800505A30FB5FEE31DE5FED0
:100E8400F5B7B7E700E09843B706200023A0D718CA
:100E9400758F0F1000008147B306F50083860600A6
:100EA40099E6B7E600E023A0E6103E858280850738
:100EB400E5B737E700E01C43B70620002320D71826
:100EC400F58F0F10000001C599C1014711EA37E7FA
:100ED40000E02320F710054582800507E309E6FEBC
:100EE4003308E500B386E5000348080083C606001E
:100EF400E305D8FE37E700E02320F71001458280A0
:100F040037E700E01C43B70620002320D718F58FED
:100F14000F1000001307F6FFBA952A966317C50051
:100F240037E700E02320F7108280FD1503C7150082
:100F34000505A30FE5FEDDB737E700E01C43B70660
:100F440020002320D718F58F0F10000001C53307A8
:100F5400C50019E637E700E02320F7100145828039
:100F640005058346F5FFE397B6FEE31BE5FE37E789
:100F740000E02320F710054582807971974700002F
:100F84009387C78B22D4804306D626D24AD04ECE2E
:100F940052CC56CA5AC85EC669C037C9C901014B8A
:100FA40097490000938909891309F937174A000002
:100FB400130A0A89974A0000938A0A839744000017
:100FC4009384C48C8357240095E35C44631D0B0015
:100FD400174700002324F786832BC4002285EF00E3
:100FE400F0225E84A9A82326FB00FDB783A709008D
:100FF40082971C443307F5406375F500D8401D8F74
:101004002A976361E9089737000023A7077E835571
:10101400240003450400976000E0E78020C35C409F
:101024005844B9C70C44D040AE97BE8663E4B700B9
:1010340063E4C700B386C74014C4228B3A8459F0D2
:10104400973700009387477A9C4B09476373F708E7
:10105400F917173700002321F77AB250225492541B
:101064000259F249624AD24A424BB24B45618280EC
:1010740063170B009737000023A2E77CB1BF232638
:10108400EB0099BF03274A021DCF63E1A704338510
:10109400A7408347040085E3173700000347B77B65
:1010A4005917B307A7003E85D44063E4E70063E41F
:1010B400D7003385D74083A70A016376F5009737B5
:1010C400000023ABA772228B404495BFD840BA9747
:1010D4007DBF9737000023A1077241B797370000FF
:1010E4009387477A9C4385C3411106C682979737F5
:1010F400000083C7077489E79737000023A40778A3
:10110400B240410182809737000083C7877291E71C
:101114009737000023A8077682808280411122C479
:10112400173400001304046F1C4006C626C24AC0CC
:1011340091C782979737000023AE076C974700004A
:1011440083C7178E858B174900001309298D89CF12
:101154008347790019476312F71097470000A3816A
:10116400078C3D235C4482971C4491C38297973437
:1011740000009384646C9840173600000346D666DA
:101184009737000083C7476693961700BA9683D6AD
:101194000600E5C29737000083C7076563E5C70EFD
:1011A40097370000238207641C40639E0714973717
:1011B4000000938727689C436387071497370000D0
:1011C4009387C76CDC43173700002327F762753316
:1011D4009747000083C73785639707129747000036
:1011E40083C7578491CF8347790093F7F70F89EB2F
:1011F40097470000A3880782976001E0E780201FDB
:10120400973700009387C763DC53638E070E9737C5
:1012140000009387675D9C4BFDC7834779001547A2
:101224006363F70E9747000083C7C784918BE1EF90
:101234009737000083C7E75FF9E7904097360000CF
:1012440083C6965A63C7D70C2244B24092440249DB
:101254004101176300E067008301834779001D475C
:10126400E314F7F097370000A38C077A15211C4884
:10127400DDBD850793F7F70F973600002386F656F2
:10128400E3E0C7F001BF86073E97835507002310AC
:10129400070097370000239D07589737000093876E
:1012A40027579C43173500000345055413172500A1
:1012B400BA979C4382979737000083D767571737AD
:1012C40000000347675293C7F7FF7D8D93171700FC
:1012D40098403E97835707005D8D2310A7009737EA
:1012E400000083C7675091C7850717370000230D97
:1012F400F74E173700000347274F9737000083C77F
:10130400B74EE37FF7E8B2402244924402494101D8
:101314008280139717003297035707006DF78507EC
:1013240015B737C700408326C720B707FCFFFD1752
:10133400F58F2326F72001000100973700009387DB
:10134400A74AC84F832787262326D7206A0593C731
:10135400F7FF99835D8D8280011197370000938791
:10136400677D22CC03A4070C26CA06CE2AC42EC647
:10137400854419E40145F2406244D2440561828007
:101384008347910003471400858B6304F7000044EE
:10139400CDB719469305A10013052400193EE3189F
:1013A40095FE0545C9BF0000EFF05FD37300000050
:1013B40000000000973200009382A24703830200DA
:1013C40023800200630F0300F32510342EC0970519
:1013D40000009385A5FD73901534EF00204E730033
:1013E400203086DCEF00804DE65082800000173705
:1013F4000000130767621443411122C49C5E4AC073
:1014040006C6998326C2858B3A84173900001309CE
:101414006960D1CB930700069CDE173700000347B1
:10142400476093070008973400009384245F631B8C
:10143400F700832709009C4393F70704173700003C
:101444002301F75E83C7040093F707049DC397370E
:1014540000009387273E9C4382979737000023AD73
:10146400A75C83C7040093F7F70B17370000230723
:10147400F75A83C7440093F7070495E7854717375E
:101484000000A30FF758973700009387A75B9C438E
:101494003707020098C7130700FC97360000238122
:1014A400E6589848F8D318401C5F9183858B8DC308
:1014B4001C5F93E707011CDF973700009387875869
:1014C4009C4323A20706854717370000230AF754D5
:1014D40083270900D8430583058B19C7D843759B17
:1014E400D8C3D843799BD8C3B2402244924402491A
:1014F40041018280ED3D730020309317D50063D302
:101504000702973700009387E7539C437D57B8D76A
:10151400973700009387472DDC4F85071737000066
:101524002322F72E937785009DCB9737000083C73E
:10153400074F93E71700173700002302F74E93076E
:1015440000F817370000230DF74C973700009387F6
:10155400A74C98435C57F19B93E717005CD79377AC
:1015640015008DC79737000083C7574B93E71700C3
:1015740017370000A304F74A973700009387C74939
:1015840098435C57F19B93E717005CD7937765000A
:1015940095CB937745001737000013072748CDCB29
:1015A4008347070093E71700173700002308F7461F
:1015B400973700009387474698435C57F19B93E71E
:1015C40017005CD79317F50063D4070217370000A0
:1015D4000347C75D418B973700009387A75551C3D5
:1015E40083C7870793E70702173700002300F75CD8
:1015F4009317E50063D707029737000083C7474274
:10160400E207E18763D707008547173700002309FE
:10161400F740973700009387E7429C43370702005F
:1016240098C79317C50063D4070217370000034710
:10163400F757058B973700009387C74F29C383C794
:10164400970793E7270017370000A301F756828016
:101654008347370093E7170017370000A301F73CCF
:1016640081BF03C7870789463D8B6308D70083C7BB
:1016740087070D47BD8BE39DE7F69147B5B703C7D1
:101684009707118B69D783C7970793E7870065BFCF
:10169400973700009387073B94439737000093875D
:1016A400E73703C70700058B11CB97370000238961
:1016B400073697370000A3850736828003C71700D3
:1016C400058B65F7F85271FF83C75700DDB71737ED
:1016D40000001307673403280700832788039583D2
:1016E400858BADEF11C683270803BD832300F60065
:1016F4009DC61C43985B46079357670163560700D2
:1017040093E707C0C207C18303970600C207C187D6
:1017140009C7BA970947B3C7E7022390F6008DCDEE
:101724008345150095C99737000083C7872F93F722
:10173400070413879500894585C33A9583470500B7
:101744000547994593F6F7066398E600E207E187B3
:10175400814563D30700B9452E8582808545EDBF59
:10176400411126C206C622C4973400009384842DF6
:101774003DED9440AE87F8527DFF37F400E03E859E
:1017840097370000238D0728832704D1B285ED9B6A
:101794002328F4D0832704D193E787022328F4D0A5
:1017A40073005010976001E0E780C0AB97370000EA
:1017B400938787269C43B70680009843558F98C328
:1017C400D857719BD8D797370000A38B0724973736
:1017D4000000A38507249C40094798C3832704D1AC
:1017E40093E787002328F4D0730050100DA08D4791
:1017F4006315F50497370000938707229C43B706C7
:1018040080009843558F98C3D857719BD8D794407C
:10181400173700001307872083472700858B89EB40
:1018240083473700858BC1CB97370000238A071E77
:10183400B24022449244410182808547E319F5FC79
:10184400B7F700E003A707D16D9B23A8E7D003A750
:1018540007D11367870223A8E7D07300501098407C
:101864008177FD175447F58F5CC70F10000098402F
:10187400B70702001CC7930700F8173600002301BE
:10188400F61A97370000938727199C439C439D833E
:10189400858B639FA700930760197CD354C737F7E0
:1018A40000E0832707D193E787002328F7D02DBFD3
:1018B4009307E01BDDB7FC52A5F39DBF97370000EB
:1018C400938747189C438847D847798D09C988C7A7
:1018D4009387819C03A30700630303000283828030
:1018E400973700009387071698438967938707F40F
:1018F4007CD3973700009387271A9C4383A6070954
:10190400139656006358060083A6070913966600CB
:10191400634406007453FDF282804111B7E700E08E
:1019240022C480433707200006C6798C23A0E71819
:101934000F10000011C199E5B7E700E023A087105C
:1019440001457DA893073500C207C183F19BC207F7
:10195400C183130740036369F702173700001307B5
:10196400E71C0843173700001307C71B144363928F
:10197400A602173700001307A7EC185B55DFC20750
:10198400DD8D054502974DBF173700001307C719B2
:10199400C9BF035765002DEB035745006366F7067F
:1019A400B306F7402146637CD602032805009386DC
:1019B40087001D8FAA96611717360000035626E389
:1019C4002392E60023A006012393060014C12312E8
:1019D400F500130786FF97360000239AE6E02313E9
:1019E400B5009735000083D585E0B387F5401737F8
:1019F4000000231EF7DEB7E700E023A087102105CF
:101A0400B240224441018280084195B7B7E700E023
:101A14008C433707200023A0E718F98D0F1000002E
:101A240001E523A0B7108280973700009387071041
:101A340003A30700973700009387C70E83A8070006
:101A440081469A8763F2170D03A807006361F50CBA
:101A5400636FA80A138787006368E50A03D66700E3
:101A6400216705076317E60003C7019C0507238068
:101A7400E19C17350000130525D703D6470003570B
:101A8400650023930700329742074183173E000005
:101A9400231FEED4638C6702173300001303C308BB
:101AA400032303006304F30203D3660063100302F9
:101AB40083D7460023A0060121073E9621062392E0
:101AC400C600973700002394E7D2B6879843630D86
:101AD4001703973600009386260594426306D702BF
:101AE4008356670095E283D64700035647001843A0
:101AF400A106B2962392D70098C383576500A10725
:101B0400173700002315F7CEB7E700E019BFBE86EC
:101B1400C2870DBF03278511630407120346E5043A
:101B2400854663000612411122C406C68347C500D8
:101B34002A8493F7C70F2306F500834597000358BB
:101B4400C70013958501618563700609635905060D
:101B54000345870093F5F507A304B70093E5270031
:101B64006314D50093E517002306B4005C4389078A
:101B74005CC3A30AC400032504114C430905EFF018
:101B84000FA68327841103465401D44303D7C70007
:101B9400B296118FD4C32396E7008947A30DF400AE
:101BA400034764039737000083C7A7CA6377F70422
:101BB4008347C40093E707012306F4003DA893E795
:101BC40017002306F40075B71376F80F635D05025A
:101BD4000345870093E527006314D50093E51700B8
:101BE4002306B400A30AC400A30407008547A30D79
:101BF400F400832784119C43C5F7B24022448146F4
:101C040036854101828093E717002306F400A30A76
:101C1400C400A3040700032504114C4342860905AC
:101C2400EFF0EF9B8327841103465401D44303D779
:101C3400C700B296118FD4C32396E7008D4745BFE2
:101C440085463685828097370000938767019C43D9
:101C5400411122C406C6858B2A84C5EF416513054C
:101C640025F5972002E0E780C0D645C58347A50047
:101C74002315F50083270412BDE72320A412232291
:101C8400A41285472311F40423200500834764012B
:101C940054412316F5000347D4002304E500054707
:101CA400A304E50017370000130747D758531385DB
:101CB400170215811C437D151375F50F9CC25C43F7
:101CC400DCC21C479CC65C47DCC61C4B9CCA5C4BF4
:101CD400DCCA1C4F9CCE5C4FDCCE19CD9386060229
:101CE40013070702C1BF8327441288C38357240400
:101CF4002322A412850779B79737000083D707E416
:101D0400850717370000231BF7E2B2402244410144
:101D140082808347C40023090400054593C7470014
:101D24002306F400DDB78347850193F7E70FD5EF6A
:101D340083479501DDEB034625018346C50009CAA7
:101D440083456503173700000347B7B063E7E50031
:101D540013F7060141CF014709C6C18A0357651C21
:101D640081C68356A51C369751C31307C71217356E
:101D74000000035525B2B335A70237460F004111C1
:101D840013060624814622C426C206C67D543305A2
:101D9400A702975002E0E780E09F9737000083C7CF
:101DA40097ABB384A700973700009387A7D803A7FE
:101DB40087098327070963F387003E84184375FB6B
:101DC40097370000938707A79C43829781476364F2
:101DD400A400B307A440B2402244B3B7970093C70A
:101DE400170092443E854101828081473E8582806E
:101DF40097370000938707C598433C5BFDFF0100BC
:101E040001008280011122CC4AC84EC606CE26CAE1
:101E140052C456C25AC00347B50085472A842E8946
:101E2400832905096311F72683570508835AC503D7
:101E3400173A0000130A8AA5173B0000035B8BA521
:101E440063FB5721834605016397E6200327851129
:101E5400631307200327450A631F071E8346F50003
:101E64001D47639AE61E03471401B38AFA4013958B
:101E74000A01418121CF9377170099CB8357E40559
:101E840083560404958F63D5A700139507014181F8
:101E94009377270099CB8357E41283560404958FD4
:101EA40063D5A7001395070141819377070199CB67
:101EB4008357C41483560404958F63D5A7001395E0
:101EC40007014181218B11E311E105450357A40367
:101ED4009307204E832444093305A70237460F0095
:101EE4008146130606243305F5029737000083C79D
:101EF4008796B3549502B335AB02BE94C204C18035
:101F0400231394083305AB02975002E0E7808088DE
:101F1400B307350133B5A7002E953E8783264A00C3
:101F240019E163E4D7003387D740B3846403B74629
:101F34000F009387F623938606242320E900A697AF
:101F4400B3D7D702D6976362F7101D8F2320E90019
:101F5400973900009389098E83A709008324090017
:101F6400829763E5A4123385A4406354050C83A7C8
:101F740009008297032709006361E512198D8357CD
:101F8400E403173700000357E7908E07B387E7028F
:101F94001307003293870719B3D7E70263E7A71043
:101FA400374A0F00130BFA23973A0000938A0A8EDC
:101FB400130A0A248357040485072310F40483476F
:101FC400041499E3228559222285971002E0E780C0
:101FD400C09375E9832604098327C40803A74A002C
:101FE400B6973E8563E4D70063E4E7003385E740B2
:101FF4008347F401835464082328A4088507A30FA6
:10200400F4009737000083D7E788B384F402DA94A6
:10201400B3D444036368950CB304954083A70900C3
:1020240023209900829763E3A40C3385A440E343FF
:1020340005F89737000083C7178263E7A708973727
:10204400000023A987B8014541A083264A00B3872D
:10205400F6403E97E5BD8354640837470F00930765
:10206400F723B3846403BE9493070724B3D7F4021D
:1020740063E7F900B387F9402320F900D1BD0327B2
:102084004A00BA99C5BF23A03501D9B597270000E6
:102094009387C77FDC43BE94F9B5972700009387E5
:1020A400E77EDC43998F3E95D9BDA14522859700F3
:1020B40002E0E780607EA305A402972700009387CF
:1020C40027789C5B81EF7D55F2406244D2444249BB
:1020D400B249224A924A024B0561828089451545DC
:1020E4008297D5B7B3049740AA940DBF83A74A003B
:1020F400BE9425BF39C901116C0022CC06CE2A84B6
:1021040011331DCDFD576302F502B2479725000038
:1021140083C5757463EFB70003459402B385B74074
:102124002EC6975000E0E78020CAF2406244056161
:10213400828017270000130767755843BA97E9BFD1
:10214400971002E0E780E039CDB78280797126D21A
:1021540006D622D44AD04ECE52CC56CA5AC85EC6EF
:102164008347550303447513AA843E941374F40FF0
:102174009307400263F687001304B4FD1374F40F4D
:1021840003AA841383AAC413A38B841222865285C0
:10219400D685974002E0E780E01C058915E503CB6E
:1021A400D41201498149337B6403930B50024A865C
:1021B4005285D685974002E0E780C01A058915C587
:1021C400639169031374F90F238B8412B250225460
:1021D40092540259F249624AD24A424BB24B456187
:1021E40082808509E20993D989410509E31179FDC2
:1021F400E1BF8327850903560504797193D6070146
:10220400BD8EC206C182358E135776409357564011
:10221400898B058B5D8F93573640918B5D8F9357D8
:102224001640A18B5D8F93171600C18B5D8F93179A
:10223400360093F707025D8F931756009355860077
:1022440093F707041E065D8F1376F60F518F93D70D
:10225400554013D63540118A898BD18F13D67540DA
:10226400D18F13D61540218AD18F13961500418A38
:10227400D18F1396350013760602D18F139655002D
:10228400137606049E05D18F93F5F50FCD8FA20723
:1022940045465D8F3307C70222D42A8426D252CC06
:1022A40056CA032A8413832AC4135AC806D63697F7
:1022B4004207418393577740135557400989858BCB
:1022C400C98F135537401189C98F13551740218978
:1022D400C98F131517004189C98F1315370013755A
:1022E4000502C98F1315570093558700137505040C
:1022F4001E07C98F1377F70FD98F13D5354013D71E
:1023040055401189098B498F13D57540498F13D5D1
:1023140015402189498F139515004189498F1395DB
:10232400350013750502498F13955500137505047F
:102334009E05498F93F5F50F4D8F2207D98FB387EB
:10234400C7024AD04ECE5EC662C4B697C207C183E6
:1023540013D7774013D557400989058B498F13D577
:1023640037401189498F13D517402189498F139517
:1023740017004189498F1395370013750502498F5A
:102384001395570093D58700137505049E07498F4D
:1023940093F7F70FD98F13D5354013D755401189CB
:1023A400098B498F13D57540498F13D51540218961
:1023B400498F139515004189498F1395350013757D
:1023C4000502498F13955500137505049E05498F21
:1023D40093F5F50F4D8F2207D98FB387C7021306E4
:1023E40050025285D685B697BD8E93940601C1805E
:1023F40033F6C402137BF60F974002E0E78080F6C1
:1024040005890DED8347D41201498149B3849702AC
:10241400130C5002C1804A865285D685974002E04B
:10242400E78040F40589937BF90F11C56386340373
:10243400850993F9F90F0509E31F89FD230B64133B
:10244400B250225492540259F249624AD24A424B3F
:10245400B24B224C456182805E8BCDB70111972728
:1024640000009387276D22CC03A4870C26CA4AC890
:102474004EC606CEAA8413092500854915C083C714
:10248400140003473400858B6304F700405CFDB7F8
:102494001946930544004A85EFE0BFA1E31835FFD0
:1024A4002285F2406244D2444249B24905618280A5
:1024B4004111972700009387E76722C403A4870C80
:1024C40026C24AC006C693042500054901E82285B0
:1024D400B24022449244024941018280A6851305F8
:1024E400A402972002E0E780805EE30225FF405CBF
:0424F400F1BF000034
:1024F80097110020938181D51741002013010130E5
:102508001305400097E5FF1F938545AF1706002088
:10251800130606FE63FAC5008322050023A05500B2
:1025280011059105E3EAC5FE17750200130585013B
:10253800970500209385C5FB1386018863FAC500BB
:102548008322050023A0550011059105E3EAC5FE85
:102558001385018897250020938585716377B500D9
:10256800232005001105E36DB5FEFD42739002BC02
:102578008D4273904280930280087390023097E2F4
:10258800FF1F9382A2A793E23200739052309732D2
:1025980000009382023973901234730020303D4357
:1025A8002A876373C3029377F700BDEFADE593768F
:1025B80006FF3D8ABA960CC34CC30CC74CC74107EB
:1025C800E36BD7FE11E28280B306C3408A06970206
:1025D800000096966780A6002307B700A306B700F9
:1025E8002306B700A305B7002305B700A304B70067
:1025F8002304B700A303B7002303B700A302B7005F
:102608002302B700A301B7002301B700A300B70056
:102618002300B700828093F5F50F93968500D58D3A
:1026280093960501D58D61B7939627009702000010
:1026380096968682E78086FA9680C1171D8F3E9609
:10264800E374C3F8A5B7B717004083C5870503C867
:10265800970503C7970593F5F50F1378F80F1367D8
:102668008700A38CE70403C797051377B70FA38CDC
:10267800E70403C7A70513671700238DE704371777
:1026880000408347A705858BEDFF0565C1463717D1
:1026980000409308F5FF0346A70513661600230DAF
:1026A800C7040346A705058A6DFE0356C705FD1630
:1026B800C2061346F6FF33761601C182B297E1FED1
:1026C800A1079183130505801D8DA30C07054205FD
:1026D800230CB70441858280B717004003C77705EC
:1026E8001A051377E70FA38BE70413974500598D55
:1026F800136535001375F50FA38CA70403C7A70549
:10270800C18991C513672700238DE7048280137759
:10271800D70FDDBFB717004003C777051377E70F5B
:10272800A38BE704130700F8A38DE7043D47238C28
:10273800E70413075003A38CE70403C7A70513771F
:10274800D70F238DE7048280371700408347A705FA
:1027580093E71700230DF7048347A705858BEDFF43
:102768000355C705520551818280B717004003C73A
:10277800E7020D8941111377C70F498F9306800827
:10278800F3B6068093F6860836C60F100000930647
:1027980070052380D704930680FA2380D7040F108E
:1027A80000002387E70223800704B247F3A70780C6
:1027B8000F1000004101828041112A83014E930EBF
:1027C800407E130F0019930F400663E56E129308BD
:1027D800001913034006B3781503854E0D4FA14F1A
:1027E800337365020D891335150063EFBE121308A4
:1027F800F6FF794672984208135808013307C70252
:1028080013D61700BE0732976146B3F6C602130601
:102818008070B386C6023697A166F58F42075D8F32
:10282800B716004083C7F60293F70708A303F10021
:102838000346710083C7F60293F70708E394C7FEBF
:1028480083477100B716004093F7F70F63880712A4
:1028580093078008F3B7078093F787083EC40F10E3
:102868000000B7170040930670052380D70493062D
:1028780080FA2380D7040F10000023AA070383C619
:10288800170393E60608A388D70223800704A24704
:10289800F3A707800F1000001166B71700407D16D8
:1028A800D45BC85F93854703A98EF18EF5FA93062A
:1028B8008008F3B6068093F6860836C60F10000027
:1028C800930670052380D704930680FA2380D704E3
:1028D8000F10000098C103C7170313670704A388E4
:1028E800E70223800704B247F3A707800F10000010
:1028F800410182807D133368E3039308E016630E79
:1029080008003368F3039308D01663080800937827
:10291800330093B818009388D81633081E01131E85
:102928000801135E0E0155B56393E50305486386F8
:1029380008000148630303002A8871087298FD158E
:10294800131E0801C205135E0E01C18179BD13F87B
:10295800150063F4BF007908D5B713381800E5BF30
:1029680083C7F60293F70708A303F1000346710033
:1029780083C7F60293F70708E394C7FE83477100FD
:1029880093F7F70FF1DFE9B531714AD966CB06DF66
:1029980022DD26DB4ED752D556D35AD15ECF62CD33
:1029A8006AC96EC7AA8C02D8EF00F04E2A8993072D
:1029B8008008F3B7078093F787083EDA0F10000006
:1029C800B7170040130770052380E704130780FA40
:1029D8002380E7040F10000003C7F7021377770F6F
:1029E800A387E70203C7F70213678700A387E702F5
:1029F80023800704D257F3A707800F10000005456E
:102A0800AD33130780C13347E902116A93070AE817
:102A180093065002BD69930BA004814A014B13042D
:102A28008008930470057D1AB347F9023307D7026B
:102A38003EC0FD873ECC938709A69309803E334765
:102A4800F7023AC27D873AC4334739038549B399B7
:102A5800990193D93940B306D702B30B7703B3C6AC
:102A6800F602B3CBFB0236C6FD8636C893D6FB41C9
:102A780036CEB7460F00938606243349D9028566B9
:102A8800938606FAB3969601B389E902130760554F
:102A98003309D90293060010B389E9023349D902F0
:102AA800B3C9F9029316390036CA37190040FD86B2
:102AB80036D0930D090493D7F9413ED2F3360480FA
:102AC80093F6860836DC0F10000093077005238004
:102AD800FD00930680FA2380DD000F100000834676
:102AE800390593F6860FA309D9048346390593E679
:102AF8001600A309D90423800D00E256F3A6068028
:102B08000F100000130C80FA116DF336048093F651
:102B1800860836DE0F100000930770052380FD003D
:102B280023808D010F10000083463905216693E646
:102B38000602A309D90483560905B3E6A60123189A
:102B4800D90483560905D18E2318D90423800D0092
:102B5800F256F3A606800F1000008346390593F657
:102B68000602638B061803463905218A6DDE0818AC
:102B7800EF0070367336048013768608B2C20F10E1
:102B8800000023809D0023808D010F100000B717DF
:102B9800004003C637051376F60DA389C70403C69C
:102BA800370513660602A389C704835609052166FB
:102BB800B3E6A6012318D90483560905D18E231834
:102BC800D90423800D009646F3A606800F10000056
:102BD8008346390593F6060263870614834639054A
:102BE800A18AEDFE97D0FF1FE780604AAA8636D4F7
:102BF80097D0FF1FE780A049A256E30AD5FE835667
:102C080009054255B3E6A6012318D904EF00B02EF2
:102C180083463905A18AEDDE035609058346290551
:102C280082473376CA00B306DA0293D5F641B296E4
:102C3800B388F640E24733B8C6002E983308F84008
:102C4800A247B3B616013308D84063C70701631D0E
:102C5800F800924763FA1701C247634DF80E63956F
:102C68000701B24763E8F80E894663E7660FF24644
:102C78009315180013D3F8015E8613951800B365F1
:102C8800B30042D646D4EF30A2723258050B137BFC
:102C9800FB0F6347000163140838A25863810838A2
:102CA80013081500B336A800B69513D6F501329867
:102CB800B336C800AE9613581800FE06B3E60601F0
:102CC8007336048013768608B2C60F10000023807E
:102CD8009D0023808D010F1000000356C902B29693
:102CE800C206C1822316D90223800D00B646F3A678
:102CF80006800F10000011BDF336048093F6860895
:102D0800B6C00F10000023809D0023808D010F1096
:102D180000008346390593E60602A309D9042380F7
:102D28000D0086463DB5F336048093F68608B6C492
:102D38000F10000023809D0023808D010F100000DC
:102D48008346390593E60602A309D90423800D00BA
:102D5800A6469DBDE30D0BF0F336048093F6860876
:102D6800B6C80F100000930680FA23809D002380C8
:102D7800DD000F1000008346390593F5FC0F93F62C
:102D8800860FA309D90483463905CD8EA309D90432
:102D980023800D00C646F3A606800F100000130519
:102DA80080FA03463905930639051D8A6316962964
:102DB8007336048013768608B2CC0F100000130611
:102DC80080FA23809D002380CD000F10000003C6E9
:102DD80006001376F60D2380C60003C606001366A8
:102DE80006022380C600835609051166D18E231872
:102DF800D904835609052166D18E2318D904238066
:102E08000D00E646F3A606800F100000130680FAB0
:102E18008346390593F60602638A062483463905F4
:102E2800130C3905A18AFDDA0818EF00D00AF33629
:102E3800048093F68608B6D00F100000930680FA37
:102E480023809D002380DD000F10000083460C00C6
:102E5800116693F6F60D2300DC0083460C0093E61A
:102E680006022300DC0083560905D18E2318D904F5
:102E7800835609052166D18E2318D90423800D00B5
:102E88008656F3A606800F100000130680FA8346C4
:102E9800390593F606026386062083463905A18A1A
:102EA800EDFE97D0FF1FE780801E2A8C97D0FF1F6A
:102EB800E780E01DE30C85FF83560905116642553E
:102EC800D18E2318D904EF00100383463905130661
:102ED8003905A18AFDDAF336048093F68608B6D45C
:102EE8000F100000930680FA23809D002380DD00E8
:102EF8000F1000008346060093F6F60D2300D60057
:102F080023800D00A656F3A606800F1000008356F6
:102F1800090503462905D247B376DA003306CA0203
:102F28001305800C9355F6413696330DF6408257BB
:102F3800333CD6002E9C3336A601330CFC40330CB0
:102F4800CC403308850392564E86B335A503330526
:102F5800A503C295EF30C24563468001631E0C1677
:102F6800630C0D16130615003335A6002E959356DF
:102F7800F5013696B335D600AA959396F5010582E4
:102F88008585D18E6346B000639D051A638B061A4A
:102F98000356C90215823305D6003336C500B295EB
:102FA8006348B000639105241306F00F637DA622E1
:102FB800894663F3561593078008F3B7078093F79C
:102FC8008708BED60F10000037170040930770051A
:102FD8002300F704930780FA2300F7040F1000007A
:102FE8008356C70289678117D58FC207C183231605
:102FF800F70223000704B657F3A707800F10000055
:10300800FA506A54DA544A59BA592A5A9A5A0A5BEF
:10301800FA4B6A4CDA4C4A4DBA4D29618280130842
:10302800F5FF3335A800FD152E951356F501329896
:10303800B336C800AA9641B1F336048093F68608E1
:10304800B6CA0F10000023809D002380AD000F102A
:10305800000083463905CD8EA309D90423800D00CD
:10306800D646F3A606800F10000025BBF336048071
:1030780093F68608B6CE0F10000023809D002380AB
:10308800CD000F1000008346390593E60602A30918
:10309800D90423800D00F646F3A606800F10000021
:1030A80085BBF336048093F68608B6D20F1000006D
:1030B80023809D002380CD000F1000008346390532
:1030C80093E60602A309D90423800D009656F3A6B9
:1030D80006800F10000065BB9306F5FF33B5A60008
:1030E800FD152E959355F501AE96B3B5B600AA9584
:1030F8001396F501858269B5F336048093F6860840
:10310800B6D80F100000930680FA23809D00238014
:10311800DD000F1000008356C9020566011693F6FC
:10312800F60FD18EC206C1822316D90223800D0064
:10313800C656F3A606800F100000850A93FAFA0F08
:10314800B5BA33E6B60045C20356C9023305D040C6
:103158003338A000B305B040B385054115826345F7
:10316800B000D1E16371A608894663F0560593075C
:103178008008F3B7078093F78708BEDA0F100000BE
:10318800B7170040130770052380E704130780FA78
:103198002380E7040F10000003D7C7027D8B239616
:1031A800E70223800704D65781BDF336048093F6DF
:1031B8008608B6DC0F100000930680FA23809D0075
:1031C8002380DD000F1000008356C9020566011632
:1031D80093F6F60FD18EC206C1822316D902238038
:1031E8000D00E656B9B793078008F3B7078093F741
:1031F8008708BEDE0F1000003717004093077005E0
:103208002300F704930780FA2300F7040F10000047
:103218000356C70293975600B297C207C183231675
:10322800F70223000704F657C1BB4111B7F50700A1
:1032380022C481462A842A86E105194506C697D004
:10324800FF1FE780607A8347140003470400834622
:103258002400A207D98F03473400B2402207558FB4
:10326800BA9703475400834644002207558FBA97FC
:10327800C207C1832303F400A183A303F4002244FB
:1032880041018280914763EEB70217570200130786
:1032980067CC8A05BA959C41BA978287B7170040D0
:1032A80003A7470B1345F5FF698F23AAE70A03A76E
:1032B800070B698F23A8E70A03A7070A798D23A0BC
:1032C800A70A8280B717004083A6470B1347F5FF6C
:1032D800F98E23AAD70A83A6070B558D23A8A70A18
:1032E80083A6070A758F23A0E70A8280B7170040D4
:1032F80003A7470B498F23AAE70A03A7070B134520
:10330800F5FF45BFB717004083A6470B1347F5FFE6
:10331800758F23AAE70A03A7070A598D4DB7B71770
:10332800004003A7470B498FEDB7914763EEB702FB
:1033380017570200130747C38A05BA959C41BA97E5
:103348008287B717004003A7470D1345F5FF698F1C
:1033580023AAE70C03A7070D698F23A8E70C03A787
:10336800070C798D23A0A70C8280B717004083A68D
:10337800470D1347F5FFF98E23AAD70C83A6070D2F
:10338800558D23A8A70C83A6070C758F23A0E70CDF
:103398008280B717004003A7470D498F23AAE70C7F
:1033A80003A7070D1345F5FF45BFB717004083A6D0
:1033B800470D1347F5FF758F23AAE70C03A7070CE2
:1033C800598D4DB7B717004003A7470D498FEDB783
:1033D800931705010547C1836382E5048DC1094739
:1033E800638DE5040D476380E50637170040231E0B
:1033F800F70883560709D58F2318F70882803717EF
:1034080000400356470993C6F7FFF18E231AD708E1
:103418008326C70A558D2326A70AC1BF3717004040
:103428000356470993C6F7FFF18E231AD708832658
:10343800870A558D2324A70A4DBF371700408356A6
:103448004709DD8EE1B73717004083564709DD8EFF
:10345800E9BF797122D43714004026D24AD00359E3
:1034680024028354040206D64209C2044ECE52CC2A
:1034780056CA13590901C1802DE11379F9F793F45C
:10348800F49F4209C20413590901C18093078008B7
:10349800F3B7078093F787083EC40F10000093071F
:1034A80070052300F404930780FA2300F4040F1036
:1034B8000000231124032310940223000404A247CC
:1034C800F3A707800F100000B250225492540259FB
:1034D800F249624AD24A45618280B7F507008146BF
:1034E8003000B105194597D0FF1FE780E04FA2478C
:1034F80013972701E34A07FC1369090893E404407A
:1035080093098008F3B7098093F787083EC00F1026
:103518000000930A700523005405130A80FA23005B
:1035280044050F10000023112403231094022300E4
:1035380004048247F3A707800F100000294597D09D
:10354800FF1FE7800031F3B9098093F989084EC25B
:103558000F10000023005405230044050F1000003D
:103568008357040293E707202310F402230004047E
:103578009247B9B7411193F7250031ED81CB371741
:1035880000405C4B93F5D50FF99B5CCB9307800803
:10359800F3B7078093F787083EC00F100000B717EE
:1035A8000040130770052380E704130780FA23807F
:1035B800E7040F10000003C7E70093C5F5FFF98D76
:1035C8002387B700238007048247F3A707800F10DB
:1035D8000000410182807D163336C00089CB371741
:1035E80000405C4B93F5D50F93E717005CCB1307AE
:1035F8008008F337078093F787083EC20F10000052
:10360800B7170040130570052380A704930680FAB6
:103618002380D7040F10000003C8E700B3E50501B5
:1036280093E505042387B700238007049245F3A593
:1036380005800F100000F335078093F585082EC428
:103648000F1000002380A7042380D7040F10000068
:1036580083C5F70093F5C50FA387B7002380070438
:10366800A245F3A505800F10000073370780137774
:1036780087083AC60F1000002380A7042380D704C8
:103688000F10000003C7F700598EA387C7002380D7
:103698000704B2471DBFB71700408847420541815C
:1036A8009377050491EB9377F5013755E8011305F6
:1036B80005803345F50282809377050C13070004D3
:1036C8006397E7009377F50137459C1CCDB72165D3
:1036D800130505D0828037E700E01C435443A183DB
:1036E800E206D58F1CC1FD572320F7182322F718AF
:1036F8000F100000828013178500B7E700E023A0B1
:10370800E710618123A2A7108280B7F700E08847FD
:10371800CC478280814737370040A14663C4C70041
:10372800328582800345B740E38EA6FE3385F500D7
:103738000345050085072304A740CDB797F7FF1F6A
:103748009387C7309C4317170020130767523E958D
:10375800636EE50017370020130747EA6368A70080
:1037680017F7FF1F2324A72E3E858280FD57EDBF44
:10377800411122C406C62A84393F2947B307E50206
:10378800B2408D83B3D7870222449507B3D7E702A7
:1037980037370040C207C1832316F74041018280B2
:1037A800716541111305052006C6D937B7370040A2
:1037B800130770F82381E7400D47A381E7401307FB
:1037C8000004A380E74005472387E740B240410152
:1037D8008280938781889C43411106C622C491C385
:1037E80082979387C1889C4391C382979387818DE1
:1037F80080431745020013056578A285EF30024023
:1038080085671387370013054006634F8702938740
:1038180007C8014563DA8702FD77938747253E94F9
:10382800930740063304F402930780250545335473
:10383800F4021374F40F09C8930730061375F40FD4
:1038480063F4870013053006B240224441018280A8
:1038580003A84500411126C206C622C483471800A2
:1038680003480800A944A207B3E70701C2070D6887
:10387800C187130828906396070385473284EF8031
:103888001073AA8419ED938741889C4399CB03450B
:103898001400034704002205598D1335150005054A
:1038A8008297B240224426859244410182802D4568
:1038B8003DE7D841411122C426C206C683471700F6
:1038C80003470700B684A207D98F0D67930697A10F
:1038D80032846396D702F53D83C741806374F5004F
:1038E8002382A18085472390F40083C74180230069
:1038F800F4000145B24022449244410182801307FA
:1039080087902945E398E7FECC4589472390F40042
:103918000946228597D0FF1FE780204CD9BF8280B7
:1039280083474500858BADC7011122CC2A840355F6
:1039380025009385C1A106CEEF803062058929C58F
:1039480003552400014781460546ED45EF80F01AEE
:103958002AC61DC997F7FF1F938787B983D7A70280
:1039680001462C002314F10085472315F10083C775
:1039780041802300F50003552400EF90F03A09C573
:10398800ED452800EF80302FF240624405618280C7
:103998008280416541119385C1A17D1506C6EFA0BE
:1039A8003028B24097F6FF1F938686B94146954561
:1039B80017F5FF1F1305C5B341016FA0901B23A284
:1039C800A1888280411122C406C685470944631133
:1039D800F5028347060001442380F18803C741802C
:1039E8006378F700170500001305C5F3EFC0F0640E
:1039F8002285B24022444101828085476301F50255
:103A080009C909476302E5020D476306E50209454E
:103A1800828083C741802380F50001458280938797
:103A2800018883C70700C5BF97F7FF1F83D7E7AC97
:103A38002390F500DDB71387818003570700239291
:103A4800E50017F7FF1F1307A7AA8356A702035716
:103A5800A7032383F5002390D5002391E50075BFC4
:103A6800411106C6BD3383C74180637AF5002382BE
:103A7800A180170500001305E5EAEFC0105CB2400D
:103A880001454101828041677917630CE5024111C4
:103A980022C406C685472A84639AF50022852244F3
:103AA800B2409385C1A141016FA0901789476396E1
:103AB800F5008545EFC0F05275D1B240224441016E
:103AC80082808280CC41411106C6328503C615002A
:103AD80083C5050022064D8E42068D6541861388F2
:103AE80075A2630C060F6348C804138845A26306D1
:103AF800060B634AC800938535A26309B60623906E
:103B08000600294679A0138855A26308060B9385F9
:103B180065A2E316B6FEC1451D4663ECE5064546BB
:103B2800198E63F3C7003E862390C60097450200AE
:103B38009385C54689A8138895A26300060F634E2E
:103B4800060B1388A5A2630A060F938505A5E3183B
:103B5800B6FA99451D4663EEE502198E63F3C70070
:103B68003E862390C6009385018131A89D451D4658
:103B780063E1E5022146198E63F3C7003E86239070
:103B8800C60093850189BA9597D0FF1FE780E02486
:103B98000146B240328541018280AD451D46E3EAC7
:103BA800E5FE3146198E63F3C7003E862390C600B2
:103BB8009745020093854542F9B7B1451D46E3EAAA
:103BC800E5FC3546198E63F3C7003E862390C60090
:103BD80097450200938545417DB7C1451D46E3EAF7
:103BE800E5FA4546198E63F3C7003E862390C60062
:103BF800974502009385C53B79B7C1451D46E3EA61
:103C0800E5F84546198E63F3C7003E862390C60043
:103C1800974502009385453EBDB7C1451D46E3EA79
:103C2800E5F64546198E63F3C7003E862390C60025
:103C38009745020093850539B9B7B5451D46E3EAAE
:103C4800E5F43946198E63F3C7003E862390C60013
:103C580097450200938585333DB797F6FF1F9386F6
:103C6800E6A14146CD4517F5FF1F1305258E6FA028
:103C7800407082809387C18A9C4303C7018A83C6A8
:103C8800F18101E781473E85828003D607006316EC
:103C9800A60003C66700E308D6FE7D171377F70F63
:103CA800A107C5B7B2862E86AA8517450200130557
:103CB80065396F20B2740111930500030D4506CED6
:103CC800EF50205E930500051145EF50805D930588
:103CD800C0030545EF50E05C85471306F1008545B4
:103CE80013055030A307F100EFA08104F2400561ED
:103CF80082808547631AF5001166130686A98945EF
:103D080003C5118A6F30A01389476317F5008945E9
:103D180003C5118A6F30403D828085476398F5005E
:103D280019E2238DB1882388C18A82800947639963
:103D3800E50019E6238DF18803D581896F007007A6
:103D480082809387418A9C43011122CC06CE2E841F
:103D580081CB9C4791C78297F2406244056182807B
:103D68006C0013057040EF80E14B32468145228597
:103D7800EF80310DD5B701119397050126CA06CEFC
:103D880022CC4AC84EC652C4C187AE8463D707083E
:103D980003C5118AEF20F0282A8439C90347050092
:103DA8009307000D6313F704834725004547638B8A
:103DB800E7046547639BE7021745020013050525DD
:103DC800EF20D263130954009309B400174A020084
:103DD800130A0A258345090052850509EF20126256
:103DE800E39A29FF2945EF2072652285EF205017B5
:103DF8002165258DF2406244D2444249B249224AA3
:103E080005618280034665008345750017450200F9
:103E180013058521EF20925EC9BF93F7150085C36E
:103E280017F6FF1F1306068797F5FF1F9385C585AD
:103E380003C5118AEF90313C13C5140065BF93F791
:103E480025000145C5DB29391166130686A9894570
:103E580003C5118AEF20B07E13C5240061BF7971B4
:103E680026D24ECE06D622D44AD052CC9147AA8426
:103E7800AE896314F50483D7A5001306E1008545D0
:103E880013055030239CF18823070100238D0188F6
:103E9800EF90116A9387418A9C4391C7DC4781C799
:103EA800CE8526858297B250225423AE9188025936
:103EB8009254F249624A456182801387C189184346
:103EC800E31AF7FC854503D58189753E854503D5F9
:103ED8008189EF00C073C16703DA8189F917631B11
:103EE800FA0205449305E10013055041238D01882A
:103EF800A38F818023070100EF80C1328347E1004F
:103F0800B1E303C7018B9147E316F7F86D332388B4
:103F1800018A49B79387C18A03A9070003C4018AA4
:103F280069D00355290011C99305E100EF80506855
:103F380009C54C455285EFA0A04E7D141374F40FAB
:103F48002109F9BF9387818A9C4383C74700898BDE
:103F5800CDDB9305000A0D45EF50A0349305000A08
:103F68001145EF50003481450545EF508033130665
:103F7800E10085451305503023078100EF90515B20
:103F880049B7011117050000130525DF06CE22CC1D
:103F9800EF3020521384118A85471306F1008545B6
:103FA8002300A40013054041A307F100EF80D110BE
:103FB8007D55EF70D07C7D55EFA060437939D13ABB
:103FC800C12317050000130505D3D53A17050000CE
:103FD800130565CAE12B034504008545EF205046CB
:103FE800F24062440561828023A2B18A23A4A18A97
:103FF800828023A6B18A2380A18A82809387C1897F
:104008009C43797106D622D426D24AD04ECE52CCC1
:104018001147639BE70483C7A189414481CF9387F4
:10402800C18A8043B284B68983C7018A03C7F181F4
:1040380099EB55442285B250225492540259F249C0
:10404800624A4561828083464400639AA60083469B
:1040580054006396B600834664006380E606FD1745
:1040680093F7F70F2104E9B709474144E384E7FCD4
:104078002C001305504123040100EF80A11A834747
:1040880081008DCB930500020D45EF5080219305EB
:1040980000031145EF50E02095450545EF5060209D
:1040A800854730008545130550302304F100EF9013
:1040B800314849B709314144B5BF03552400930538
:1040C8006100EF80F04E35D54C4503D58189EF80EE
:1040D800C068058939DD139904011359090101479D
:1040E80081464A86ED4503D58189035A0400EF804D
:1040F800C0202AC64D441DDD2686CE8523144101E5
:104108002315210197D0FF1FE78020CD01462C0001
:1041180003D58189EF9040412A84E30D05F0ED45F0
:104128002800EF80403539B7C841011122CC06CEAE
:10413800328403461500034505002206498E19CB33
:104148000D681308B8A42D4563090607F2406244B8
:10415800056182800D651308D5A463000603130862
:1041680025A2630C060175781308E85C32984208AA
:1041780013580801854863EE080303D5A50036C621
:1041880032C4CD3CB24615C19387418A9C4322462E
:104198008345550003A30700A2876244F240034504
:1041A8004500368785460561028323900600014550
:1041B80071BF1308B5A46317060303D661821D45B2
:1041C800E376C7F8198E63D3C7003E86CC452390A3
:1041D800C60042064182BA95228597D0FF1FE78024
:1041E800C0BFF1B79307A5A46318F60091472390C1
:1041F800F6001146CC45CDB7930785906317F600B6
:1042080089472390F6000946F5B79307E5A4631A92
:10421800F600DC452390160183C707002300F4004D
:1042280079B713057590E314A6F8D9BF011122CC0C
:1042380006CE26CA4AC82317D1002D4429EBDC41F3
:104248002E89B28403C4170083C7070022045D8C3B
:104258008D679386D7A46306D400938627A3631F2C
:10426800D4020355A900393419E101440DA09387FC
:10427800418A9C43834555000345450003A8070030
:104288002286A6871307E100814602982A842285A0
:10429800F2406244D2444249056182809386C7A4B1
:1042A8006314D4028357E10005473544E391E7FEE0
:1042B8000345060013040008E3EBA7FC9387418A33
:1042C8009C43DC43829755B793862790631AD402A0
:1042D8008356E1008547EF80804D2A844DF9938706
:1042E800C18A8356A9009C4303C7018A3DDF03D6D0
:1042F80027006302D6047D171377F70FA107FDB7D0
:104308009387E7A4E313F4F68357E10005473544A0
:10431800E39FE7F60345060013040008E3E9A7F660
:10432800DC452380A7009387418A9C433335A0004E
:104338000905DC4341BF1387418A184303C5470079
:1043480083C5570083C714000328070003C7040068
:10435800A2078946D98FC207C18705476383E7004B
:104368008D460D66A6871307E1001306269002986E
:1043780039BF411122C441641305F4FF9385C1A3D9
:1043880006C626C24AC0EFA0A0091305F4FF93850C
:10439800C1A297E4FF1F9384A430EFA0600897E6BA
:1043A800FF1F9386E6494146E9452685EF90707CD4
:1043B800CC4C2A890945EFF04FE4138741838346A3
:1043C8000700938701830347170003C61700138468
:1043D800C1A483C50700A306E40083D7A40CA30ED9
:1043E800E40003D7A416A302C400A30AC40003D69A
:1043F800A4132310F400231CE40083D7A40D13870F
:10440800C18203D5A4102318C4000357070003D69C
:10441800A4142311F40085472303F4002306D400D1
:104428002307F4002319C400230ED4002302B40088
:104438002314A400230AB40023150400230B04004A
:10444800231D0400230F04002312E40203D7A41839
:10445800938541A72303F4022310E40223110402E5
:104468000D45EFF08FD9A2851D456136B240224433
:104478004A8592440249410182808D67138527A3AA
:104488006301A6049387D7A40145631EF6008947F4
:10449800639CF500854735456397F6008347070019
:1044A800238BF18A014582808D472945E39DF5FEDE
:1044B80085473545E399F6FE83470700238AF18A45
:1044C800D5B785473545E390F6FE83470700A389AE
:1044D800F18AC9BF8D67138527A36308A60293874E
:1044E800D7A46317F6028947639BF50083C7618BDE
:1044F8002300F70085472390F600014582808D4709
:104508006398F50083C7418BE5B783C7318BCDB777
:1045180023900600DDB70145828025E303A8450006
:10452800AE888347180003480800A207B3E70701CD
:104538000D68930EF8A4639AD70391473548639F93
:10454800F60203A5C8004111B285114606C697D0E8
:10455800FF1FE78080889387418C9C43054582979D
:10456800B240014842854101828093082890294839
:104578006396170185476F8080232D484285828086
:1045880041654111938541A87D1506C6EF90506994
:10459800B24097E6FF1F938666314146994517E575
:1045A800FF1F1305A52A41016F90B05C23A2A18CBF
:1045B80082800111938541A822CC06CE2A84EF80FF
:1045C800C019058929C1014781460546ED4522855F
:1045D800EF70B0522AC605C997E7FF1F93870727D0
:1045E80083D7A70401462C002314F100854723151F
:1045F800F100230005002285EF80107309C5ED4501
:104608002800EF705067F24062440561828041677C
:104618007917630CE502411122C406C685472A842E
:10462800639AF50022852244B240938541A841014E
:104638006F90105F89476396F5008545EFC0601A53
:1046480075D1B240224441018280828011456FE0D9
:10465800AFB3411193962500AA852D4506C697C08C
:10466800FF1FE7806038B240014541018280011197
:1046780022CC06CE3714004026CA4AC84EC652C4B9
:1046880083447405034AB4058349840503499405A2
:10469800EFE04F888347A40593F4F40F137AFA0FD9
:1046A80093E71700230DF40493F9F90F1379F90F21
:1046B800B717004003C7A705058B6DFF03D5C705CE
:1046C800A38D4705238C3705A38C2705A38B970457
:1046D800F2406244D2444249B249224A056182808A
:1046E80041119397050122C406C6C1872E8463DD54
:1046F8000700EF20001319C1EF2080062165218DE6
:10470800B24022444101828093F7150013C5150079
:10471800E5FB93F7250013C52500FDF393972501C5
:1047280063D00702EF304130153737F60200130621
:1047380006E0896503C5C18CEF2060700965C1B7C3
:10474800939715010145E3DD07FA174502001305A4
:10475800259AEF20E25E13060064916503C5C18CBB
:10476800EF20E06D116561BF2D71232A9110FD7452
:10477800E98C232C811023282111232631112A8426
:10478800AE893289930600100A86A6852D45232E08
:10479800111097C0FF1FE780202513154401518190
:1047A8000A0513962900CA850A9597C0FF1FE78056
:1047B800C062A68585660146254597C0FF1FE7802C
:1047C800A0220A86A68593060010294597C0FF1FD8
:1047D800E78080218320C1110324811183244111A2
:1047E800032901118329C11015618280B7F70700D9
:1047F80003C70701411106C622C426C24AC0A547FD
:10480800631AF7009537B2402244924402490145A1
:104818004101828013942500AA843289A286AA8540
:104828000146254597C0FF1FE780001CA2864A86DF
:10483800A685294597C0FF1FE780001BE9B71D71B2
:1048480049469745020093852586174502001305BA
:10485800A56E86CE97C0FF1FE780606501E9174502
:1048680002001305A585EF20A24D01A0B7F600E0D0
:10487800795798CAFD57DCCA0567B7E700E023A057
:10488800E7101306F00290C223A0E7180F100000EB
:1048980017D7FF1F1307C7B123A4E18C4157A38A79
:1048A800E740130600048145080897C0FF1FE7800A
:1048B800E05997E7FF1F9387A7433EC88967938707
:1048C8000780231AF1009D673ECCB707010593873F
:1048D80007103ECEED472310F10285472301F10270
:1048E80097070000938727D7BEC2970700009387D2
:1048F80027F0BEC48567938757D12312F10297F733
:10490800FFFF9387C7E03ED8B7F507009707000079
:10491800938727D63EDC814697070000938747D3C5
:104928003000E10519453EDE97C0FF1FE780C00B48
:1049380018088147994630003E96034606008507C9
:104948000507A30BC700E398D7FEC24791C70357D3
:10495800410185676373F70001A08307410263D7AC
:10496800070493078008F3B7078093F787083EC4C6
:104978000F100000B7170040130770052380E704E5
:10498800130780FA2380E7040F100000B847B70622
:10499800100013670718B8C79853558F98D323800A
:1049A8000704A247F3A707800F1000000808EF20AC
:1049B8001034AA8501C91735020013056571EF2067
:1049C800E22301A0F640256182804111170500000D
:1049D800130545D106C622C4EF20B02D1384C18C1F
:1049E8002300A4001928034504002244B2401306FA
:1049F8000032896541016F208044797106D613071A
:104A08008008F337078093F787083EC20F1000002D
:104A1800B7170040930570052380B704130680FA82
:104A28002380C7040F10000083C6F70293F6A60F71
:104A3800A387D702238007049246F3A606800F10A7
:104A4800000073370780137787083AC40F100000F7
:104A58002380B7042380C7040F10000003C7F702A0
:104A680013672700A387E70223800704A247F3A759
:104A780007800F1000000545EFD03FCFC13E8147AA
:104A880001478146054685451305407EEFD0DFD2B4
:104A980068005146814597C0FF1FE780203BB70754
:104AA800C0A83EC8B787E803938707D03ECA680006
:104AB80097C7FF1F938727E23EC6EF205057B25093
:104AC800456182804111AA854146138541A906C6E0
:104AD800EF206207B2404101828001478147C14609
:104AE8003306E500034606000507B29793F7F70F6C
:104AF800E318D7FE0347050101456316F7009387BE
:104B080017F03335F0008280011122CC2A84280066
:104B180006CE02C402C6EFE04FF13C00A28613089D
:104B28000401A54503C7070013564700130576037C
:104B38003D8B63E4C500130506032380A600130616
:104B4800770363E4E50013060703A380C60089061C
:104B58008507E39906FD23080400F24062440561D5
:104B68008280B717004003A5470A83A7470A318107
:104B7800134515001397270105896344070013653A
:104B88002500B717004083A7470A13971701634406
:104B980007001365450082809D4763F3A700014520
:104BA80091C913171500938741A9BA9783C70700BE
:104BB8002380F50009CA938741A906053E958347D6
:104BC80015002300F60082801D7186CEA2CCA6CAED
:104BD800CAC8CEC663080512814701444147B306D7
:104BE800F50083C60600850736941374F40FE3981E
:104BF800E7FEAA8541464800EF10F2741735020017
:104C08001305454F230A8100173902001309C94FBC
:104C1800EF10D27E0144C5445C00A29783C507000B
:104C28004A850504EF10927DE31894FE2945EF208C
:104C3800E200856601468145254597C0FF1FE7804C
:104C4800A0DA9377F50FE9C3BE851735020013057F
:104C5800254CEF10B27A173502001305255EEF20B8
:104C6800220E173502001305656DA93D17350200A0
:104C780013050560EF20C20C814701441736020076
:104C88001306C66B4147B306F60083C606008507C0
:104C980036941374F40FE398E7FE41469735020003
:104CA8009385C5696810EF10126A1735020013055D
:104CB800255E230E8102173902001309E944EF101B
:104CC800F2730144C5447C10A29783C507004A8546
:104CD8000504EF10B272E31894FE2945EF1012761E
:104CE800856601468145254597C0FF1FE780C0CFEF
:104CF8001375F50F6308050E173502001305855B5C
:104D0800EF2002040544F9A0C54650008145294515
:104D180097C0FF1FE78040CD1374F50F19C4A28513
:104D280017350200130505412DB717350200130585
:104D3800A542EF20E200C546300881452D4597C0C1
:104D4800FF1FE78060CA173502001305A542EF1060
:104D5800F26A8144973902009389093B45493C0826
:104D6800A69783C507004E858504EF103269E3983E
:104D780024FF2945EF10926C8145C54758002E97AE
:104D88000346070038082E97834607006309D600B4
:104D9800173502001305853FEF1052666DBD850576
:104DA800E39EF5FC2808153B01E9173502001305B9
:104DB800E541EF10F27845B5173502001305C543F4
:104DC800EF1012782808FD39173502001305C5447D
:104DD800EF1012772285F6406644D6444649B64914
:104DE80025618280C54670108145294597C0FF1FFF
:104DF800E78080BF1375F50F11C51735020013053D
:104E0800654EFDBD173502001305C550D5BD797136
:104E1800C546700081452D4506D622D426D24AD0F3
:104E280097C0FF1FE78040BC1735020013050552E5
:104E3800EF10D25C0144173902001309E92CC5446C
:104E48007C00A29783C507004A850504EF10125B12
:104E5800E31894FE2945EF10725E6800BD3919CD3C
:104E68001735020013054550EF10926D6800993907
:104E7800B25022549254025945618280173502007B
:104E880013050551EF10D26B173502001305054BBA
:104E98001539138541A90D3BE1BF82803D897D15F8
:104EA800954763EDA714173702001307A7500A05A3
:104EB8003A951C41011106CEBA9782872C0013053A
:104EC8004030EF8031532C000545EF60C052173554
:104ED800020013052573EF10B26611A803C7250059
:104EE8008D47173502001305E572E306F7FEF24019
:104EF8000561828003C725009547E31AF7FE83D72B
:104F0800A5000D6613060620914503C5A1842394C8
:104F1800F184EF10D072173502001305A570EF1059
:104F28003262371700402383018E8327870C93E76B
:104F380007012324F70C23A6018E23A0018E45BF69
:104F480003C725008D47E314F7FA17350200130548
:104F5800256E51B783C72500114717350200130581
:104F6800A56E6381E70819476397E70683C565005F
:104F7800173502001305056FEF1052488547238344
:104F8800F18E371700408327C70C1306803EC145B2
:104F980093E707012326F70C03C5A184EF10306AB5
:104FA800F9571306803E9305000403C5A184239492
:104FB800F18423A6018E23A0018E2385018EEF1094
:104FC8001068854730008545130550302304F100EB
:104FD800EF80115629BF1547E395E7FE1735020004
:104FE8001305056AEF10D255E9BF83C525001735AB
:104FF80002001305656AEF107240D5BD8280411129
:1050080006C6EFD06FF483D7818EAA97C207C187EF
:10501800AA8563DD0706239A018C85679386870630
:1050280003D6418DB306D602FD171307C00DB3C6CC
:10503800F60293077013938666BEB387F60233C7EA
:10504800E70223ACE18C37C70B001307F7FC634872
:10505800F704371700408327870C93E707082324B2
:10506800F70C9387818D9C439308803E33E71603A2
:10507800B2401735020013056535410133E81703BF
:10508800B3C61603B3C717036F105237056763D546
:10509800E700239AF18C51B78567FD17DDBF3717F5
:1050A80000408327C70C93E707082326F70C55BF52
:1050B800011106CE02C402C601CD2305A1003400A9
:1050C800214685450145EFE07FF3F2400561828086
:1050D800340021468545C5BF411106C622C43A8819
:1050E8003E8795EA32830D661306D6A42A8EAE88CB
:1050F800834608006319C30089476396F50085470E
:105108003544639EF6022244B2401A86C6857285EB
:1051180041016FF08FB685476398F6002244B2408C
:10512800C28641016FF00FBB894701446399F600BD
:105138001306401F894503C5A184EF1050502285EE
:10514800B24022444101828079719397050122D4AB
:1051580006D626D24AD04ECE52CC56CA5AC8C18795
:105168002E8463D6070203C5A184EF10806B19C192
:10517800EF10005FA164A18CB25022542685025919
:105188009254F249624AD24A424B4561828093F76F
:10519800150093C41500EDF393F7450099CF83C725
:1051A800A1841307401F81462146A14503D5818468
:1051B800EF80C17F93444400C1B793F785009DC336
:1051C800014789460946814503D58184EF803168C6
:1051D800AA85173502001305A531EF103222934432
:1051E800840059BF93F70501A9C383C7618E85C79A
:1051F800B717004003A7470C418B0DC303A7C70C83
:105208001367070123A6E70C1306803EC14503C5B3
:10521800A184EF10D04293440401B9BF03A7870CBF
:105228001367070123A4E70CC5B793F70502638A40
:10523800070CB717004083A9470A83A4470AA16748
:1052480093F90902FD8CEFF0DF9183C7B18413BA9B
:10525800190093BA14002A89638BA700AA85173509
:1052680002001305652AEF107219A385218513061C
:10527800F1009305E1004A85EFF01F92639509025A
:1052880083C7518E99EF0345E1001D350346E100C0
:10529800CA85173502001305A528EF10321623A07A
:1052A800018E99C01DA885E483C7418E99EF0345F7
:1052B800F100FD3B0346F100CA85173502001305CE
:1052C800E527EF10B21323A0018E638D090083C771
:1052D800518E99C30145E93B91C483C7418E99C357
:1052E8000145F933130620039305000203C5A18481
:1052F800A382418F2382518F93440402EF103034EC
:10530800A5BD93F705046384071C9387C18E9C434E
:1053180093C40504850723A6F18E1387018E1843CD
:10532800050723A0E18E83C6C18D91CA1306803E6E
:105338009305000403C5A184EF10703035BDC16624
:1053480003D68184F9166317D61A1307B012E37FC0
:10535800F7FC83C7A18EF9FB054A17350200130530
:10536800E5222385418FEF10B21DC14503C5A184F5
:105378002383018EEF1050579305000203C5A184C3
:10538800EF1090569305000403C5A184EF10D05583
:105398009305000803C5A184EF101055A169138572
:1053A80009028545EFD01FEE13850902B7EA00E030
:1053B800370B020089456179EFE08F81371400408F
:1053C80023A06A1113090902231E24098327C40C88
:1053D8000146C14593E707012326F40C8327C40C33
:1053E800054593E707082326F40CEFE0AF988355AB
:1053F8000409173502001305E51AEF10320083453A
:10540800E400173502001305651BEF10227F835552
:105418000402173502001305E51BEF10227E4945EB
:1054280097B0FF1FE780C0DE173502001305C51BC4
:10543800EF101211231E240923A06A190F1000006F
:105448008D454145EFD07FEE8D4513050008EFD01F
:10545800DFED854513850902EFD0DFE285451D653F
:10546800EFD05FE22383418F8327C40C1306803E6D
:10547800C14593E707012326F40C03C5A184EF1067
:10548800101C130620039305000203C5A184EF1026
:10549800101B3D66130606A69305000803C5A184E4
:1054A800EF10F0191306803E9305000403C5A1848C
:1054B80023A6018E23A0018E2385018EEF103018BC
:1054C8002385018E23A6018E23A0018E85B593F72F
:1054D80005088144E38207CAEFF07FB23D661306F0
:1054E80006A69305000803C5A184EF105015934440
:1054F800040859B193077070E3FAE7E283C7A18EF5
:10550800E39607E293058070173502001305C5047A
:10551800EF10C26E91B5357117050000130505C36C
:1055280006CF22CD26CB4AC94EC752C556C35AC14B
:10553800DEDEE2DCE6DAEED6EAD8EF1090772385F5
:10554800A184281802DC02DE82C082C2230401047E
:10555800EFF08FDB83465104034641049645034729
:1055680061048347710417D5FF1F2321B53897D5E8
:10557800FF1F2388C53417D6FF1FA304D63405445C
:10558800301885451305503097D6FF1F238CE63217
:10559800230C810217D7FF1FA306F732EF8041794A
:1055A800138681839D4513056030EF80617817D697
:1055B800FF1F1306E632FD4513057030EF80417773
:1055C80017D6FF1F1306462FD5450145EF60D009B2
:1055D8008D473018914513057040A307F100A306C5
:1055E80081002308810002DC23070100EF70C12C31
:1055F8001306D100854513050040EF70E12B130613
:10560800E100854513051040EF70012B1306F100EA
:10561800854513052040EF70212A1008854513059C
:105628005040EF706129B707090099073EDCB707BA
:105638002C01D1073018A14511453EDEEF60D0029C
:105648009947301885450545230CF102EFE08FB7DF
:10565800EFE03FD297D5FF1F9385852713850184F7
:10566800EFE09F98854503C5A18437190040EF10E6
:10567800205D2383818E8327C90C1306803EC14594
:1056880093E707012326F90C03C5A184EF10207BBB
:10569800130620039305000203C5A184EF10207AA6
:1056A8001306803E9305000403C5A18423A6018E3A
:1056B800EF10E07817350200130545D5EF10426862
:1056C8008145130500048344890503449905EFD0F7
:1056D800DFC585450145EFD02F8083479905056AC9
:1056E800056B93F7F70C93E70701A30CF904B76A66
:1056F8000300A547230CF90493F4F40F1374F40F73
:105708009309010113098103814D938B818E7D1BC0
:10571800130C8A06930CFAFF938A0AB6EFD0CF824D
:1057280083D70B002A86AA97BE86C207C18763C3A0
:105738004701DA869397060163D307008146C206BC
:10574800C186B3868603930770131308C00D9305AB
:10575800803E138D1D0017350200130565CEB3C6B4
:105768009603938666BEB387F60223A0D90033C892
:10577800070333E7B60223200901B3C75703336889
:10578800B802B3C6B602EA85EF104247A547638858
:10579800FD001305400697B0FF1FE780600CA9477E
:1057A80091091109EA8DE31BFDF62547814735A0CC
:1057B800139627009410850736968810939627002D
:1057C800AA96832506FB03A506FB6356B500232886
:1057D800A6FA23A8B6FA93F7F70FE3CBE7FC7D17F1
:1057E80071F72547814735A0139627009410850740
:1057F8003696881093962700AA96832586FD03A5DA
:1058080086FD6356B500232CA6FC23ACB6FC93F7A3
:10581800F70FE3CBE7FC7D1771F7A14781460145F8
:105828001307000210083E961042329530183E9633
:1058380010429107B296E397E7FE85671947938769
:1058480057773348E50233C7E60263D5D700854763
:10585800238EF18C85651306803E9385057737196D
:10586800004083C7C18D3367C702B3C6B60233662B
:10587800C802B345B502173502001305A5BFEF10DE
:10588800E237230C9904A30C8904834799058545BD
:105898001305000493F7F70C93E70701A30CF90429
:1058A800EFD0BFA881454145EFD0DF9D8545014533
:1058B800EFC09FE28347990593E71700A30CF9040B
:1058C8008347990593F7F70C93E70701A30CF904AD
:1058D800230C0904EFC03FD7AA852394A18E17355E
:1058E80002001305A5BDEF106231EFF04FF13D66E0
:1058F800130606A69305000803C5A184EF102054DB
:10590800FA406A44DA444A49BA492A4A9A4A0A4B46
:10591800F65B665CD65C465DB65D0D6182805D7146
:10592800054586C6A2C4A6C2CAC04EDE52DC56DAF7
:105938005AD8EFD01FB21305800497B0FF1FE78035
:10594800C0C7371400408327840A8D4513050020FB
:1059580093E707202324F40AEFD0DF92EFD05FE427
:1059680017360200130646D497350200938585D46E
:10597800173502001305C5D4EF104228EFF02FC9E0
:10598800680802CE02D002D202D423060102EFF048
:10599800AF976C0817350200130585D5EF1002265E
:1059A8001305800497B0FF1FE78020C1EF00305235
:1059B80005651305853897B0FF1FE78060EA09265B
:1059C800630B050A17350200130505D4EF1042379B
:1059D8002165854513050502EFD0DF8A85451D65DC
:1059E800EFD05F8A9384018FB5221309301FB789DE
:1059F8000040173A0200130AAAD2973A0200938A83
:105A08002AD5054BAD229C408507636BF90223A874
:105A1800F18E7D2421C9238A618F5D2439E5EF0049
:105A2800105021E55685EF10A2311305400697B0B6
:105A3800FF1FE780E0E297B0FF1FE78000D435A0A2
:105A480023A8018E03C43900A52C2AC6EF00304DC7
:105A580032461374F40FAA869375F4075285EF1033
:105A6800E21945BF83C7418FCDFB294597B0FF1F7A
:105A7800E78000DF41BF17350200130565D0EF103E
:105A8800222C378700408347070093F7F70D230040
:105A9800F7008357A401C207C18393F7F7F3C2073E
:105AA800C183231DF4008347170093F7E70FA30072
:105AB800F700B7E700E03707400023A0E7180F100A
:105AC8000000EFE0DFD7EFE05FF0EF808158EFE014
:105AD8004FCB2165854513050502EFD0AFFA854503
:105AE8001D65EFD02FFA8D4513050008EFD0FF8311
:105AF8008327C40C8D45414593E707082326F40CFA
:105B0800EFD0BF828327C40C93E707012326F40C48
:105B1800EFF07FA097B0FF1FE780E0DF1DC99387F4
:105B2800818F1387E18FBE863E8683C526006382F8
:105B3800A5028506E39BE6FE0147994683C5270033
:105B480089E532972301A700828005078507E317B7
:105B5800D7FE82809387818F23A0070023A20700A6
:105B68009387019023A0070023A2070082800111D8
:105B780006CE22CCEFE0FFFE1306F1009305E1000C
:105B8800EFF08F81B717004003A7470A1347F7FFC5
:105B980093770702B337F00092079316070113E4CF
:105BA800070263C306003E8423AC018E23AE018E38
:105BB80081C70345E1009D371374040201C40345FE
:105BC800F100A93F1384818F214693850190228596
:105BD800EF00127521CD1C4083C8F18F03C8E18FF7
:105BE80023A0F1905C4083C6B18F03C6A18F23A286
:105BF800F19003C7C18F83C7D18F83C5918F03C528
:105C0800818FE92883C8F18F03C8E18F83C7D18FBB
:105C180003C7C18F83C6B18F03C6A18F83C5818F88
:105C280017350200130585B8EF00527DF240624433
:105C38000561828023840192238A0192A3880192BC
:105C48008547A389F1922388019223890192239B96
:105C5800019223A60192238C0192A38001922380B2
:105C68000192B7870040A3810700238007020947F4
:105C78002381E702238207022383E702828017F742
:105C8800FF1F1307E7AC89471306000483060500C6
:105C980081C60907639DC70017F7FF1F230AF7AAE4
:105CA8000D4797F6FF1FA385E6AA3E8582808907E0
:105CB80005052300D70093F7F70FA3000700F9B7EE
:105CC80003C581928280B78700402382A70203C759
:105CD80067021377C70F2383E702828003C3819289
:105CE800630C0308011106CE03C301936303030485
:105CF8000943A302A1002303B100A303C1004C0080
:105D0800254617F5FF1F1305E5A3A304E1002305A6
:105D1800F100230261002304D100A3050101230639
:105D28001101EF005262A5472389F192F240056103
:105D380082801383419103230300094EA302A1002B
:105D48002303B100A303C1004C0025461305030437
:105D5800A304E1002305F1002302C1012304D100BB
:105D6800A305010123061101EF00F25D2545A13FBE
:105D780085472388F1925DBF8280938781909C43F9
:105D8800397122DC06DE26DA4AD84ED652D4378458
:105D9800004085078345640023A4F190034634003E
:105DA80083C6819217350200130545A91376F607B5
:105DB800EF00D2648347640093F7F70F13F72700C7
:105DC800E3080704834774001307000393F70703E6
:105DD8006381E724834774001307000293F7F703EE
:105DE8006385E71C13071002638FE732639E072061
:105DF8008346840003C6C19083C5419317350200CA
:105E08001305C5A6EF00925F8347840093F7F70F49
:105E18009DCF8345840017350200130565A9014409
:105E2800EF00D25D37890040930400049389019103
:105E3800172A0200130A4A2D834789001377F40FA3
:105E48006374F700631094262945EF00325F83C717
:105E58008193638A072A03C6019283C51192173575
:105E68000200130565A6EF00725983C511928D478C
:105E780003C601926392F5288547631FF626B78704
:105E8800004003C48700173502001305A5A6EF00DC
:105E9800326B1374F40FA28517350200130545A859
:105EA800EF00D255A28517350200130565A9EF004A
:105EB800F2548144794993890191172A0200130AFF
:105EC800AA2493F7F40F63F487006397241F2945E6
:105ED800EF00D256C9476319F4201735020013059D
:105EE800A5A7EF00F265138401911C401735020045
:105EF8001305C5A7054983C507008144173A020061
:105F0800130A4AA8EF00924FA1491C40A685528562
:105F1800CA9783C6170003C6070085040909EF005E
:105F2800F24DE39434FF1C40173502001305C5A752
:105F380083C51701EF00924C1840854701448344FC
:105F4800170113091700C5463306F7000346060074
:105F5800850732941374F40FE398D7FEA28517359A
:105F680002001305A5A5EF0072496396841617353C
:105F78000200130565A6EF00B25C4A85EFE0DFC4B6
:105F88006316051417350200130545A7EF00525B89
:105F980017350200130505AFEF00925A238C0192C2
:105FA800A38001922380019285A083C7419315475E
:105FB8006388E70C19476394E70E83D461939307CA
:105FC800F00363EC970A01449DC013F4F40F938720
:105FD800C19203A90700630C0900938701918843C4
:105FE800CA8522862299EF00123623A62193818C36
:105FF800239B9192B78700402380870203C727021B
:10600800134707042381E702B78700400947238322
:10601800E7003787004083477700E207E18763D1CD
:106028000742930720FC2301F702138401911C40C7
:1060380083C6770003C7670083C40700A206D98E0A
:10604800239BD19203C7170093F50406238AE19294
:106058002386E190130600026392C52C7D171377FF
:10606800F70F29466363E63C1726020013064677B6
:106078000A0732971843329702871304000481BF36
:106088000347340083C7619393F7F707137707082B
:10609800D98FA301F40089472301F402B5B723007F
:1060A8000402D5BF83A709005285A29783C50700BC
:1060B8000504EF00B23449B383A709005285A697B7
:1060C80083C507008504EF007233E5BB173502006E
:1060D8001305C59365BD2286A685173502001305ED
:1060E8002594EF00B2316DB5A2851735020013056E
:1060F800A596EF00B23069BD173502001305459B20
:10610800EF00D22F61BD03C7419385476306F700AF
:1061180003C7C190E31AF7EE173502001305059D72
:10612800EF001242D5B58347640293C707042303DF
:10613800F4028347640293F7C70F93E7270023030A
:10614800F4022388019283C78192E38F07EA938739
:10615800019383C7070093F7F70FE39707EA83C70D
:10616800219313842193E38107EA9387419188431C
:106178000346040097E5FF1F9385C55C13050504D6
:10618800EF00721C03450400EFF0FFB38547238836
:10619800F192238901928DBD03C9370003C72700F7
:1061A800173502001305859722093369E9009359C9
:1061B80089001379F90F4A86CE85EF0032248D477E
:1061C8006398F90885476315F908C5467000814545
:1061D8002D4597B0FF1FE78020811C4045466C0085
:1061E800238027010840972902009389E9F1014497
:1061F8000505EF0052151735020013052594EF0029
:10620800F21F45497C00A29783C507004E85050407
:10621800EF00D21EE31824FF2945EF00322217357C
:10622800020013052593EF00B23160000149172AD7
:106238000200130A2A75A149834614000346040084
:10624800CA8552850509EF00721B0904E31639FF58
:10625800E204E184814663D2040283D76193930602
:1062680000043E8763F4F6001307000442074183E5
:10627800998F9376F70F239BF192B787004023807D
:10628800D702130700FC75A203C4370003C7270011
:10629800173502001305858D2204598C1359840083
:1062A8001374F40F2286CA85EF00521585471735F7
:1062B80002001305A58E238CF192A38021932380DD
:1062C8008192EF00F2279387419383C707002386C3
:1062D800F190130720FCB78700402381E7028DBFA8
:1062E80083C53700173502001305058EA388B192C0
:1062F800EF00D210B1BF83C5270017350200130580
:10630800258EA389B192EDB7138711930347070030
:106318002380E70035BF13873193CDBF2D466366D1
:10632800E610172602001306664E0A07329718432E
:106338003297028703C7370083C627000D46220716
:10634800558F935687006381C616636CD6008547C0
:10635800638EF6028947638FF6121309F00F014521
:1063680049A0130710026385E61E13072002E3966F
:10637800E6FE83C74700F5F3973702009387079334
:1063880023A6F192014913056004A1A8B7071001DB
:106398009387271117E7FF1F232CF714B70700402F
:1063A80017E7FF1F2328F714C5679387972017E778
:1063B800FF1F2323F714B70701029387071017E776
:1063C800FF1F232DF7129307301017E7FF1F23191C
:1063D800F71297E7FF1F9387A71123A6F1920149A8
:1063E80049454205418183D761936374F500239B36
:1063F800A19283D961939307F00363EA3717638205
:10640800090293F9F90F9387C19203AA0700630A57
:106418000A0008404E86D285D299EF00C27223A6A0
:1064280031939307F00FE315F9E2B787004013079C
:10643800F0FC2381E702B787004009472383E70080
:1064480083C72192A1C383C781928DCFB7870040AC
:1064580083C7370093F7F70785E7938741928C4303
:10646800850523A2B192A54763FEB7001725020050
:106478001305C57EEF00827823840192238101925F
:1064880023A20192F2506254D2544259B259225A6C
:1064980021618280972702009387077F23A6F192C4
:1064A80001491305200235BF9377F70F0547638E1F
:1064B800E706BDC309476388E708E390D7EAB7F55D
:1064C80007008146E1055000194597A0FF1FE780A6
:1064D800A051780081463A85A54599485C00B69751
:1064E80083C7070013D647001308760363E4C50083
:1064F80013080603BD8B230007011386770363E4A3
:10650800F50013860703A300C70085060907E3976C
:1065180016FD230C010031A897370200938707FE68
:1065280023A6F192014911456DBD172502001305F7
:10653800A56CEFF0CFF497E7FF1F9387672123A699
:10654800F192014979BD172502001305A56BD5B74E
:1065580003C947006305090023A60192FDBB9727DD
:1065680002009387877323A6F19225459DBD930961
:10657800000451BD83C7270093F7F707239BF192C7
:10658800C1B913878192034707002380E700854735
:10659800E3F0D7CC8547DDB783C527001725020070
:1065A800130505672384B192EF004265854723816F
:1065B800F19223A2019269B913F7F4018946E3160F
:1065C800D7E683C7470005476381E702130710082A
:1065D800E39DE7E4378700408347670293F7C70BDB
:1065E80093E727002303F702A5B1378700408347C5
:1065F800670293F73707FDB72380070049BF238059
:1066080007001C40A38007008947E3F3D7C4BDB740
:1066180013F7170019CFEFF0EFE117250200130564
:10662800256023810192EF00A27185472303F400BE
:1066380001BD13F747007DDB172502001305455FF1
:10664800EF00027023810192238401929147F9BFE0
:10665800B7870040238007001307C0FC2386E700A4
:10666800A386E70003D701912398E70003D7419158
:10667800239AE70003D78191239CE70003D7C191B0
:10668800239EE70089462381D70249472383E702EF
:106698002385E7022387E7022389D702A38107001E
:1066A800130790022380E700B716004003D7A6011E
:1066B8001367070C239DE6007D572383E700130724
:1066C80010F8A380E7001D472381E700828097E741
:1066D800FF1F938727E323A8F19097E7FF1F93876E
:1066E80067EE23AAF19097E7FF1F9387A7F541115B
:1066F80023ACF19097E7FF1F9387C7FC06C623AE2C
:10670800F190B937EFF00FD3B7E700E03707400053
:10671800B24023A0E72823A0E7104101828003C5E7
:106728002192828023AC05FE1C4191E70100010003
:106738000CC18280BA8703A787FF6DFF23ACB7FE21
:106748008280184183A785FF6319B7001CC1FD57D4
:1067580023AC05FE238FF5FE8280232CF6FEC5BFF1
:10676800411122C437E400E026C204403707200064
:1067780006C6F98C2320E4180F10000009E923202D
:1067880094101545B2402244924441018280034747
:10679800E5FF9307F00F6306F700232094101145D7
:1067A800D5B797B0FF1FE780202601452320941016
:1067B800D1BF411126C2B7E400E04AC003A90400D2
:1067C800B707200006C622C43379F90023A0F418BD
:1067D8000F10000009E923A02411B240224492447A
:1067E8000249410182809565938505D0C98D2A8427
:1067F8002105C2054205C181418197B0FF1FE7808D
:10680800801101CDFD5723200500231285002303A5
:10681800F50023A024112105C9B723A0241101459F
:106828006DBF0111B7E700E04AC803A907004EC6CB
:106838003707200006CE22CC26CAAA893379E90078
:1068480023A0E7180F10000097E7FF1F938707F9A9
:1068580080438144014619E499E8A1654E85EF001B
:10686800B00805A08347E4FF6399370385CCA68564
:1068780017E5FF1F130585F6E93565D0A1654E8537
:10688800C126F2406244B7E700E023A0271126851D
:106898004249D244B2490561828091E022860324AC
:1068A80084FF55BFA284E5BF41114AC037E900E023
:1068B80022C4032409003707200006C626C2798CA3
:1068C8002320E9180F10000089E5232089101545B9
:1068D80015A0AA8497E7FF1F83C797F02E8563F555
:1068E800F400894763EE9700A53DB7E700E023A0D1
:1068F80087100D45B24022449244024941018280EA
:1069080083A785FF99E703C7E5FF9307F00F63089F
:10691800F700B935B7E700E023A087104DBF238FF4
:1069280095FE17E5FF1F130565EBED3BA165268571
:10693800012E01452320891075BF97E7FF1F23AF5C
:1069480007E8828097E7FF1F9387C7EE9C4399E388
:106958003E85828003D727006316B70003C7070068
:10696800E308A7FEDC47E5B7A5C1011106CE22CC96
:1069780026CA8147C14633D7F540058B29C312057E
:106988003E9531473305E50217E7FF1F1307C7EEAA
:10699800044305443314F4002EC642044180AA94EB
:1069A8009C40C8408297B24523A0040023A204005B
:1069B800A18DF2406244D2442E850561828085070C
:1069C800E39BD7FA0144EDB72E858280C9C179715E
:1069D80022D406D626D24AD04ECE01444147B3D758
:1069E8008540858BA5C31205314722953305E502FD
:1069F80097E7FF1F938747E803A907008544B394E7
:106A08008400C204C180BE892A990327090011C7DE
:106A1800032549002EC60297B24531473304E402E4
:106A280083A709003E941C4489E7232009002322F8
:106A38000900B2502254A58D02599254F2492E856C
:106A4800456182800504E31CE4F88144DDB72E85A6
:106A580082804111B7E700E022C480433707200055
:106A680006C626C2798C23A0E7180F10000097E706
:106A7800FF1F938767DC9C539384C18499C78297CF
:106A88009C403E9523A6A18439A097E7FF1F9387D2
:106A9800E7D99C43EDF78840B74703009387D73F72
:106AA8003305F502B7A72600938737ECB240924426
:106AB8003E9523A6A184B7E700E023A087102244CF
:106AC800410182800111B7E700E022CC80434AC827
:106AD8003707200006CE26CA2A892E86798C23A05D
:106AE800E7180F100000131506019305F004418103
:106AF80032C697B0FF1FE78000E2AA8419C5324664
:106B0800CA8597A0FF1FE780402DB7E700E023A0C4
:106B18008710F240624426854249D244056182804A
:106B28007971B7E700E022D480433708200006D601
:106B380026D24AD04ECE52CC56CA5AC85EC662C475
:106B48003374040123A007190F10000005E123A0E6
:106B580087100945B250225492540259F249624AA8
:106B6800D24A424BB24B224C4561828097E7FF1FC5
:106B78009387C7CB9C43BA8A368AB28B2E8BAA8955
:106B8800829797E7FF1F938727CF98433E898144D1
:106B9800B146C147338CD40233068701104241EA1B
:106BA800C165938505F0414597B0FF1FE780A0D6E2
:106BB80005E197E7FF1F938727C89C5B81C781453D
:106BC80011458297B7E700E023A087102D4559B7F4
:106BD80097E7FF1F938707C6984331E797E7FF1F9B
:106BE80023AAA7C4230005008327090005473317F4
:106BF800970023260500232475012311E50023228D
:106C08005501E29723A0370123A2670123A4570166
:106C180063040A0023009A00B7E700E023A0871066
:106C280001450DBF3E875C47F5FF48C765BF850432
:106C3800E392F4F6B7E700E023A08710214519BFD7
:106C4800B7E700E09843B706200023A0D718758F50
:106C58000F10000097E6FF1F83C696B86373D5022E
:106C680017E6FF1F1306C6BC931615000842369593
:106C780083560500D58D2310B50023A0E7100145E4
:106C8800828023A0E7100D458280B7E700E0984393
:106C9800B706200023A0D718758F0F10000097E6BD
:106CA800FF1F83C6F6B36375D50217E6FF1F1306E9
:106CB80026B893161500084293C5F5FF36958356F6
:106CC8000500F58D2310B50023A0E710014582804B
:106CD80023A0E7100D458280011137E700E026CA9E
:106CE8000443B706200006CE22CC4AC84EC652C47A
:106CF800F58C2320D7180F100000130705FF137712
:106D0800F70FFD4763E6E70AB146B306D50297E7F2
:106D1800FF1F938767B6984336971C43D1CB135A06
:106D2800450005443D893315A4001314050141802D
:106D38002E895285A285EFF0FFC0AA8929CDA285A8
:106D48005285A13797E7FF1F938747AE9C438297E9
:106D580097E7FF1F83D787B3338727032A848146A2
:106D680013060064B3B7270313050732B335E500EC
:106D7800BE95EFF07121B307850097E6FF1F938654
:106D880066B03E87D44263E4A70063E4D700338744
:106D9800D74023A4E900B7E700E023A097100145F6
:106DA800F2406244D2444249B249224A0561828093
:106DB800B7E700E023A097100945DDB70111B7E751
:106DC80000E026CA84433707200006CE22CC4AC8F2
:106DD8004EC6F98C23A0E7180F100000BD4763EAE0
:106DE800A70431473307E50297E7FF1F9387C7A832
:106DF8009C43BA979C4395CF05443314A40042049E
:106E080041802E890145A285EFF0DFB3AA8911C51B
:106E1800A28501459D3D23A42901B7E700E023A0F1
:106E280097100145F2406244D2444249B249056193
:106E38008280B7E700E023A097100945E5B779718C
:106E48004AD037E900E026D283240900B70720009A
:106E580006D622D44ECE52CC56CA5AC85EC6FD8C2F
:106E68002320F9180F10000097E7FF1F83C75797D3
:106E7800637AF50097E7FF1F9387479B83AB07006B
:106E880063970B00B7E700E023A09710A9A017EBC2
:106E9800FF1F130B2B9F832A4B00B74736FE9387A0
:106EA80007C82E8A97E5FF1F83D5459EBE9AB387EC
:106EB800C5022A84B2898146B3B5C5021385073253
:106EC800B337F50013060064BE95EFF0F10B63F0DD
:106ED800AA02232099100145B25022549254025913
:106EE800F249624AD24A424BB24B45618280829B48
:106EF80097E5FF1F83D58599B38735032A8913063C
:106F080000648146B3B5350313850732B337F500FE
:106F1800BE95EFF07107B30725013E8903274B00A3
:106F280063E4A70063E4E7003389E740D28522855C
:106F3800EFF05FA109C923242501B7E700E023A0EA
:106F48009710054551BF936504F0C205C1814145BD
:106F580097B0FF1FE780209C19E997E7FF1F9387E9
:106F6800A78D9C5B85D3A2851145829721BF97E7A2
:106F7800FF1F9387278C9C4385E797E7FF1F23AB69
:106F8800A78A8547232605002324250123114501C7
:106F980023008500A300F5002322050079BFBA87E6
:106FA800D84775FFC8C7F1BF7971B7E700E026D2A7
:106FB80084433707200006D622D44AD04ECE52CC7E
:106FC80056CA5AC85EC662C466C26AC0F98C23A093
:106FD800E7180F1000003DC14144B689B28A2E8AD5
:106FE8002A89B14C17EBFF1F130B0B89054D130CA6
:106FF8000003B30B940303270B005E971C43A5E320
:107008009375F400B315BD0013554440C205568668
:10701800C1811375F50F253539C183270B00DE971C
:1070280023A0270123A24701638409002380890044
:10703800B7E700E023A09710014521A023A09710EF
:107048000945B250225492540259F249624AD24A2E
:10705800424BB24B224C924C024D45618280050452
:10706800E31984F9B7E700E023A097102145D1BFC1
:107078000111B7E700E026CA844322CC4AC84EC6AD
:107088003707200006CE2A84AE893289F98C23A0DE
:10709800E7180F100000EFF09FDA2285CE85EFF099
:1070A8007F8A2A8405C597D5FF1F83D5257EB38798
:1070B8002503130600648146B3B5250313850732FB
:1070C800B337F500BE95EFF0216C48C013351400B6
:1070D800F2406244B7E700E023A097104249D24447
:1070E800B2490E05056182800111B7E700E04AC880
:1070F80003A9070022CC4EC63707200006CE26CAB1
:10710800AA892E843379E90023A0E7180F1000001C
:10711800EFF05F83AA8419C123110500A2854E856B
:10712800EFF0BFB697D7FF1F83C7876B639B370105
:1071380097D7FF1F83D7476F5D8C97D7FF1F23957E
:10714800876EB7E700E023A02711014591E01945B4
:10715800F2406244D2444249B24905618280011139
:107168004AC837E900E022CC03240900B707200009
:1071780006CE26CA4EC67D8C2320F9180F100000B3
:107188009307F00263E8A704B147B304F50297D95F
:10719800FF1F9389696E83A70900A6979C439DCB1F
:1071A8009377F5008545B395F500C205C181118136
:1071B800253F83A709000145A69723A0070023A21E
:1071C800070023208910F2406244D2444249B24960
:1071D80005618280B7E700E023A087100945E5B77D
:1071E8004111B7E700E026C2844306C622C4370728
:1071F8002000F98C23A0E7180F100000EFF08FF49F
:1072080019E90145B2402244B7E700E023A09710EE
:1072180092444101828097D7FF1F938727619C433F
:107228000045829797D7FF1F9387C7656368A402B5
:10723800D843B74636FE938606C83305A44036972A
:10724800E371E5FC13070064B335E50203D6870054
:1072580081463305E502EFF021536DB7D8433A94E0
:10726800C1BF411122C426C217D4FF1F1304846171
:1072780097D4FF1F9384C4569448584097D7FF1F4C
:107288009387C75A06C69C436393E608829754407F
:10729800B74736FE938707C8B6973387A7003A855E
:1072A8006364F7006364D7003305D74097D4FF1FA2
:1072B80093844476DC5081CF97D7FF1F9387477D0F
:1072C80094433707CDFF7D179C46F98F9CC611E183
:1072D800484097D7FF1F93872756DC53829719E5B5
:1072E800DC508DC3EF00910BEFF0905BDC5099CB35
:1072F80097D7FF1F9387C7799843B70633001C4772
:10730800D58F1CC7B24022449244410182808297A3
:1073180094485840B387A6003E8563E4D700E3E766
:10732800E7F83385E74059B7411106C697D7FF1FDD
:1073380023A8A7540295B24097D7FF1F23AEA74AA8
:10734800014541018280994763E9B7008A0597D7CB
:10735800FF1F9387A74BBE9588C1828097D7FF1FD1
:1073680023AEA75011C5854717D7FF1F230FF74A2C
:10737800828041117146814517D5FF1F13050549C4
:1073880006C697D7FF1F23A7074A97D7FF1F23A92A
:10739800074E97D7FF1F23AB074897D7FF1F2386B2
:1073A800074897D7FF1F23AB074C97A0FF1FE7801D
:1073B800E0A913068002814517D5FF1F1305454232
:1073C80097A0FF1FE78080A8EF60715297D7FF1F33
:1073D8009387874603C5C70383C7D70385453E956B
:1073E8008D473305F50239051375F50F97D7FF1F3C
:1073F8002389A73E99473305F5021305052497A06D
:10740800FF1FE780405117D7FF1F2327A74659CDF5
:10741800994717D6FF1F0346C63C3306F602814537
:107428001306062497A0FF1FE78040A297D7FF1FE7
:10743800938787449C439387072417D7FF1F2325E7
:10744800F73C17D7FF1F0347C7390A07BA9717D75B
:10745800FF1F232FF73CEFF04FCEE92997D7FF1FE7
:107468009387873A944397D7FF1F83C77737139734
:107478002700369717F6FFFF1306865510C31387A4
:1074880017001377F70F0A07369717F6FFFF13064B
:10749800E64D10C313873700890793F7F70F8A075C
:1074A80097D5FF1FA38EE532B69790C3B24041012E
:1074B800828097D7FF1F83C7B73217D7FF1F0347AD
:1074C800473263F3E70217D7FF1F1307E733184361
:1074D8009386170017D6FF1FA304D630939627006C
:1074E800369708C33E8582809307F00FE5BF1C419D
:1074F8006385071641777D8FB70600208947631F8C
:10750800D71403574500630B0714411122C41946C9
:107518002A849305F00F610506C697A0FF1FE78030
:1075280060A105478D476305E5121C4481CB585877
:107538009947630F0710185C630C071013060004C3
:10754800814517D5FF1F1305252F97A0FF1FE7803B
:10755800E08F13060004A28517D5FF1F1305C52D5C
:1075680097A0FF1FE780608797D7FF1F83D7872DD6
:1075780017D7FF1F1307472C99E79307001097D6D3
:10758800FF1F2391F62C97D7FF1F83C7C72B91E7BF
:10759800854797D6FF1F2388F62A97D7FF1F83D7DB
:1075A800A72A91E7ED4797D6FF1F239FF62897D77D
:1075B800FF1F83C7572991E7954797D6FF1FA384D5
:1075C800F62897D7FF1F83C7472891E7854797D69F
:1075D800FF1F238CF62697D7FF1F83C7172799E726
:1075E8008347F70097D6FF1FA381F62697D7FF1F7B
:1075F80083C7D72581CF93F63700898317D6FF1F16
:10760800230AD62697D6FF1FA386F62697D7FF1FED
:1076180083C7C72391E7D54797D6FF1F2388F6224C
:107628008347640199E79307C00397D6FF1F238018
:10763800F6221C5791C7829797D7FF1F2396A71A40
:10764800FD5717D7FF1FA30BF74AEFF09FD28147CB
:10765800B24022443E854101828089473E8582802E
:1076680001114EC697D9FF1F9389C92183A7090025
:1076780006CE22CC26CA4AC852C48297130900648F
:10768800B335250303DA890081465286330525037D
:10769800EFF0810F97D7FF1F93878714804FAA8435
:1076A80001456306940233858440636E940003A504
:1076B800490052868146B335A9023305A902EFF085
:1076C800A10C018D269597D7FF1F23A79712F2408B
:1076D8006244D2444249B249224A0561828001117A
:1076E80022CC0A852E84414697150200938585850C
:1076F80006CEEFF04145180806043A94035504FFF6
:1077080097D7FF1F83D7A718F2406244AA97374537
:107718000F00130505243355F5020561828097D7BC
:10772800FF1F83D7C71651471D45637CF70279476A
:1077380019456378F7021307200315456373F702A9
:107748001307B0041145637EF700130740060D4583
:107758006379F7001307600909456374F70013B5E7
:10776800B70F8280011122CC06CE2A842EC6EFF0F4
:107778004FAEB245F240818D33A5A50222956244F1
:107788001375F50F05618280011122CC06CE2A847B
:107798002EC6EFF00FACB245F240818D33A5A5029D
:1077A800229562444205418105618280011122CC03
:1077B80006CE2A842EC6EFF0CFA9B245F240818DBD
:1077C80033B5A502229562440561828097D7FF1FD1
:1077D80093878706985739CB411122C426C206C61B
:1077E800BE84029717D7FF1F035707002A8415CBBB
:1077F800BA876373A700AA87C207C183BA8663736F
:10780800E400A286C206C182958F5147635BF700E8
:10781800DC5491C38297EF00212197D7FF1F23954E
:1078280087FCB2402244924441018280828097D7EB
:10783800FF1F23A3070697D7FF1F9387E7FFDC5790
:10784800011106CEAA8581C72AC68297B245CDC145
:107858009C410545D9CBDC41C9CB83D78500D1C72D
:1078680083D7A500D9C3514617D5FF1F1305850136
:107878009790FF1FE780605697D7FF1F238A07005E
:1078880097D7FF1F938707009C4317D7FF1F232F06
:10789800F7F897D7FF1F83C797FB8DE793078057A4
:1078A80017D5FF1F035585FE3305F50237460F0030
:1078B8001306062481468145EFE0116D97D7FF1F17
:1078C800A387A7F817D7FF1F034777F8A54763E7EC
:1078D800E700A94717D7FF1FA30BF7F61705000006
:1078E800130545D8EFF05FA40145F2400561828099
:1078F80097D7FF1F23A407F097A7FF1F938727A2F7
:1079080017D7FF1F2320F7F87D5797D7FF1F23AD01
:10791800E7F6B7873200938727A197D6FF1F23A7DB
:10792800F6F697D7FF1F238507F6B7C7004023A4AD
:10793800E726B9B7011122CC17D4FF1F1304C4EFEF
:10794800084406CE26CA4AC801E90545F240624401
:10795800D2444249056182805C58E5DB185C75D7E2
:107968007000854582971844B247E300F7FE9305F7
:10797800E00417D5FF1F0355E5EC97A0FF1FE7802C
:1079880080F917D7FF1F232DA7E661D117D6FF1F50
:10799800035646EB9305F00F9790FF1FE780004BC7
:1079A800814417D9FF1F1309A9E397D7FF1F83C77E
:1079B80087E90326090263C1F402328597A0FF1FF5
:1079C800E7808004014597D7FF1F23AB07E297D7CD
:1079D800FF1F23A907E29DBF97D5FF1F83D585E623
:1079E800B38795020844185C898185043E9508C2CE
:1079F800029765BF011156C297DAFF1F938ACAE33F
:107A080083A78A0022CC4AC84EC606CE26CA52C4CC
:107A18005AC0AA892E8432896386072203A74A039B
:107A2800630907141307F01F6367A71497D4FF1F90
:107A3800938404DB03AA040263170A0A95659385F5
:107A480015E017D5FF1F0355E5DF97A0FF1FE78057
:107A580080EC97D7FF1F23A5A7DA2A86630B0510AA
:107A680083A74A0303A58A0097D5FF1F83D585DD21
:107A78008981829783A78A0003AA040217D7FF1F68
:107A88002322F7D88947639CF908C1476313F40E8A
:107A980097D5FF1F83D505DB938505FC9147B3C5B3
:107AA800F5028A05D29503C725009307A005631E32
:107AB800F70A83D70500639A370B4A852286910512
:107AC8009790FF1FE78060319C505285639347155C
:107AD8000145F2406244D2444249B249224A924A9C
:107AE800024B05618280D850E38EE7F8956593854F
:107AF80025E017D5FF1F0355E5D497A0FF1FE780A2
:107B080080E12A8A3DC52A8683A74A0303A58A00FD
:107B180097D5FF1F83D505D389818297A5B78D4750
:107B2800639DF900C1476316F40497D5FF1F83D5F9
:107B380065D1938545FDF199B5B79147639AF900E9
:107B48006319340397D5FF1F83D5C5CFA115E5B7B2
:107B580093070010639FF900A14763EC870097D54E
:107B6800FF1F83D525CEC115F9B79C505285639662
:107B7800470D2945B9BF1D6A568B6371450B130A1A
:107B880005E01947334AEA0217D7FF1F035787CB87
:107B980097DAFF1F938ACAC4330AEA023E9A83A778
:107BA8004A026395470183A40A029DE49305E00411
:107BB80017D5FF1F035505C997A0FF1FE780A0D55C
:107BC800AA8445D983274B0397D5FF1F83D585C73B
:107BD8002A8689815285829791451307A005898154
:107BE80093972500A69783C627006393E60483D658
:107BF8000700639C360385058A052286A6954A8573
:107C08009790FF1FE780601D83A70A02E38297EC25
:107C1800268597A0FF1FE78020DF5DBD21677917C4
:107C2800E369A7F4330A454185B783C5370045BFE3
:107C380083A70A02E38F97F2268597A0FF1FE780A4
:107C4800A0DC05BF97D7FF1F938787B98C5395D1C1
:107C580091479306A0058983139727002E9703461B
:107C68002700E318D6F003560700631C3601850782
:107C78008A072286BE954A859790FF1FE780E01500
:107C880081BD83473700C1BF97D7FF1F9387C7BA06
:107C9800984739C79C5FA9C705476313E504411195
:107CA80022C417D4FF1F1304A4B3105006C60DC670
:107CB800485097D5FF1F83D5E5B88981829708502A
:107CC80097A0FF1FE78040D497D7FF1F23AA07B2CA
:107CD80097D7FF1F23A807B2B240224441018280F0
:107CE8008280011117D7FF1F130707B54EC68329D6
:107CF800870022CC26CA4AC806CE52C456C2AA84D5
:107D08002E843289638B09201C5FBA8A99EB294536
:107D1800F2406244D2444249B249224A924A056139
:107D280082805C5BEDD79307F01F63EAA70E97D9B3
:107D3800FF1F9389E9AA83A70902B1CB03A58A008B
:107D480083A749026395A70689476393F408C14747
:107D5800E31FF4FA17D5FF1F0355C5AE9147130566
:107D680005FC3345F5029317250003A50902228671
:107D7800CA853E959307A0052301F50023109500B9
:107D880011059790FF1FE7804005014551B79305FE
:107D9800E00417D5FF1F0355E5AA97A0FF1FE7804A
:107DA80080B797D7FF1F23ADA7A449F98DB783A73D
:107DB8004A0303A6090297D5FF1F83D5A5A8898181
:107DC800829783A78A0017D7FF1F232DF7A2ADBF7D
:107DD8008D47639EF400C147E31BF4F217D5FF1FDC
:107DE800035545A6130545FD9377C5FFBDBF9147CC
:107DF800639AF400E31D94F017D5FF1F035585A47B
:107E08002115DDB793070010E393F4F0A147E3E0F1
:107E180087F017D5FF1F0355E5A24115F1B79D67F8
:107E28006379F506930705E01947B3C7E70217D743
:107E3800FF1F035727A117DAFF1F130A6A9AB38790
:107E4800E702BE9983270A02A1CF83274A026399D2
:107E5800370703250A0291461308A0059305F00F7A
:107E680093D72600139727002A9703462700631FF6
:107E78000607835807000346370063959806B3063C
:107E8800D64063CF860485078A072286CA853E9531
:107E9800CDBD21677917E36CA7E6B307F54041BF6D
:107EA8009305E00417D5FF1F0355C59997A0FF1F39
:107EB800E78060A697D7FF1F23A4A79459F581BD33
:107EC80083A74A0303260A0297D5FF1F83D5859700
:107ED80089814E85829797D7FF1F23A5379395BF32
:107EE8002310B70093160601C1829DBFB385860093
:107EF80017D6FF1F035606959105130606FCE3687F
:107F0800B6E013063400719A1106B29623010701F0
:107F180023109700A301D700BDB797D7FF1F9387FA
:107F2800278C9453BE89A9C203A509029146130858
:107F3800A0059305F00F93D72600139727002A97DB
:107F480003462700631806058358070003463700D1
:107F580063989800B306D640E3D786F22310B7009B
:107F680093160601C182C1BF8357C70017D5FF1FEB
:107F78000345658D9305E0043305F502420541810B
:107F880097A0FF1FE780209997D7FF1F23AAA786EE
:107F980041FDB5BB17D6FF1F0356C68A97D5FF1FED
:107FA80083C5658AB385C502338686001106E3E07A
:107FB800C5D681BF01458280011106CE2EC6EF804D
:107FC800007001C9B245F2400355250005616FC034
:107FD800700DF240494505618280A3820196238293
:107FE800019623A6019423A8019423AA019423AC03
:107FF800019423A4019423A2019497D7FF1F938788
:10800800E78B930640382391D702F1761307400B8C
:10801800938606B82391E7002392D70211679D46FD
:10802800130600059305000A1305007D2392E70057
:108038002393D70241478546130810F82395E70094
:108048002396E7002399E700239AE700239BE7009C
:10805800239CE7002394E702239007002393B700AB
:108068002394B7002397C7002398C700239DA70030
:10807800239E0700239F0700239007022395D7021A
:1080880023960703239707029308F007239807020C
:108098002392E7042393E704239FE7042390E7064A
:1080A8002391E7062392E706239917031307C01CB9
:1080B800239AD702239BD702239C0702239D0702FA
:1080C800239E0702239F0702239007042391D704C6
:1080D80023940704239507042396D7042397C704FA
:1080E8002398C7042399A704239A0704239B07040A
:1080F800239C0704239DC704239EC7042393A70634
:108108002394070623950706239607062397B706A1
:108118002398B70623990706239AE7065147239D14
:10812800E7067D57239B0706239C0706239ED70651
:10813800239F0706239007092391E70882800111EE
:1081480026CAAA84214522CC06CE2E8432C636C43D
:108158003AC2EFE00FE61DC9A2461247324693071E
:1081680000FD2300F5009947A30095002301F500C1
:108178002303D500A303E5002312C500AA852285A1
:108188006244F240D24405616FE00FF2F24062446B
:10819800D2440561828023A6A194828023A8A19459
:1081A800828023AAA194828023ACA19482800111A9
:1081B80022CC4AC806CE26CA2A890144B3048900BB
:1081C8006368B400F2406244D24442490561828047
:1081D8002EC6EFE01F8893170501C183A183B2451E
:1081E8002380F4009307140093F7F70F850463F9CD
:1081F800B700CA9709042380A7001374F40F7DBF42
:108208003E847DBFC16717C5FF1F03558569FD17EC
:108218006304F502411117C6FF1F0346267E9385A6
:10822800C19506C6EF804027B240FD5717C7FF1F0C
:108238002319F76641018280828009C925151375C3
:10824800F50F1335850E1345150082800145828090
:1082580023900500C9C6797122D426D24ECE52CCBD
:108268005AC806D64AD056CA5EC63684328AAE89FD
:108278002A8B814463F34407B307940083C707003C
:10828800138914004209939A070193DA0A011359D2
:10829800090163840A04CA976341FA04B3072401F5
:1082A80083CB07005E85513F0DC99387FAFF239062
:1082B800F90063906B03130519002295B2502254FC
:1082C80092540259F249624AD24A424BB24B456132
:1082D8008280D694C204C18071BF0145C5B70145EB
:1082E8008280411126C2AE8422C497C7FF1F23A1F2
:1082F800C75C97C7FF1F23ABB75A97C7FF1F23A5B4
:10830800A75A2A8441469305F00F26854AC006C617
:1083180005499790FF1FE780E0C16310250597C7BF
:10832800FF1F9387A757884BC14551354146930591
:10833800F00F22859790FF1FE780C0BF8544631820
:108348009502224497C7FF1F93874755B24092442E
:108358000249C847C145410199BD41468145268525
:108368009790FF1FE78000BDE31225FD4DBF4146F2
:10837800814522859790FF1FE780C0BBE30395FCEA
:10838800B24022449244024941018280411122C4F0
:1083980026C22E84AA8413060002814517C5FF1F32
:1083A8001305C54F06C69790FF1FE78020AA97C7F9
:1083B800FF1FA386974E97C7FF1F23838764EFC0CD
:1083C8006050854719C181474945B240224417C7C3
:1083D800FF1F2305F74C924441018280814781CDDC
:1083E80019C98547631BF50083C7550093E707FC48
:1083F800A382F50085473E85828089476317F5008B
:1084080083C7550093F7F703E5B70D478547E3148E
:10841800E5FE03C755001377F70313670704A38224
:10842800E500D1BF81478DC105C103C7550093063B
:10843800000C85471377070C6308D70093060004E0
:108448008D476303D70089473E858280411122C446
:10845800005D06C626C21DC8AA84085009C59790A3
:10846800FF1FE780605A485009C59790FF1FE780B3
:10847800A059085409C59790FF1FE780E058228546
:108488009790FF1FE780405823AC0402B240224473
:1084980092444101828009ED97C7FF1F83C7274097
:1084A80017C5FF1F1305054181CB1385C193828032
:1084B80017C5FF1F13050540828017C5FF1F034519
:1084C800053E828097C7FF1F9387473DC847828034
:1084D80097C7FF1F9387873C884B828097C7FF1FEA
:1084E8009387C73BDC4B8843828097C7FF1F9387DE
:1084F800E73AD84B1C4385071CC317C5FF1F034524
:10850800153A9307F00F6305F50091656FE04FF397
:108518008280011122CC06CE2E8432C6EF80E02A5A
:108528009147B245631FF500938781959C438DC39E
:1085380003A30700630E030022856244F24005612D
:108548000283938701959C4381C703A34700DDB746
:10855800F2406244054505618280011122CC2A84DB
:108568000355450006CE26CA4AC84EC6EF80000409
:1085780035C52A89834405008349C500C13D4A851C
:10858800EF80206403554400EF80601F83C7419645
:10859800B1CB6399970483C551962685EFF0DFA187
:1085A80019E12382019603554400EF800022914788
:1085B800631FF5000357440097C7FF1F83D7672E33
:1085C8006317F700FD5717C7FF1F231CF72CF2404E
:1085D8006244D2444249B249056182808149930488
:1085E800F00F6DB79307F00FE38FF4FA834664003A
:1085F80003564400034524004E87A685EFF03FB498
:108608005DB779715EC6AA8B2E8552CC56CA5AC8F8
:1086180006D622D426D24AD04ECEAE8A328B368A9D
:10862800EF70D07865C5045D2A89EDC09C5061451E
:1086380099C3130540039C5481C7510542054181E4
:1086480063050A00710542054181DC5081C75D055B
:1086580042054181EFE0EF952A844DC96146814585
:108668009780FF1FE780807E97C9FF1F83C909286D
:108678006394090083490900930700FD2300F4006F
:10868800A947A30074012301F400230364018C505B
:10869800231254011305840191C908C47146930A31
:1086A80044039780FF1FE780407356858C5491C917
:1086B80048C45146930A45019780FF1FE780E0713F
:1086C8005685630C0A0008C87146D285930AC5010D
:1086D8009780FF1FE78060705685CC5099C548C8C1
:1086E8005D469780FF1FE780406FA2854E85EFE0CB
:1086F800AF9B2254B2509254F249624AD24A424B3A
:10870800B24B4A85025945616FF05FD4B25022548A
:1087180092540259F249624AD24A424BB24B4561DD
:10872800828001114EC6AA892E854AC806CE22CC5F
:1087380026CA2E89EF70906721C997C4FF1F83C48A
:10874800E41A99E0834405001945EFE08F862A84EE
:1087580005CD814519469780FF1FE780206F930755
:1087680000FD2300F400B947A30034012301F400FD
:1087780023122401A2856244F2404249B249268567
:10878800D24405616FE04F92F2406244D2444249BC
:10879800B2490561828039715ECEAA8B2E8526DAB0
:1087A8004ED652D456D25AD006DE22DC4AD8AE84EF
:1087B800328BB68A3A8ABE8942C6EF70305F21CDC5
:1087C8002A894145EFD0FFFE2A8431C541468145BB
:1087D8009780FF1FE780806717C5FF1F03450511B6
:1087E80019E103450900930700FD2300F400BD4784
:1087F8002301F400B247A300740123129400230458
:108808006401A304540123054401A30534015CC495
:10881800A285EFE06F89F2506254D2544259B2599E
:10882800225A925A025BF24B21618280797126D2D8
:10883800AA8439454AD04ECE06D622D42EC6B2894D
:108848003689EFD01FF721C1B2459307000D2310D9
:10885800F500B1472A842312B5002301F500CE851F
:10886800190519469780FF1FE78020572306240122
:10887800A2852254B2500259F24913F5F40F9254CA
:1088880045616FE06F82B250225492540259F24906
:108898004561828017C7FF1F034777009307F00FD2
:1088A800630DF706411126C2AA84394522C406C6BB
:1088B8004AC0EFD01FF02A8439C9930700FD23006E
:1088C800F500A30095002301050097C5FF1F9385B8
:1088D80065FE0D0519469780FF1FE780005017C9F0
:1088E800FF1F1309A9FB83578900A28517C5FF1F1E
:1088F8000345F5FA2315F400834719002306F4000D
:108908002244B2409244024941016FD0FFF9B2407B
:1089180022449244024941018280828001115AC056
:108928002A8B314526CA4EC652C456C206CE22CC20
:108938004AC8AE84B28A368ABA89EFD09FE735CD65
:108948002A842685EF70904611C50347C500A147C4
:108958006314F70417C9FF1F034979F4930700FD4F
:108968002300F4009D47A30064012301F4002312AF
:108978009400231354012314440123153401A285C0
:108988006244F240D244B249224A924A024B4A8592
:10899800424905616FD05FF117C9FF1F03495906A6
:1089A800E31E0BFA938701A09C439C47C5DBCE8648
:1089B8005286D6852685829755B7F2406244D244BE
:1089C8004249B249224A924A024B0561828001110A
:1089D80022CC2A84214506CE2EC6EFD09FDD21C1A8
:1089E800B245930700FD2300F500C5472301F500B4
:1089F80083C73500A301F50083D745002312F5008E
:108A080083C765002303F50083C77500AA85A30300
:108A1800F50022856244F24005616FD0FFE8F2401C
:108A2800624405618280397162CC2A8C594526DA04
:108A38004AD84ED652D456D25AD05ECE06DE22DC62
:108A4800AE8432C636C4BA8B3E8BC28A468A8359F4
:108A5800010403494104EFD0DFD525C93246930705
:108A680000FDA2462300F5009547A301C500A30019
:108A780085012301F5002A8419461105A9C2B68586
:108A88009780FF1FE780603523066401230A2401CD
:108A980023157401231754012318440123193401A1
:108AA800A2856254F2504259B259225A925A025B34
:108AB800F24B624C2685D25421616FD0FFDE81458E
:108AC8009780FF1FE7808038C1B7F2506254D254B4
:108AD8004259B259225A925A025BF24B624C2161B6
:108AE800828097C7FF1F83C787DB8DCB4111AA857B
:108AF80019461385C19306C69780FF1FE780E02DAE
:108B08009385C19317C5FF1F034565D9EFF01F8DE6
:108B1800B2401385C19341016FB0505B014582801B
:108B280017C7FF1F0347B7D79307F00F6305F70869
:108B3800411126C2AA84294522C406C6EFD07FC7A0
:108B48002A8429C1930700FD2300F500A1472301CA
:108B5800F500A300950097C7FF1F938727D483C705
:108B680027009385C1931105A30FF5FE1946978039
:108B7800FF1FE7808026A28517C5FF1F034535D252
:108B8800EFD09FD217C7FF1F034767D18D47631FD9
:108B9800F700938741959C4391CB03A38700630714
:108BA80003002244B240924441010283B24022446D
:108BB80092444101828017C7FF1F034747CE8D4764
:108BC800631AF700938741959C4389C703A38700DD
:108BD800E31D03FC8280797122D406D626D24AD0BE
:108BE8004ECE52CC094455CD2A89035505002E8A0C
:108BF8005144EF70B01BAA844DC597C7FF1F83C7A8
:108C080027E0FD1793F7F70F05474944637BF708FB
:108C18000347C500A1476314F70063140A089C5C66
:108C28004544C1E39165938545711305C00297904A
:108C3800FF1FE78040CE88DCAA894D443DC113065A
:108C4800C00281459780FF1FE780402083570900B5
:108C58009386490036852391F900714693054900AA
:108C680036C69780FF1FE780401789472380F900A1
:108C780003C5C400B24603560900611597C5FF1F16
:108C880083C5C5D713351500EF80103A2A846306CB
:108C98000A00D2852685EF80A02201C42685EFF040
:108CA800EFFA2285B250225492540259F249624A8C
:108CB8004561828097C7FF1F83C787D4FD1793F745
:108CC800F70F05476378F708894751C6011122CC89
:108CD80026CA4AC84EC652C406CEAA89368AB28463
:108CE8002E89EF70B00C2A84D14729C9485509C587
:108CF8009790FF1FE78040D1F1452685EFD09FDC94
:108D080048D4CD4705CD8346C40021478147639F9A
:108D1800E600630D0A000347A50103560501930603
:108D28002501AA854E85EF806021AA870347440064
:108D3800630F0900136767002302E400F2406244EE
:108D4800D2444249B249224A3E850561828013676E
:108D58004700DDB7C9473E8582809307000463EB6F
:108D6800A70097C7FF1F938767B506053E9503556C
:108D78000500828041657D158280011122CC2A84FC
:108D88002E8526CA06CEAE84EF7050021DCDB74799
:108D98000F009387F723094563E4870281450A8515
:108DA80041469780FF1FE780600AA685231081004F
:108DB8000A85418023018100A3010100EF80701220
:108DC800F2406244D244056182804945D5BF97C7C5
:108DD800FF1F2386A7C282806F80301F797152CC13
:108DE8002A8A328522D426D24AD04ECE56CA5AC8AA
:108DF8005EC606D662C4AE8BB28A368BBA843E890A
:108E0800C2894684EF70807A15C92A8C63140A02D5
:108E180013774B008347450015CF93E727012302BB
:108E2800FC008DEC631C0902639A090205E8ED9BBE
:108E38002302FC00832B8C03639F0B06B250225441
:108E480092540259F249624AD24A424BB24B224CDE
:108E580045618280F59B93E70701D1B793E7470007
:108E68002302FC0001CC1C484146A2852324FC02B5
:108E780013058C019780FF1FE78020F663910B0292
:108E8800D5D80325CC0209C59790FF1FE780C0B746
:108E9800F1452685EFD01FC32326AC0261BFE30B43
:108EA80009F80325CC0209C59790FF1FE780C0B5D4
:108EB800F1454A85C5B79DC483A70B0299EB916517
:108EC8009385357171459790FF1FE780C0A423A053
:108ED800AB0203A50B0219C57146A6859780FF1F33
:108EE800E780A0EF6388090283A74B0299EB91659D
:108EF800938525715D459790FF1FE780C0A123A248
:108F0800AB0203A54B0219C55D46CE859780FF1FAE
:108F1800E780A0EC1DC483A78B0299EB916593852C
:108F2800157151459790FF1FE780E09E23A4AB027F
:108F380003A58B0219C55146A2859780FF1FE780BC
:108F4800C0E92254B2509254F249B24B224CCA861C
:108F58005A860259424BD6855285D24A624A4561A1
:108F68006FF02FEA011126CA52C406CE22CC4AC895
:108F78004EC62A8AAE84EF70606325C5AA89394532
:108F8800EFD03F832A8431CD17C9FF1F03490996C3
:108F98006314090003C909009307000D2310F400A6
:108FA800AD472301F4009385690013053400194681
:108FB8009780FF1FE78060E293F71400858085881B
:108FC8002306F400A306940023154401A2856244F5
:108FD800F240D244B249224A4A85424905616FD0DB
:108FE800BF8CF2406244D2444249B249224A0561E8
:108FF800828001114EC652C456C206CE22CC26CA61
:109008004AC8AA8A2E8AB289EF70405A2DCD2A8979
:109018001305C002EFD0EFF92A8435C597C4FF1FA6
:1090280083C4C48C99E0834409009307000D23107E
:10903800F400E9472301F40093056900130534009F
:1090480019469780FF1FE78040D9D2852315540120
:109058001305C40041469780FF1FE78000D8CE85DE
:109068001305C40141469780FF1FE78000D7A285FA
:109078006244F2404249B249224A924A2685D24481
:1090880005616FD07F82F2406244D2444249B249BE
:10909800224A924A0561828093874194884301CD90
:1090A800411106C69790FF1FE7800096B24023A2A1
:1090B8000194410182808280011106CE22CC26CA09
:1090C8004AC82EC6EF70804E39CDB24517C9FF1F6A
:1090D8000349C981AA840CD5631409000349050012
:1090E8004145EFD00FED2A841DCD9307000D2310C5
:1090F800F500A5472301F50083C754009385640054
:109108001105A30FF5FE19469780FF1FE780E0CCF5
:109118009C54A285F2405CC46244D2444A854249C8
:1091280005616FD06FF8F2406244D244424905614C
:1091380082801D71A2CC86CE2A842EC6EF7000478D
:1091480005CD8346C5001147AA8749456392E602C3
:109158009C5FB24599C383C567012308B100979600
:1091680000009386E66A100889452285EF70104C46
:10917800F6406644256182805145DDBF97C7FF1FD1
:1091880083C70788FD1793F7F70F0547637AF70436
:10919800894721CA411122C426C24AC006C6B284E0
:1091A8002E89EF70A0402A84D14705C563080900BD
:1091B8008347450093E727002302F5004146A6852B
:1091C800130584019780FF1FE78020C19C481CD4A9
:1091D8008147B2402244924402493E85410182803F
:1091E800C9473E858280797122D406D62A842EC644
:1091F800EF70C03B01CDB2452285230EB1006C084B
:10920800EF709048B2502254456182805145DDBFCD
:109218006F706050C1671387E7FF6394E502938717
:1092280001959C4391EB494582804945B2402244CF
:10923800924402494101828003A30700E30503FE2B
:109248000283411122C426C24AC006C6FD172A89D4
:109258002E84B2846395F502938701959C4391CB44
:109268009C4381CB829711E523822197A382919613
:1092780075BFA6854A85EFE03FD44DF9F5B72E8531
:10928800EF70C0325DD1834705000D45E39027FBA1
:1092980022852244B2400249A685924441016FB01A
:1092A80060609307000463E2A7064111C16722C406
:1092B80006C626C2FD172A8409456382F502C547FA
:1092C800AE846313F4022E85EFB0C06417B5FF1F98
:1092D8001305C55E06042A94231094000145B24084
:1092E80022449244410182809307A0036316F4004C
:1092F8002E85EFB0A05BD9BF9307B003E318F4FC49
:1093080013F5F50FEFB0C05AD1B709458280411166
:1093180006C622C42A84EFE05FCCEF20E022EF10DB
:10932800A062EF40D104814517B5FF1F130505570B
:10933800130600029780FF1FE78040B197B7FF1F11
:109348009387C755130700F02391E700238207008E
:109358007D5797B7FF1F9387676A2381E7002380AC
:10936800870022852244B240954541016F509036CE
:10937800597193970501CAD086D6A2D4A6D2CECE6B
:10938800D2CCD6CADAC8DEC6E2C4E6C2EAC06EDE0D
:10939800C1872E8963D1075A17B5FF1F0345056694
:1093A800EFD02FC88964416A856A797B2A84938BB8
:1093B800D4007D1AA50A130CABFF1DE021653345C7
:1093C800A900B650265496540659F649664AD64A14
:1093D800464BB64B264C964C064DF25D6561828035
:1093E800834704001307200A639DE7000355240000
:1093F80097B9FF1F83C9B94A2286D285EFF06F91CA
:1094080059A21307100997B9FF1F83C9495F6398C9
:10941800E7188347140015476390E7022285EFF0A9
:10942800CF932285EFD0CFB317B5FF1F0345055D56
:10943800EFD02FBF2A8451B73947639BE7180355EC
:109448004400631B55050C4483CC0500639D0C0048
:10945800850591C9194617B5FF1F1305A5459780BE
:10946800FF1FE780809717B7FF1F034727438547EC
:109478006317F712638A0C0097B7FF1F2380074210
:109488006685EFF02FC171BF894717B7FF1F230704
:10949800F740EFB0604371B793872400631AF5066D
:1094A800832C8400638D0C0E83C70C008DE383C767
:1094B8002C0003C71C00A207D98F17B7FF1F23135F
:1094C800F73E83C73C0017B7FF1FA309F73C17B740
:1094D800FF1F0347A73C89476313F70C83C70C009A
:1094E80081CB97B7FF1F238B073A03C50C0051BFE9
:1094F8008D4797B5FF1F83C5753A17B5FF1F0355ED
:10950800653A17B7FF1F230BF738EF50B01FF1BFAD
:10951800938754006318F5001C4403C50700EFF057
:109528002FE001B7B3078501C207C18311476372F2
:10953800F7049307ABFCAA97139707014183F147F8
:1095480063F1E7029387B4006312F5049387C1942B
:109558009C43E38807EC9C43A285E38407EC82974D
:109568001DA0B70700189387F770B3D7E700858B5E
:10957800B9CB938741959C43E38507EA9C43E382F3
:1095880007EA22858297E31E05E811A89387C4009D
:109598006310F5021C4483C70700E38407E89307B8
:1095A800F00FE380F9E8A2854E85EFD0EFAFADBDAF
:1095B8009387E4006319F500938701959C43E38240
:1095C80007E6DC4351BF93871404E301F5F8C1BFF4
:1095D8003D476397E70403554400E30F75FD938700
:1095E8009401E30BF5FC93873401E31AF5FA97B776
:1095F800FF1F83D7072B639E4701938701959C43E1
:10960800E38107E2DC43E38E07E0A285138534019A
:10961800B9B7938781959C43E38507E09C43E5B7F9
:109628001307E003E39DE7F68347240005476397A4
:10963800E70E83476400938D4194F1E383A70D00FF
:10964800D5CB83CC0700A14903457400130D8400D2
:10965800EA85EFE03FDD83474401A303A400835874
:1096680004010358E400035744002A8603453400E4
:109678003EC283572401EA86E6853EC0CE87EFF0D6
:109688008FBA8347340095E7DD47835804010358B0
:10969800E40083467400835544003EC28357240186
:1096A8006A8705463EC06685CE87EF700029A3010C
:1096B800A40083A70D0081C71145EFF0FF9D03C5E6
:1096C8004196E30005D683C55196EFE0FF8EE30A85
:1096D80005D48346340093071003638AF6000356C3
:1096E80044004E8783C541963685EFE05FA5238207
:1096F800019605BB97BCFF1F83CC7C1AA9B793873B
:1097080041959C4397BCFF1F83CC7C1991498DDF01
:10971800DC439DDB8145014582973DB7294763912D
:10972800E70C83476400138D4194C1E783270D003C
:10973800A5CF83CC0700A149034574009306840094
:1097480093772500D1C713761500930D44018347FD
:1097580004028358C4010358A40103574400034575
:1097680034003EC28357E401E6853EC0CE87EFF061
:109778008FAB8347340095E7DD478358C40103580E
:10978800A40183467400835544003EC28357E40114
:109798006E8705463EC06685CE87EF70001AA30126
:1097A800A40083270D0001BF97BCFF1F83CC3C0F8B
:1097B80059B7938741959C4397BCFF1F83CC3C0EB8
:1097C8009149BDDBDC43ADDB814501458297ADB7EF
:1097D800B68536CEEFE01FC5F2462A86B68D85BF20
:1097E8000947639DE7009387C1949C43E38B07C2B5
:1097F800DC43E38807C22285829725B12D47639908
:10980800E7009387C1949C43E38D07C09C47D5B775
:109818000D476397E70022868D4503554400F9BE3E
:1098280019476395E7069305610213051031EF4068
:10983800613C2C1013052031EF40C13B03566400F6
:10984800835781020355440063E8C70083568400A8
:109858000357610263F7E60093050002EFB0800A40
:10986800C9B66374E6002313E40063F4D700231435
:10987800F4000357C4008356A4000356840083559C
:10988800640001488147EFB0A00761BE1D47E38827
:10989800E7D031476395E7002286B145BDBF35471C
:1098A8006399E7009387C1949C43E38C07B6DC4730
:1098B80089B739476396E7002285EF00D00395B64C
:1098C8003D476399E7009387C1949C43E38B07B4B2
:1098D8009C4B05B741476396E7002285EF00900C43
:1098E80089B645476396E7000145EF00701B15BE32
:1098F8004947639EE700938741959C43E38107CAE4
:10990800DC43E38E07C881450545829749B94D4731
:10991800639DE700938741959C43E38207C8DC4336
:10992800E38F07C6A2850945CDB76147E399E7C626
:109938002286E145DDB593F7150081CF9387C19461
:109948009C4389C7DC4399C3014582971345190095
:109958008DBC93F7250089CF938741959C4391C788
:10996800DC4381C78145054582971345290091BC91
:1099780093F745000145E38607A4938781949C43A8
:1099880099CF854717B7FF1F230CF7F093874195A9
:109998009C4391C7DC4381C781450545829797B7AA
:1099A800FF1F9387A7EFC8472C10EF70F03F2810D0
:1099B800EFF02F9397B7FF1F83D767F281CF130676
:1099C80000643386C702914517B5FF1F0345050399
:1099D800EFD0EFC613454900EDB2011122CC2A841D
:1099E800554506CE26CAEFF04FB7AA8413054002A4
:1099F800EFF0AFB62AC613055002EFF00FB6AA86ED
:109A0800228562443246F240B3359000D244056163
:109A18006FA07075797122D406D68D472E84631F86
:109A2800F50003D7A50083D6850003D66500034556
:109A3800340083D54500EFE07FEE09A889671387D6
:109A4800D7006310E50403C5250019E58547B25022
:109A580022543E8545618280938741949443FDD684
:109A680003C6360083C50600814802C202C0014809
:109A7800814701479106EFE01FFB0545EFF0CFE175
:109A8800F1B71387E700E303E5FC13873701631A8F
:109A9800E50003C525005DD901478146014681459A
:109AA80059BFE507E304F5FAB1476319F50017B59F
:109AB800FF1F0345D5DEEFE09FF149BF41677D17E2
:109AC8008147E316E5F803C75500C947E310F7F8DF
:109AD80083D6E50003D6C5000355840083D5A500C9
:109AE800EFA0706941C95D45EFF02FA73335A0009D
:109AF800231CA10083454400035524003008EF606F
:109B0800101B83578101B9F36C0813051031EF401E
:109B1800610E9305E10113052031EF40A10D835734
:109B2800C101035784006374F7002314F4008357BA
:109B3800E1010357A40063F4E7002315F4008357F9
:109B480084000357A4006374F7002315F400035539
:109B58002400EFA010670357E4008356C40003569F
:109B6800A400835584000355240001488147EFA0D1
:109B78003057E9BD8547231CF100ADBF17B7FF1F5C
:109B8800034737E89307F00F6309F70859C54111F0
:109B980022C426C206C6AA840345A5004105EFC013
:109BA8005FC12A8435C59307000D2310F500D947F6
:109BB8002301F50083D744002312F50083C764000E
:109BC8002303F50083C77400A303F50083C784004B
:109BD8002304F50083C79400A304F50003C6A4007A
:109BE8002305C5001DC2CC44410548C49770FF1F1A
:109BF800E780A01EA2852244B240924417B5FF1FF9
:109C0800034535E041016FC03FCA23260500DDB793
:109C1800B24022449244410182808280C167138706
:109C2800E7FF639DE500938741949C4395C383C7F1
:109C380007000D47639CA7006FA0D049FD1749474F
:109C48006396F500938741949C43FDF73A8582809B
:109C58004947EDBF797122D406D626D24AD04ECED6
:109C680052CC56CA5AC80347050085472A84630A56
:109C7800F70403468500930695009305E100054522
:109C8800EFE00FDD814719C18347050083460400D3
:109C980011476380E6041387819618438D4603476E
:109CA80017006308D70295C70DC719ED0145B250D3
:109CB800225492540259F249624AD24A424B4561AF
:109CC800828081470145D9B785466318D7028D8BB5
:109CD800F1DF03451400130A2400D285EFE08FF466
:109CE800A300A4001389C19683270900AA8A814981
:109CF8009304F00F99EB05455DBF8946E318D7FA41
:109D0800858BF9B7850993F9F90F83C7619663FDC8
:109D1800F90203250900139B49005A95834705005A
:109D2800E38297FE83471500E39E57FD1946D285C7
:109D380009059770FF1FE780801769D583240900FC
:109D480003470400DA9485EC834604009147E38FC7
:109D5800F6F483270900B9DB03C66196014793052A
:109D6800F00FE305E6F4BE84C10703C507FF630EE1
:109D7800B50A05071377F70FEDB788C4F5A0914723
:109D8800631AF706C84405C58347840003460500DF
:109D98006304F606034704009147631DF706C844A9
:109DA80019C59780FF1FE78020C623A60400034536
:109DB800840091659385E57105059780FF1FE7800D
:109DC80080B505C5034704009147631EF704C8C45E
:109DD80083478400930594000505A30FF5FE034609
:109DE80084009770FF1FE78040FF034584003335E8
:109DF800A00075BD884441BF930594000505977080
:109E0800FF1FE780C00A8547E316F5F85545EFE0E0
:109E1800DFF4BDA8884441DD9780FF1FE780C0BEFE
:109E280023A4040069B788C465B72380D400834796
:109E38001400D28513852400A380F4001946977076
:109E4800FF1FE78080F90345840091659385F571CC
:109E580005059780FF1FE78000AC05C50347040090
:109E68009147E31CF7F0C8C4834784009305940026
:109E78000505A30FF5FE034684009770FF1FE780D2
:109E8800C0F583478400E39807E6034504007D1581
:109E98001335150029BD797122D426D24ECE52CC65
:109EA80006D64AD056CA5AC82A84930925000345BB
:109EB8001500CE8593848196EFE0CFD6A300A40049
:109EC8009C400D472A8A83C71700639BE7001389C4
:109ED800C19683270900814A63910718054535A073
:109EE800FDD7144C034674019305E1000545EFE0E6
:109EF8002FB61DC9984085468347050003471700BC
:109F0800631FD7008D8BE1F70145B250225492545C
:109F18000259F249624AD24A424B456182808946D7
:109F2800858BE316D7FAC5B78347040011476385C5
:109F3800E7002D47E39AE7FC9384C1969C40E9D754
:109F4800814A01491DA88840139B4A0083470400A1
:109F58005A95034705006311F70283471500639D6F
:109F680047011946CE8509059770FF1FE78020F441
:109F780001C503A904005A99850A93970A0103C7E2
:109F88006196C183E3E1E7FCE31309F4B5BF939459
:109F98004A0026950347050083470400631EF70A15
:109FA80083471500639A470B1946CE8509059770B4
:109FB800FF1FE780C0EF4DC1832709001147BE94FA
:109FC800834704006385E7002D47639DE70203AAE2
:109FD800C4008347740103460A006308F6025285E9
:109FE8009780FF1FE78040A2034574019165938520
:109FF800E57105059780FF1FE780E09115E5E39F70
:10A0080004ECADA003AA8400E9B70C4C13051A00B0
:10A018009770FF1FE780A0E98547E312F5FC5545D7
:10A02800EFE0BFD369DDCDB58347040011476385F1
:10A03800E7002D476390E702C8C48347740105050C
:10A04800A30FF5FE034674010C4C9770FF1FE780C1
:10A05800C0D875B788C4D5B7850A93970A0103C7CE
:10A068006196C18303250900E3E3E7F283C661969D
:10A078000327090081471306F00F11A8BA84410786
:10A08800834507FF638AC5008507C207C183E3E7E5
:10A09800D7FEA9B588C499A083470400CE85138547
:10A0A80024002380F400834714001946A380F40099
:10A0B8009770FF1FE78060D203457401916593850F
:10A0C800F57105059780FF1FE780E084E30805E048
:10A0D800034704009147E31FF7FAC8C48347740194
:10A0E8000505A30FF5FE034674010C4C9770FF1F7E
:10A0F800E780A0CEE5B317B7FF1F034797909307F4
:10A10800F00F6300F70A51CD411126C2AA845145C8
:10A1180022C406C64AC0EFC0CFE92A842DCD9307D2
:10A12800000D2310F500D5472301F50083C734003F
:10A1380013898400CA85A301F50083D7440023123C
:10A14800F50083C764002303F50003C57400EFE03E
:10A158006FADA303A400CA85130584001946977040
:10A16800FF1FE78080C783C7E400A28517B5FF1FDC
:10A17800034535892307F40083D704012318F40025
:10A1880083C724012309F4002244B24092440249BF
:10A1980041016FC06FF1B24022449244024941012B
:10A1A8008280828017B7FF1F0347B7859307F00F98
:10A1B8006304F70431C1411122C42A84194506C633
:10A1C800EFC02FDFAA850DC59307000D2310F500FA
:10A1D800DD472301F500835744002244B24023128F
:10A1E800F50017B5FF1F0345D58141016FC0CFEBBF
:10A1F800B2402244410182808280011122CC138422
:10A20800C1961C4006CE26CA4AC84EC652C499CF2B
:10A218002E8AAA840149084063129902630C0A0431
:10A228009770FF1FE780407E23A60196F2406244A4
:10A23800D2444249B249224A0561828093194900B1
:10A24800B3073501884709C99770FF1FE780C07BAE
:10A258001C40CE9723A407001C40CE97C84709C9C5
:10A268009770FF1FE780407A1C40BE9923A609001B
:10A27800050955B745DD1396440081459770FF1FC2
:10A28800E780C0BC144081477D5613F7F70FE37F82
:10A2980097F81397470036972300C7008507F5B747
:10A2A800011152C4138A819683270A0006CE22CC54
:10A2B80026CA4AC84EC656C25AC0D1CF2A890144B6
:10A2C80019ED9387C196944399CA03C661962A8467
:10A2D80081479305F00F13F7F70F6368C708131545
:10A2E80034002105EFC0EFCCAA8401E92145EFC075
:10A2F8004FCCAA8421C501444D49930700FD238012
:10A30800F4008547A38024012381F400A3818400FD
:10A3180045C81389840023A224018149938AC196E0
:10A32800130BF00F83C7619663F3F90039E88327AD
:10A338000A00A68503C50700EFC00FD7814503C5EE
:10A348006196EFF09FEB03250A009770FF1FE780E7
:10A35800A06B23A40196F2406244D2444249B24918
:10A36800224A924A024B056182801397470036972A
:10A37800034707006305B70005041374F40F850746
:10A3880099BF83A70A0093954900BE9583C7050026
:10A39800638467032300F90083C7150013052900A8
:10A3A8007D14A300F900194689051374F40F9770FA
:10A3B800FF1FE78080A22109850993F9F90F9DB74E
:10A3C80023A20400ADB7938781969C43B9C7411176
:10A3D80022C406C62A841DE10945EFE01F982A8693
:10A3E80001C9854517A5FF1F03454561EFC03FA576
:10A3F8000545EFF08FDE2A84054501CC854517A574
:10A40800FF1F0345A55FEFC03FCE2285EFF05FE950
:10A418000545B24022444101828001458280896716
:10A428009386B7006317D5009C4503C507006FF0F6
:10A438009FF99386C7006318D5009C45854603C5D8
:10A44800070019C9EDB793861704E30FD5FC938766
:10A4580027048146E303F5FE36858280797106D6A6
:10A4680022D426D24AD04ECE52CC56CA5AC85EC63C
:10A4780079C983473500AA8985C7404115C0594520
:10A48800EFE0BF8D931A850193DA8A410149138A57
:10A498008196130B000DB54B83C73900636DF90026
:10A4A800B250225492540259F249624AD24A424B5B
:10A4B800B24B456182808307840263CD57078327A7
:10A4C8000A00ADCB2285EFF0EFF82DC503458400D7
:10A4D8005105EFC00FAEAA8431CD231065012301C9
:10A4E800750183470400194693052400A301F5006C
:10A4F8008307840215052303F50083471400A30F7F
:10A50800F5FE9770FF1FE780408D03468400238681
:10A51800C4001DC61385440188C89305940097702C
:10A52800FF1FE780808B83270A00A68503C50700E5
:10A53800EFC08FB70509130494021379F90FA9BF67
:10A5480023A80400CDB7938781969C43B1DBEFF035
:10A558003FD52254B25092540259F249624AD24A23
:10A56800424BB24B014545616FF02FC7797106D652
:10A5780022D426D24AD04ECE52CC56CA5AC85EC62B
:10A5880071C183473500AA8985C7444195C059459B
:10A59800EFE0AFFC931A850193DA8A410149138AE7
:10A5A8008196130B00FDC14B83C73900636DF90019
:10A5B800B250225492540259F249624AD24A424B4A
:10A5C800B24B456182808387F40063C857078327AD
:10A5D8000A00A5C75145EFC0CF9D2A8439CD230075
:10A5E8006501A30005002301750183C7040019460E
:10A5F80093852400A301F5008387F4001505A306BD
:10A60800F50083C71400A30FF5FE9760FF1FE780CE
:10A61800C07C83C78400938594001305C400A305F8
:10A62800F40019469760FF1FE780207B83270A0004
:10A63800A28503C50700EFC02FA70509C104137938
:10A64800F90F9DB7938781969C43BDD3EFF05FC503
:10A658002254B25092540259F249624AD24A424BA9
:10A66800B24B014545616FF04FB75D7186C6A2C414
:10A67800A6C2CAC04EDE52DC56DA5AD85ED662D4BA
:10A6880066D26AD06ECE630C0526834735002A89C8
:10A698008DCB40411DC45945EFE02FEC9317850140
:10A6A800E1873EC6814493898196130A000DC94B00
:10A6B800054CB54C130D00FDC14D8347390063E1CE
:10A6C800F402B640264496440649F259625AD25AD0
:10A6D800425BB25B225C925C025DF24D61618280FA
:10A6E8008307C400324763C6E71683A7090063825D
:10A6F8000716034B040093770B01CDCFCD47631E9C
:10A70800FB06230004002285EFF0EFF8630305142D
:10A718008347040011476363F7146399870D514514
:10A72800EFC02F89AA8A630605122300A501A3009A
:10A7380005002301B50103470400194693052400C9
:10A74800A301E5000307C4001505A306E5000347B8
:10A758001400A30FE5FE9760FF1FE780006803471A
:10A768000401194693051401A385EA001385CA005C
:10A778009760FF1FE7806066F1A0D5476318FB006C
:10A7880085472300F400A30B0400B5BFF547E30990
:10A79800FBFEC9476316FB0089472300F400A5B7F1
:10A7A800C1476314FB008D47CDBFED47E31DFBF4A4
:10A7B8009147E5B793778B0099C3AD47F9BF937677
:10A7C8001B0093774B0091C699C395475DBFA1477E
:10A7D800E9B793762B0091C699C3A5475DB799470A
:10A7E8006DBF99C3A94755BF9D4745BF0345740130
:10A7F8005105EFB01FFCAA8A29CD2310450123017A
:10A80800950103470400194693052400A301E500B8
:10A818000307C40015052303E50003471400A30F2D
:10A82800E5FE9760FF1FE780405B034674012386BF
:10A83800CA0019C613854A0123A8AA000C4C0DBFEB
:10A8480023A80A0003A70900D68503450700EFC01F
:10A85800AF858504710493F4F40F85B5034574013D
:10A8680013050502EFB0FFF4AA8A65D52310450148
:10A87800230175018346040013770B061946558F8B
:10A88800A301E50003471400930524001505A30F51
:10A89800E5FE9760FF1FE780405403478400194690
:10A8A80093051401A385EA000347940013853A0130
:10A8B8002386EA000347A400A386EA000347B400FE
:10A8C8002387EA000307C400A387EA000357E400CC
:10A8D8002398EA00034704012389EA009760FF1FD1
:10A8E800E780A04F03467401A38CCA0011C61385E4
:10A8F8000A0223AEAA0099B723AE0A00A1B793872C
:10A9080081969C43E38F07DAEFF09F992644B6407F
:10A9180096440649F259625AD25A425BB25B225CAB
:10A92800925C025DF24D014561616FF00F8B97A754
:10A93800FF1F83C7E70CA18B17A5FF1F1305850110
:10A9480091E301456FD09F8523830196FD5717A793
:10A95800FF1FA308F70A23A6019623A4019697A729
:10A96800FF1F9387E7FD17070000130787AB98C3FE
:10A97800170700001307C7AED8C31707000013074F
:10A9880027BF98C717070000130767CED8C717F760
:10A99800FFFF1307E71E98CB97A7FF1F938787FB37
:10A9A80017F7FFFF1307C72798C317F7FFFF13070A
:10A9B800A706D8C38280411122C485452A8403C5CD
:10A9C800619606C6EFF07F8397A7FF1F83C74703EB
:10A9D800A98BB5CB17A5FF1F130585F62383819691
:10A9E800EFD06FFB1384C1961C4091C74D45B24010
:10A9F80022444101828003C5619619E10145C5BF22
:10AA080091659385B57112059770FF1FE780A0F0D7
:10AA180023A6A19661DD03C661961206814597605B
:10AA2800FF1FE780A042104083C661968147FD550D
:10AA380013F7F70FE374D7FC1397470032972300F7
:10AA4800B7008507F5B7014523830196EFD0AFF42A
:10AA580075B793878194884301CD411106C69770D5
:10AA6800FF1FE78060FAB24023A40194410182806D
:10AA7800828001111305700306CEEFE00FAE2AC6DF
:10AA880013058003EFE06FAD2AC413059003EFE0D0
:10AA9800CFAC2246B245F240AA86054505616F90C3
:10AAA800D06B5D711305D00386C6A2C4A6C2CAC006
:10AAB800EFE0AFAA2A841305C003EFE00FAAAA8427
:10AAC8001305E003EFE06FA92A891305F003EFE00F
:10AAD800CFA88A871377F50F9376F90F13F6F40F3B
:10AAE8009375F40F0545EF905068B6402644964498
:10AAF8000649616182805971A2D4138481941C40F3
:10AB080086D6A6D2CAD0CECED2CCD6CADAC8054509
:10AB1800F9C79305F1041305F041EF10A1709305EF
:10AB2800F1041305F041EF10E16F8346F10417A714
:10AB3800FF1F0347C7D6B337E00091C28907184003
:10AB48003EDE0345370093054700EFD03F891840A4
:10AB58002ADC0D45834527002EDAEFE00FA02AD81E
:10AB68001145EFE08F9F00402AD665450347A400B2
:10AB7800034BB4003AD4EFE04F9EAA846945EFE056
:10AB8800CF9D2A897145EFE04F9DAA896D45EFE079
:10AB9800CF9C2A8A7545EFE04F9CAA8A7945EFE059
:10ABA800CF9BE2046258F2572257B2564256D2550A
:10ABB8001375F50F93FAFA0F137AFA0F93F9F90F41
:10ABC8001379F90FE1842ACC56CA52C84EC64AC432
:10ABD80026C25AC0930844000545EF907054B650F9
:10ABE800265496540659F649664AD64A464B656134
:10ABF8008280011122CC06CE8D472E846316F5067D
:10AC080003C73500E94703D545006318F70097A740
:10AC1800FF1F83D707C96385A706EF50301909C5F9
:10AC2800835764002317F5000357A4008356840054
:10AC3800035664008355440003453400EFD01FCE0B
:10AC48000357440097A7FF1F83D7A7C56308F700DA
:10AC58008547F24062443E8505618280FD5717A70B
:10AC6800FF1F2310F7C4EDB78967CD07631DF500F3
:10AC780083C7250031476385E7004547E39AE7FC2A
:10AC8800EFD04FD8F1B7B1476319F50017A5FF1FEB
:10AC9800034515D7EFD0BFD365BF41677D178147FF
:10ACA800E319E5FA83C655004947E394E6FA83C5F4
:10ACB800450003552400300023140100EF50007AAA
:10ACC80041BF411122C406C626C283C70197130794
:10ACD800E00F2E846383E7041307F00F6387E7020E
:10ACE8001145EFB01FAD15C1930700FD2300F50016
:10ACF80089472301F5008547A3008500A301F500D6
:10AD0800AA8503C50197EFB03FBAF9572388F19692
:10AD1800B2402244924441018280AA841145EFB096
:10AD28005FA97DD5930700FD2300F5008947A3009F
:10AD380085002301F500A30195002244B240924406
:10AD4800AA8503C5119741016FB01FB679714AD022
:10AD5800138981948327090022D406D626D24ECEA1
:10AD680052CC4544C5EF97A7FF1F83C767C9958B8A
:10AD78004944CDC7AE899165A388A196AA849385D5
:10AD8800757131459770FF1FE780E0B823A4A1943F
:10AD98004D4449C523009500A30005002946CE85EA
:10ADA80009059760FF1FE780400383270900914644
:10ADB80003C7270063EEE6083DEB4D472381E70014
:10ADC80003C72700136707012381E7009305710074
:10ADD8001305F041EF10014583477100F9EB17A700
:10ADE800FF1F0347C7AB8D476315F70CEFD08FEDF7
:10ADF8002C00EF60607B2800EFD0BFCE4545EFD038
:10AE0800DFF5014401CD130600643306C502914500
:10AE180017A5FF1F034585BEEFC06F822285B2507C
:10AE2800225492540259F249624A45618280854609
:10AE38006314D700754759B789466314D700494743
:10AE4800B5BF8D466314D70041478DBF5547BDB781
:10AE580095464A8A630ED70099466316D700094774
:10AE68002381E70031A01D466314C7022381070030
:10AE78006545EFD09FEE9307F007E309F5F4032744
:10AE88000A008347270093E707042301F7003DBF23
:10AE980021466314C7000547E1B725466315C70077
:10AEA8002381D700F1B7A9460544E319D7F611471E
:10AEB80045BFEFF05FC42A8435D1EFF09FB9B9BF21
:10AEC800011126CA938481949C4022CC06CE494421
:10AED800A9C783C707000D446391A704894517A52F
:10AEE800FF1F0345A5B1EFC02FA0914517A5FF1F70
:10AEF8000345C5B0239A0196EFC00F9F9C400147B8
:10AF08008146A38087001306F100854785450145E2
:10AF1800A307F100EF9030242A842285F24062448E
:10AF2800D24405618280011106CE22CC26CA85470B
:10AF3800631AF50683D74197B1CB17A7FF1F0347BD
:10AF4800279629E71307B003636DF702894517A50C
:10AF5800FF1F0345A5AAEFC02F999307006403D6E6
:10AF680041973306F602894517A5FF1F034505A932
:10AF7800EFB0FFEC239A0196F2406244D244056197
:10AF88008280938747FC239AF196FDB79387819433
:10AF98009C43FDD36244F240D24403C507000561D7
:10AFA8006FF01FF2938481949C40F9D797A7FF1FF5
:10AFB80083C707A5918BE9D389476313F5062D4508
:10AFC8002EC6EFB00FFF2A8445D9B245930700FD7E
:10AFD8002300F500E547A30005002301F50083C71A
:10AFE800350015051946230FF5FE83C7450095055D
:10AFF800A30FF5FE9760FF1FE78020DE17A5FF1F50
:10B00800034515A09307F00F6315F5009C4003C591
:10B018000700A2856244F240D24405616FB0DF8820
:10B02800894517A5FF1F0345659DEFC0EF8B624457
:10B03800F240D244239A019605616FF09FA197A729
:10B04800FF1F83C7E79B958B81CF938701989C430C
:10B0580091CB854717A7FF1F2302F7906FF07FA1B9
:10B06800494582804145828097A7FF1F2388078E24
:10B07800854501456F90F00E97A7FF1F83C7479836
:10B08800958B91C785472389F1966FF09FA1494514
:10B09800828023890196814505456F90500D93075D
:10B0A800C01C63FCA700094582800945F240624440
:10B0B800D2444249B249056182805DC5011122CC62
:10B0C8002A8421054EC64205AE899165938565712E
:10B0D80041814AC806CE26CA9770FF1FE780A08321
:10B0E8002A8961D59384C197884009C59770FF1F45
:10B0F800E7808091130589002320A90022868145D5
:10B1080023AE21979760FF1FE78040D49C4022869A
:10B11800CE8588439760FF1FE78020CC9C40239210
:10B128008700938781949C4385CF97A7FF1F83C788
:10B13800278D958B85CB9387C1979C4399CF98434F
:10B1480083D647006244F240D2444249B249054698
:10B158008D45054505616F90807F01478146DDB7C4
:10B168000145A9B7494599B7938781949C438DC7F1
:10B1780097A7FF1F83C7C788958B8DC39387C197F0
:10B188009C4381CB984383D6470005468D450545AA
:10B19800D9B701478146D5BF01458280494582809C
:10B1A8009307C01C63FCA700094582800945F2404B
:10B1B8006244D2444249B249056182805DC50111A9
:10B1C80022CC2A8421054EC64205AE899165938515
:10B1D800557141814AC806CE26CA9760FF1FE7808D
:10B1E80080732A8961D593844198884009C59770EE
:10B1F800FF1FE7806081130589002320A9002286AC
:10B20800814523A221999760FF1FE78020C49C40B5
:10B218002286CE8588439760FF1FE78000BC9C404C
:10B2280023928700938781949C4385CF9797FF1F2C
:10B2380083C7077D958B85CB938741989C4399CF8E
:10B24800984383D647006244F240D2444249B24907
:10B2580005468D45054505616F90A06F01478146FC
:10B26800DDB70145A9B7494599B7938781949C43B0
:10B278008DC79797FF1F83C7A778958B8DC3938733
:10B2880041989C4381CB984383D6470005468D451A
:10B298000545D9B701478146D5BF01458280494553
:10B2A80082809307C01C63F4A700094582807971E6
:10B2B80022D44ECE06D626D24AD0AE892A8431CDA3
:10B2C8002105916542059385757141819760FF1F3E
:10B2D800E78060642A890945630109089384019815
:10B2E800884009C59760FF1FE78000721305890031
:10B2F8002320A9002286814523A021999760FF1F5A
:10B30800E780C0B49C402286CE8588439760FF1FA3
:10B31800E780A0AC9C4023928700938781949C434C
:10B32800014585CF9797FF1F83C7876D958B494543
:10B338008DC76C001305D030EF20D10BB247014503
:10B3480093F7070F99CB938701989C438D45054543
:10B35800944303D64700EF908060B2502254925431
:10B368000259F249456182809387C1979C4391CFE6
:10B3780003D647008C43411106C69760FF1FE7803C
:10B38800C0A5B2400145410182800945828093876A
:10B39800C1979C4385C7938741989843894705C3BC
:10B3A800035647000C43411106C69760FF1FE7800C
:10B3B800C0A2B24081473E854101828089473E85CF
:10B3C80082809387C1979C4385C793870198984348
:10B3D800894705C3035647000C43411106C69760C9
:10B3E800FF1FE780809FB24081473E8541018280F0
:10B3F80089473E858280011106CE22CC26CA4AC8DA
:10B408008D4763FAA7008944F24062442685424981
:10B41800D244056182801797FF1F03472748C1441C
:10B42800E314F7FE9307F5FF93F7F70F8546AE840D
:10B438002A841799FF1F0349894663ECF6069DE1A4
:10B4480099452800EFC0BFD691451795FF1F0345C2
:10B45800E55A9797FF1F23848744EFB0FFC83DE85C
:10B4680081445DB71946814528009760FF1FE78032
:10B47800E09D19462C0026859760FF1FE78020A3D2
:10B4880059F119469305F00F28009760FF1FE780D0
:10B49800E09B19462C0026859760FF1FE78020A1B6
:10B4A8003DF11946A68528009760FF1FE780E092C6
:10B4B80061BFE31BE5F89797FF1F9387273EC847AF
:10B4C8002C00EF60600EAA8441D19797FF1F238854
:10B4D800273D1DBF2800EFD0CFE0AA847DF5930556
:10B4E80071001305F041EF00F15383447100ADF88A
:10B4F8008D47E317F4F64545EFD03F8635D1B7774A
:10B508001800938707A03306F50291451795FF1F8A
:10B518000345C54EEFB0DFB5C5BD9797FF1F83C77D
:10B52800274E918B99CF41111385819706C6EFC09D
:10B53800BFC7B240FD571797FF1F2314F7364101C5
:10B54800828001456FC05FC6FD57A388F196F95701
:10B558002388F1969797FF1F238207402389019636
:10B56800239A019623AE019623A2019823A001985D
:10B578009797FF1F9387C7211707000013074721D5
:10B5880098C3170700001307479AD8C317F7FFFF98
:10B598001307A75698C717F7FFFF1307C74DD8C754
:10B5A80017F7FFFF1307275098CB97F7FFFF9387ED
:10B5B800876423ACF1968280411126C293848194DA
:10B5C8009C4006C622C485CF2A840D45EFB06F9EE5
:10B5D800AA8519CD930700FD2300F5008D47A30028
:10B5E80085002301F5009C4003C50700EFB0CFABF1
:10B5F80019C42244B240924441016FF08FC5B24051
:10B60800224492444101828079714ECE938981947B
:10B6180083A7090026D206D622D44AD052CC814428
:10B62800A1C783C4170085472A896388F4049797BC
:10B63800FF1F83C7E726854485EB0D45EFB06F975D
:10B64800AA8505C1930700FD2300F5009147A300D3
:10B6580025012301F50083A7090003C50700EFB002
:10B66800AFA4EFF00FBF8544B2502254268502598B
:10B678009254F249624A456182809387C1979C43FC
:10B688004E8A85E30145EFD04FED2A8601CA8945E8
:10B698001795FF1F03458536EFB06FFA83270A0019
:10B6A800B1A0944303D647009305E1000545EFC0D8
:10B6B8003FBA69D983470500858BE9D70545EFD09F
:10B6C800CFE99307B0032A8463F3A7045D661306E2
:10B6D800067089451795FF1F03454532130444FC3E
:10B6E800EFB01F99239A819683A709000947A38081
:10B6F800E7009797FF1F83C7A71A91C79797FF1F60
:10B708002380071A95B74A85EFF01FEBB1BF1306E0
:10B7180000643306C5029DBF411122C42A840D4529
:10B7280006C6EFB00F8915C1930700FD2300F50089
:10B73800CD47A30085002301F5002244B240AA8525
:10B7480003C5119741016FB02F96B24022444101C1
:10B758008280411122C42A840D4506C6EFB06F8548
:10B7680015C1930700FD2300F500ED47A3008500F0
:10B778002301F5002244B240AA8503C5119741016F
:10B788006FB08F92B2402244410182800357450036
:10B798000111896606CE22CC26CA13866600AA87BE
:10B7A8006317C7009C47014583C5070009A813868E
:10B7B8008600631AC7009C47054583C50700EFF05C
:10B7C8004FD005453DA8138696006313C70213871B
:10B7D80081941843014515C79C4703C50700631B9F
:10B7E800050C8547A300F7000545EF90600ED1BF13
:10B7F8001386A600631CC7009C4703C50700EFF02B
:10B80800BFE0F2406244D244056182801386660339
:10B81800E30AC7F813867603E30FC7F8138686038F
:10B82800631DC7081C451307E00F83C4070083C7BF
:10B838000197638EE7021307F00F6386E70211454D
:10B84800EFA03FF7AA8505C1930700FD2300F50087
:10B858008947A30095002301F500A301050003C54E
:10B868000197EFB06F84F9572388F19699BF9387B2
:10B87800819498433E84014549D785EC85447D45AC
:10B8880023059100EFD06FCD2316A1001305000208
:10B89800EFD0AFCC1C40A305A1001307B100A380D3
:10B8A800970074001306A10085450545EF90A00A8E
:10B8B80009BF2685EFF05FD029B713869603E30DFD
:10B8C800C7F21386E6036317C7001C45094583C5FD
:10B8D8000700F5B59386F603631DD7021C4503C51B
:10B8E80007002DED6C001305D030EF20A130B247D2
:10B8F800414793F7070FE386E7EC9305B10013057B
:10B908006031EF20212F0345B1008545EF90600598
:10B918004DBD8966138606046315C7041C4503C418
:10B9280007009797FF1F83C76703228585EB0D459F
:10B93800EFA03FE8AA85E30605E8930700FD23008A
:10B94800F500D1472301F500A30085009387819472
:10B958009C4303C50700EFA03FF5A5B5EFF0DFDB7B
:10B968008DB513861605631BC7001C4503C5070064
:10B9780021E585450545EF80907FA1B5938626058D
:10B988000145E310D7E89C4703C4070083C7219704
:10B9980022859DE30D45EFA0DFE1AA85E30305E2DB
:10B9A800930700FD2300F500F147A300850023015C
:10B9B800F50003C5119745B7EFF0BFD919B5411187
:10B9C8009797FF1F83C7C70306C6958B99CB179513
:10B9D800FF1F1305E5DBEFC0CFFC4D45B240410129
:10B9E80082800145EFC0EFFB0145CDBF03C70500CD
:10B9F800937625009377D70F99C29367270013187A
:10BA080085011358884113F7F7076354080013E7B3
:10BA18000708937685009377770F99C29367870015
:10BA28001377050293F6F70D19C393E607022380EF
:10BA3800D500634508009377A50281CB83470600AC
:10BA480093E7C7002300F60082807DFD8347060048
:10BA5800CD9BCDBF2D456319071403C805000947C1
:10BA68006310E814C8410347150003450500220781
:10BA7800498F42070D654187930825A0630B170B73
:10BA8800011122CC26CA4AC84EC606CEBE89B68443
:10BA980032842E8963CEE800930705A0630DF70270
:10BAA800130515A06300A706239004000545B5A05B
:10BAB800930745A06309F7086348F706130565AAC5
:10BAC800E314A7FE85472390F600DC4583C70700EB
:10BAD8002300F60091A0C8459750FF1FE780203A41
:10BAE800420541814E86637335012A862390C4003E
:10BAF800420641828325C90022859750FF1FE780AF
:10BB0800C02D19A8DC4583D7070023900601230020
:10BB1800F600A183A300F6000145F2406244D24436
:10BB28004249B2490561828099472390F600194637
:10BB3800D1B785472390F600DC45014583C7070048
:10BB48002300F6008280DC45A9CB21472390E6003C
:10BB580003D707002300E60003D707002183A300CB
:10BB6800E60003D727002301E60003D72700218337
:10BB7800A301E60003D747002302E60003D74700E6
:10BB88002183A302E60003D767002303E60083D7D7
:10BB98006700A183A303F60041B723900600ADBF59
:10BBA8002390060005458280828083C80500894766
:10BBB800639BF814DC41797122D406D626D24AD088
:10BBC8004ECE52CC03C8170083C707002E84220824
:10BBD8003368F80042088D6713580841138327A07B
:10BBE800630468102A8A3A89B684B285634C0301D3
:10BBF800138707A0630AE802938717A0630BF80866
:10BC0800854711A8138737A0630CE80A138767AA2A
:10BC18008D47E317E8FEB250225492540259F24974
:10BC2800624A3E8545618280484432C69750FF1F6C
:10BC3800E780E024420541819D47E36E25FDB30975
:10BC4800990083C7A198B24563D43701B547E1B7D6
:10BC580048442686C2094A959750FF1FE780E01797
:10BC6800484403C6A19893D909010506330636410D
:10BC780081454E959750FF1FE780401D9387C198D7
:10BC88009C4399E3814741BF9C438145E5DF528549
:10BC980035A0AD47E31109F8E39A16FB8347160070
:10BCA800834606005844A207D58F2310F7009387D0
:10BCB800C1989C43E1DB9C438545E9D78297D9B776
:10BCC800AD47E31A09F49947E392F6F84844194650
:10BCD8009750FF1FE78060109387C1989C43DDD37E
:10BCE8009C43CDD38D4565B7AD4715F78547E39F91
:10BCF800F6F40347060093070008E3EEE6F0DC4598
:10BD08002380E70041B785473E85828023A60198B6
:10BD1800A385019823850198B707A000938581859D
:10BD2800938707059CC1B707E803DCC117E6010044
:10BD3800130606809777FF1F938787BC0947938E62
:10BD48003185D0C317D601001306867B854623802C
:10BD5800EE00138E018593884185D0C723AED701A5
:10BD680017D601001306C67A138381981388218594
:10BD78001385118597DE0100938E0E7A2300EE005D
:10BD88002380E8002380E7002388E7002380E70278
:10BD98002388E70223AEC7032380E7042300E800D3
:10BDA8002384D70023950700D0CB238CD700239D6D
:10BDB800070023A2D7032384D7022395070223A6CB
:10BDC8000702D0DB238CD702239D07022310030030
:10BDD8002300D50017DE0100130E0E7323A2C7053A
:10BDE8002388E70423AE17052380E7062388E706A0
:10BDF8002380E70897D801009388487317D7010074
:10BE08001307C77023A2E7082384D7041707000085
:10BE1800130787C42395070423A66704F0CB238C54
:10BE2800D704239D070423A217072384D706239545
:10BE38000706ECD7F0DB238CD706239D070623AE35
:10BE480007072384D7082395070823A6A708977709
:10BE5800FF1F9387E7B398C317070000130727D579
:10BE6800D8C323A407008280A54763E8A71017D783
:10BE78000100130727E80A053A951C41011122CC55
:10BE880026CA06CE4AC8BA97B2842E8482879307F8
:10BE9800800F63F9B7006145F2406244D2444249D9
:10BEA800056182809777FF1F938787A5C8573E89CA
:10BEB80019C59760FF1FE78020B5238501981306F1
:10BEC8001400916593850571328532C69760FF1F0E
:10BED800E78060A41777FF1F232AA7A44DDD324609
:10BEE80081459750FF1FE78060F60325C902228627
:10BEF800A6859750FF1FE78040EE2385819801456E
:10BF080061BF8947E399F5F8835706002394F198B0
:10BF1800FDB7A147E391F5F82146A68513858185EC
:10BF28009750FF1FE78060EBD9BF8547E395F5F68B
:10BF38009777FF1F9387C79CD04F9775FF1F9385EF
:10BF4800A59E03C50400EFF07FAA55BF8547E3947B
:10BF5800F5F49777FF1F9387A79AD05F9775FF1F10
:10BF68009385859EF9BF8547E397F5F283470600D9
:10BF7800A388F18469B7094505B70945828083C755
:10BF8800B19895E38547A385F198058909CD9776FA
:10BF9800FF1F9386E69F4146A5451775FF1F1305AA
:10BFA80025966F20003D0145828001111388F5FF19
:10BFB80006CE22CC26CA4AC84EC652C41378F80FF9
:10BFC800AD4563EE050BBA890A0817D701001307B8
:10BFD800E7D43A983E8A832708003689B284BA970C
:10BFE80082878545EFC08FBA2A8419E1EFF03F9D1B
:10BFF8002285F2406244D2444249B249224A05614C
:10C0080082808945EFC08FB82A847DF12685EFE0CC
:10C018009F9AF9BF9145EFC06FB72A8471F952868C
:10C02800CE854A85EFC0EFABEFF07F99EFF0EFCE0A
:10C03800EF50703475BFA145EFC04FB52A844DF954
:10C048005286CE854A85EFC0CFA92685EFE0BF96F8
:10C05800EFE0FF8DEF50103061BFB145EFC00FB377
:10C068002A8459F55286CE854A85EFC08FA7268542
:10C07800EFE07F94EFE0BF8BEF50D02D75B7094408
:10C0880085BFBD47638CF50663E9B702A54763879B
:10C09800F50663EDB7009947638CF5049D47638FF8
:10C0A800F5049547638CF50401458280B54763879D
:10C0B800F50463E1B704AD47F5B7DD47638EF502D4
:10C0C80063EAB700C947638BF502D9476386F5026F
:10C0D800C547C9BFF5476383F50263E4B700ED4779
:10C0E800D1B793072005638BF5009307200D5DBF3B
:10C0F8004845828008418280084582804841828084
:10C108009307F00F630EF506011126CAAA841305DA
:10C11800000222CC4AC84EC652C456C206CE3A893C
:10C12800B689B28A2E8AEFA0CFE82A844D4515C871
:10C13800930700FB2300F400A300540123114401DA
:10C148002302340113058400614663050902CA8588
:10C158009750FF1FE78060C8A2852685EFA0CFF41F
:10C168000145F2406244D2444249B249224A924AC5
:10C178000561828081459750FF1FE78020CDE9BF88
:10C1880009458280011122CC06CE2A842306B100FB
:10C19800A306C100EF4080410DC10347C500A14778
:10C1A8006311F70278009306E0070146A285179508
:10C1B800FF1F03450585EFF0BFF4F24062440561B7
:10C1C800828078009306E0070146A2851795FF1F35
:10C1D80003451583CDB7930700643306F6026FA0B5
:10C1E800BFDC05C90347050085469307270093F779
:10C1F800F70F63F0F602411122C42A843A8506C675
:10C20800EFA0FFF5FD572300F400B240224441019E
:10C2180082808280035705009307000B6313F7029F
:10C22800834745004947639CE70003471501854755
:10C238006399E7000355250085456F20703E6D47DB
:10C24800C5BF8280011122CC06CE2A842EC632C4F4
:10C2580036C2EF40A0350DCD8346C500A147124731
:10C268002246B245639EF600B2861785FF1F034536
:10C2780045792E86A2856244F24005616FF05FE839
:10C28800B2861785FF1F0345B5772E86A285E5B7C9
:10C29800F240624405450561828023AAA198828004
:10C2A800011122CC26CA06CE2A84AE84EF40003083
:10C2B800A6852285EF20A1091DE522852316910078
:10C2C800EF40C02E0DC10347C500A1476312F70216
:10C2D8001785FF1F0345E57278009306F0070146AE
:10C2E800A285EFF0FFE1F2406244D244056182800A
:10C2F8001785FF1F0345D570C5B7011126CA06CE9D
:10C30800B68422CCDD4663E2B608D94663FED50A78
:10C31800A5466381D50A63EEB6049546638CD508B5
:10C3280099466387D50A054441687D18631606094E
:10C338003AC6EF20810533068540324742064182DE
:10C34800420441803305C4004205BA85418132C6A2
:10C35800EF20303DAA8749C181C432462390C400EA
:10C36800B30580406244F240D2443E8505616F10B7
:10C37800B162C5466380D504C9460D44E395D5FA34
:10C38800C167FD17E31EF6FA65B7F5466380D50465
:10C3980063E4B600ED46D5B7930620056388D50259
:10C3A8009306200DE391D5F8C167FD170D44631975
:10C3B800F600BDBF09448DBF9306200DE392D5F862
:10C3C800310642064182ADBF15445DBF0D444DBFE5
:10C3D800C167FD171D447DB7F2406244D244056130
:10C3E800828079714ECEAE89C16526D20147AA8472
:10C3F800894617D6010013066614FD15054522D493
:10C4080006D64AD0EF00F061054431CD2A891307DA
:10C41800300281461146F5452685EFF01FEE2AC603
:10C42800554431C18357A900CE8601462314F10033
:10C4380091472315F10085472300F500B2472C00EA
:10C448002685A38007003247FD572301F7003247AE
:10C45800A301F700EF00B0522A8411C53245975066
:10C46800FF1FE780605A2285B25022549254025925
:10C47800F24945618280411106C6EFF09FC019C597
:10C48800B24041011753FF1F67000358B2404101F2
:10C498008280011106CE2AC6EF10315632459145E9
:10C4A80023A8019823AA01989787FF1FA388A75458
:10C4B800EF205022F24005616F2040007971939778
:10C4C80005014AD006D622D426D2C187014963DDA8
:10C4D800070A1785FF1F034575522E89EFA06FB411
:10C4E8002A8445C1034705009307000A6318F70823
:10C4F80085474C08A305F100EF10315CAA8405EDCF
:10C508008347610171476378F708138717FE13772C
:10C51800F70F9306000263F7E608858BC5CB938770
:10C5280001999C43994481CB035524001306B1001B
:10C538004C088297AA848347B10099C7084409C563
:10C548009750FF1FE780404C95E05247B70700011E
:10C55800938707F07D8FB707120093870710630F43
:10C56800F70003476101ED47631AF70003552400FC
:10C578008545EF20F00ACD476388F4002285EFA0B7
:10C588002F9EA1673349F900B25022544A8592542C
:10C598000259456182803707301405073357F70081
:10C5A800058B25DF13874199184351D7034751015C
:10C5B80059F32306F10099472308F1000355240095
:10C5C8006C0023170100EF10316EB5B793874199BE
:10C5D8009C439DC3035524001306B1004C08829761
:10C5E80039D9AA8483475101B9F7834761012308E0
:10C5F80091002306F100D9B79944EDB7014582802F
:10C608009786FF1F83C61640814763E5D700014719
:10C618003A8582802E87910503D6C5FFE30AA6FED8
:10C628008507E5B70DCD834725000547890793F7AB
:10C63800F70F6376F702411122C406C62A84835590
:10C648000500034535000147F9465D46EFF05FAB4D
:10C65800F9572311F400B2402244410182808280BC
:10C668001787FF1F0347173A8147FD5663E3E70023
:10C6780082802310D5002301050085071105FDB729
:10C68800014582809385F1869307000285462380C1
:10C69800F500FD572387F186A380F1862380F18674
:10C6A8002396D186239C019823A0019A23A8019A56
:10C6B80023A2019A1386418697D70100938787E6BC
:10C6C8005CC2238D01989767FF1F9387272D094721
:10C6D8002300E6002380E7002388E7002380E702A1
:10C6E8002388E70217D701001307C7E2D8DB0D47F5
:10C6F800238CE7021387C19918432384D700D0C736
:10C70800238CD70017D50100130585E217D6010041
:10C71800130606E097D60100938646E2C8C3239520
:10C728000700D0CB239D0700CCCFD4D323840702A6
:10C738002395070223A60702239D0702D8DF9767E0
:10C74800FF1F9387A729170700001307870C23A04B
:10C758000700D8C323A407008280411106C6EFF062
:10C768003FEA11C503452500B240410182800145D9
:10C77800E5BF411122C426C24AC006C6AA842E8932
:10C788003284EFF0FFE711E94165CA857D15EFF0C6
:10C798003FE7C54711C52310950023018500814750
:10C7A800B2402244924402493E854101828029E7F1
:10C7B8008948354763931605011106CE22CC26CA4F
:10C7C800034716000346060093C7F7FF2207598E52
:10C7D800F18F32C68DE7C4452A84A685EFF0FFF7AE
:10C7E80032460147630FA60022856244F240A685BF
:10C7F800D24405616FF0FFF72D473A858280130711
:10C808000008F2406244D2443A850561828083C8B8
:10C81800050009486395080303A8450083471800E5
:10C8280003480800A207B3E70701C2070D68C187DC
:10C83800130828906395070189476FF05FF705454E
:10C84800828003C711869307F00F630AF70441112A
:10C858004AC02A89294522C426C206C63284AE8423
:10C86800EF903FF51DC59307100B2310F500230229
:10C878000500231485002244231125012313950064
:10C88800B24092440249AA8503C5118641016FA0AE
:10C89800AF81B240224492440249410182808280A1
:10C8A80041119387C19926C2AE848C4322C406C61F
:10C8B8002A84EFF09FEA098909C922852244B240F7
:10C8C800A685924441016FF0DFB1B2402244924400
:10C8D800054541018280411122C426C24AC006C6CC
:10C8E800AA84130445001309850B835704009DC3CC
:10C8F800084409C59750FF1FE7800011228531467B
:10C9080081459740FF1FE78060543104231A04FED5
:10C91800E31D24FDB2402244FD572390F400024950
:10C928009244410182809387819A98431786FF1F1A
:10C938000346560D81476315F60081463685828089
:10C94800BA861307870B835587F4E389A5FE850705
:10C9580093F7F70FCDB79387019B9C4399C703D7EC
:10C968004700E31CA7FE8847828001458280411169
:10C9780006C6EFF05FFE09C50845B2404101828056
:10C988000145E5BF011126CA9384450022CC4EC655
:10C9980006CE4AC852C456C25AC0268781490144A5
:10C9A800814681473D450356070055CED9E20354D9
:10C9B800470083572700B286A297C207C18385091B
:10C9C8003107E392A9FE25C82E89916593854570A4
:10C9D80022859750FF1FE78000F42A8B29CD814AD2
:10C9E800014A8C4485C503D6440033054B01974062
:10C9F800FF1FE780803E83D7440088443E9A420A5E
:10CA0800135A0A019750FF1FE780000063890A0044
:10CA18003146814526859740FF1FE7802043850AD8
:10CA2800B104E3E03AFD2326690123148900054592
:10CA380021A0630DD6000145F2406244D244424928
:10CA4800B249224A924A024B056182800356270066
:10CA5800E313F6FE035647003294B2974204C20726
:10CA68004180C183A9BF0545E37835FDA9BF9387F8
:10CA7800419A9C4399E30145828098470357A70050
:10CA8800E319A7FE138547008280411106C6EFF01F
:10CA98001FFE11C503550500B240410182800145C2
:10CAA800E5BF411106C6EFF09FFC11C503452500FF
:10CAB800B240410182804145E5BF411122C42A8428
:10CAC8002E8506C6EFF0FFFDAA8505462285EF30C4
:10CAD800303195476305F500BD476313F5002145DF
:10CAE800B240224441018280411122C42A840905AE
:10CAF80006C6EFF00FEFFD57A301F400B240224441
:10CB0800410182809387C19A9C431787FF1F03477F
:10CB180077EF2A86050781463E8583D70700638815
:10CB2800C700850693076500E3E8E6FE01458280B5
:10CB3800411122C4416406C626C29307E4FF630E6E
:10CB4800F500AA8485E1EFF0FFFB01E91305F4FF86
:10CB5800EFF05FFB19C123109500B24022449244C4
:10CB68004101828085476394F504EFF0BFF92A8478
:10CB78006DD5FD572310F500834724001307F00FE8
:10CB88006384E7021307E00F638AE7000345340074
:10CB98000147F9465146A685EFF08FD62285EFF07A
:10CBA800BFF4FD572301F400230204007DB7894731
:10CBB800E395F5FA8545EF30D04245F12685EFF04B
:10CBC8007FF42A8455F951BF5D71A6C24EDE86C630
:10CBD800A2C4CAC052DC56DA5AD8AE8483C525002E
:10CBE800F947AA896396F504EFF0DFF12A8409ED85
:10CBF80001442285B640264496440649F259625AB1
:10CC0800D25A425B616182808347250005478907C4
:10CC180093F7F70FE37EF7FC034535000147F94624
:10CC28000146CE85EFF0CFCD2285EFF0FFEBC9B7F7
:10CC380083AA0400B7070001938707F0370712009B
:10CC4800B3F7FA0013070710328A0149638AE7022B
:10CC58002EC6EFF03FEB2A89B2451DC103464500B9
:10CC680005C293178601E187E3C407F84E85EFF004
:10CC78006FD18347490093E707F82302F9008DBF76
:10CC880003C7E1869307F00F1944E304F7F6E14779
:10CC9800E3E1B7F693D71500FD178E0717C7010014
:10CCA8001307C70ABA9703A80700E30408F403ABFD
:10CCB8004700E3000BF4C20A93DA0A0163850A000D
:10CCC800C947E398F5F283D64400904483C514001D
:10CCD80003C50400380802982A8401FD2C084E85F3
:10CCE800029B2A8421C983C71400E39407F083C7F1
:10CCF8002400230AA10039472308F1006399E702B9
:10CD080062478347170003470700A207D98F0C081B
:10CD18004E852319F100EF102179E30B05EC140877
:10CD28000546D9454E85EFF0EFD12A84D9B583570A
:10CD38008101F1BF83C624009147E38BF6EA3808E6
:10CD48000146CE8503C5E186EFF08FBB2A84E31246
:10CD580005EA83C524002808EFF0AFB219C1230003
:10CD68000A009840B7070001938707F07D8FB7073F
:10CD7800120093870710E30DF7E6E30B09E683C774
:10CD880024002302F900B5B5011106CE2EC6EFF036
:10CD98007FD701CD83474500B245138717006396B7
:10CDA800E50093F707F82302F500F2400561828059
:10CDB8009387419A984319E3014615A81C4703D85D
:10CDC800A700636B050183584700B38608016355C4
:10CDD800D5008146639416011843F1BF3E86C1070A
:10CDE80003D3A7FF6317A30099C1239005013285D8
:10CDF80082808506C206C182F1BF397152D42E8A5B
:10CE08004ED69305E101AA89528522DC4AD856D22A
:10CE180006DE26DA328936C63AC4BE8AEFF05FF9F2
:10CE2800054435C5AA840355E1013944EFF0BFB282
:10CE380039CD03284500630C08042247B246D6873B
:10CE48004A86A6854E8502982A8431E19307E00F29
:10CE5800638FFA0203C704008947631AF702D840B0
:10CE68008347170003470700A207D98FC2070D673A
:10CE7800C18713072790639CE7008347190003467F
:10CE88000900D285A2075D8E4E85EFF09F9B228513
:10CE9800F2506254D2544259B259225A925A2161DC
:10CEA8008280797122D4035425004ECEAA89228526
:10CEB80056CA06D626D24AD052CC5AC85EC662C4D2
:10CEC800AE8AEFF05FA601E92285EF10912E594452
:10CED80029E90144B9A003C789008547AA84014408
:10CEE800631AF702AA8513858900EFF0BFA929CD37
:10CEF80003D7640083D68400D04483D5440003D587
:10CF08002900E147EFF07FEFD9472A846318F5023B
:10CF180023A604002685EFF01F9C49C0D947E30AE1
:10CF2800F4FA2285B250225492540259F249624AC4
:10CF3800D24A424BB24B224C4561828061DD83D795
:10CF480044002390FA00F9B713894400014AB94B09
:10CF5800594C3D4B83550900D5DDE14763067A01FD
:10CF68000357C90011C3D9470357290083564900FD
:10CF78000326890003D52900EFF03FE82A846319C6
:10CF8800850123240900050A3109E3156AFD59B70B
:10CF98007DD9835709002390FA00F5B703D52900F6
:10CFA8002DB701112317C1009307E00F1306E10005
:10CFB8000147894606CEEFF05FE4F24005618280C2
:10CFC800797122D42A840355850026D2AE8493052C
:10CFD800210106D64AD0EFF0BFDD6308050E83476E
:10CFE80085002AC693F707028DCF03552101EFF07C
:10CFF8001F98AA87B24501ED8357840039452390CD
:10D00800F400B2502254925402594561828003556B
:10D0180024004946829711C5835784002390F40061
:10D02800CDB7035924004A85EFF0FF8F11ED416514
:10D038007D15EFF05F8F19E5835784002545239010
:10D04800F400C1B723102501130745008147BD46E9
:10D05800035607002DE63147B387E702130984001A
:10D068003146CA8591073E959740FF1FE780E0D675
:10D078003146CA8548089740FF1FE78000D6035607
:10D08800C4000355240041478146DD45EFF0EFA673
:10D098002ACE19E58357840045452390F40095B7B7
:10D0A8000C480356C4009740FF1FE78000D3035580
:10D0B80024004C08EF10B10B29D5594599B78507BD
:10D0C8003107E397D7F8254581BF0545B1B7797191
:10D0D80022D42A840355850026D2AE849305E10123
:10D0E8004AD006D63289EFF0BFCC51C583478500B8
:10D0F80093F70702A9E7034714019307200519E3EB
:10D10800834744008356A400504483558400035544
:10D1180024000147EFF07FCEAA8721E98347140155
:10D1280099E703552400EF10A17FD94711E1814702
:10D13800B2502254925402593E85456182802AC6D3
:10D148000355E101EFF0BF82AA8705C9B24503552F
:10D15800240049468297AA8759DD03578400239003
:10D16800E4000347140161F7E1B75947E317E5FE07
:10D17800230009006DBF8547CDB7B947F9BF39719D
:10D1880022DC4AD84ED652D406DE26DAAA892E8A5E
:10D1980032C63689EFF01F97094415C58347250025
:10D1A8001307E00FAA845D44638FE7001307F00FAD
:10D1B8005944639AE700324605E2D2854E85EF105E
:10D1C80031032A8415CD2285F2506254D254425933
:10D1D800B259225A2161828003550A009305E10160
:10D1E800231F0100EFF0DFBC0355E101EFF07F8B57
:10D1F800AA8505464E85EF30A03E2A845DDDE1B75D
:10D208009307F00FE301F9FC938624007946A6857D
:10D2180017F5FFFF13054541EFE0FFFBA38124014C
:10D228005DB739719387419A26DA844352D45AD02C
:10D238005ECE62CC06DE22DC4AD84ED656D266CA0C
:10D248002A8BAE8B328C368A99E08149B9A080440A
:10D2580083DC44000149835AA40063149901844083
:10D26800E5B78357A400A28963F867010509420955
:10D27800135909014104D5B7E3EAFBFE630C0A0020
:10D28800834504004840D28662863AC6EF00F17BA7
:10D29800324769DD19C323105701F25062544E8595
:10D2A800D2544259B259225A925A025BF24B624CFA
:10D2B800D24C2161828003D7050083D6250085479B
:10D2C80063E9E60439C7411183C6450026C2938441
:10D2D800550022C426862E8417C50100130545254E
:10D2E800894506C6EF007176C14711CD83464400D3
:10D2F800835524000355040001472686EFF07FF28A
:10D30800814711E1A947B240224492443E85410138
:10D3180082803E8582802E860355060083D52500AF
:10D32800854763E2A50205C18346460041110147CE
:10D33800150606C6EFF0FFEE814711E1A947B24096
:10D348003E85410182803E8582802E8603550600F7
:10D3580083D52500854763E2A50205C183464600BB
:10D3680041110147150606C6EFF0BFEB814711E1F1
:10D37800A947B2403E85410182803E85828039714D
:10D388004ED683D7250083D9050006DE22DC26DAAF
:10D398004AD852D456D25AD05ECE62CC66CA6AC82F
:10D3A80063E037198547638E0914416BAE8A2A8A70
:10D3B8002314010002C6014401497D1B894B054C19
:10D3C800C94C054D83D52A000147814601464E8543
:10D3D80023130100EFF0FFE4AA846300051209ECAF
:10D3E80013072002930661005A8695455285EFE09F
:10D3F800DFF02A84630805120357810083C70400FD
:10D4080045C70347A100630CA70741476385E702A7
:10D418002C005285EF10A11E09CD34001546D945C0
:10D428005285EFE03FE211C532459740FF1FE78084
:10D43800A05D8147F9A083D7A400414613052400C5
:10D448002300F40083D7A400A183A300F400CC40F8
:10D458009740FF1FE780609849048357810085073C
:10D46800C207C1832314F10063F9270983D7A400F5
:10D47800638567098509C20993D90901A1B7E399A9
:10D4880077F983D7A4000946130524002300F40084
:10D4980083D7A400A183A300F400CC409740FF1FCA
:10D4A800E780A093110455BF22C60359610003C742
:10D4B800A4001305240063827703335999032305D5
:10D4C80071012300E40083D7A4004146A183A3008F
:10D4D800F400CC401379F90FA5BF2305810123007F
:10D4E800E40083D7A400135929001379F90FA18305
:10D4F800A300F4000946CC4055B78357810089FB47
:10D50800A947F2506254D2544259B259225A925AF7
:10D51800025BF24B624CD24C424D3E8521618280C7
:10D528008547C5B7C547F1BF03C7E19B854763F387
:10D53800E706011122CC26CA4AC806CE2A843289B7
:10D54800AE84EFF02FDC01C9034725009307E00FF5
:10D558005D456308F700631C0900A6852285EF1066
:10D568000146F2406244D24442490561828003D5B3
:10D5780004009305E10023170100EFF07F830355B2
:10D58800E100EFF00FD2AA8505462285EF3040056D
:10D5980069D5C1BF5945828013F7050201C7B28515
:10D5A8006FF0AFD1411126C24AC006C622C413F992
:10D5B8008500AA8463170900139785016187635D55
:10D5C800070232853684EFF0CFCDAA85054663136E
:10D5D800090001462685EF30A00001E90145B24067
:10D5E8002244924402494101828083479400E5DB4A
:10D5F80083478400E5F7E5B793F72500E5F30D4584
:10D60800F9BF7971AE8622D42A8403D50600930522
:10D61800E10106D636C6EFF0AFF909CD834585009E
:10D62800B2460356E1012285EFF01FF7B2502254AB
:10D63800456182800545DDBF13F7050201C7B28544
:10D648006FF0AFC7411122C426C206C693F4850005
:10D658002A8491E413978501618763500702328514
:10D66800EFF02FC4AA85054691E0014622852244A1
:10D67800B240924441016F20B07693F725000145EE
:10D6880091E30D45B2402244924441018280797170
:10D69800AE8622D42A8403D506009305E10136C656
:10D6A80006D6EFF0EFF0B24601CD8345850003566C
:10D6B800E1012285EFF05FF8B25022544561828083
:10D6C8000545DDBF797126D2AA840355A500C16737
:10D6D80022D44AD04ECE06D623170100FD17328435
:10D6E800B6890149630DF500050583C60400D040DD
:10D6F80042051307E1004181EFF0BFB22A8983C6D2
:10D708000400D040894517C50100130565E2EF0004
:10D71800D1331DC503D4A4002285EFF00FB709C586
:10D728007D142A944204418063840900239089006F
:10D73800B25022544A8592540259F2494561828076
:10D7480083C60400D040894517C501001305C5DE0E
:10D75800EF00B12F61F183C60400D040894517C599
:10D7680001001305E5DAEF00512E19C9E30609FA9D
:10D778008357E100E39287FA0354A9007D145DB74B
:10D7880003D4A40055B7397122DC26DA4AD84ED61C
:10D7980052D456D25AD062CC06DE5ECEBE8983C73A
:10D7A80085002A8AAE84C18B328C36843A89C28A33
:10D7B800468B9DE783CB04008947638BFB04628516
:10D7C800EFF06F991DC183280500638008025A880D
:10D7D800D6874E87CA862286A6855285829839A022
:10D7E8003285EFF0CF98AA8711ED3945F25062548F
:10D7F800D2544259B259225A925A025BF24B624CA5
:10D80800216182802946A6855285829745D5F9BF30
:10D81800D8408347170003470700A207D98FC207DC
:10D828000D67C187930607906384D72263CEF606F7
:10D8380093062780638ED70C63C1F602130707800F
:10D84800E3CFE7F62D45E39309FADC4403C6070066
:10D85800CC432310C900228569A213073780E390BF
:10D86800E7F62D45E39409F885472310F900DC44D1
:10D87800814583C707002300F40003D5A4000505EC
:10D8880042054181EFF0CFD2835709006317051293
:10D8980091072310F90011468145130514009730AC
:10D8A800FF1FE780A05A29A2930627906383D71801
:10D8B80063CED71293063790638CD7181307479017
:10D8C800E39FE7EE2D45E39309F2DC441D4723105F
:10D8D800E90003C707002300E40003C71700A300FB
:10D8E800E40003D727002301E40003D7270021839E
:10D8F800A301E40003C747002302E40003D767003D
:10D90800A302E40083D76700A1832303F4004DA09A
:10D918002D45E39D09ECDC446C0083C9170003C75F
:10D928000700A209B3E9E90011472310E90083C7FA
:10D9380007004E852300F400DC4483C71700A300CA
:10D94800F400EFF0EFC6AA8435C50356C100C165DF
:10D958009306E100FD158329C500EFF0BFD619ED48
:10D9680083C60400D040894517C501001305C5BC0E
:10D97800EF00B10D01E5FD572317F10003C70900BA
:10D9880089476310F70283A5490009461305440037
:10D998009730FF1FE78060448357090089072310E9
:10D9A800F9008357E1002301F400A183A301F400E7
:10D9B80001452DBD23173101EDB703470500890740
:10D9C800BA972310F9008357A500A300F4008357E2
:10D9D800A500A1832301F400034605004C4113056B
:10D9E80034009730FF1FE780403FD9B7C8449730CD
:10D9F800FF1FE780C04893170501C1832A871D458B
:10DA0800E3E637DF6399F90023100900CC44035695
:10DA18000900CE9589B54207B3863A01418363C7A9
:10DA2800E600B38737412310F900CDB72310590119
:10DA3800F1BF2D45E39C09DACC445285EFE0FFD1D4
:10DA4800231079012300A4002181A300A4008DB72D
:10DA58002D45E39D09D8DC442310790183C70700CD
:10DA68002300F400DC4483C71700A300F40089B73F
:10DA78005D71CAC02A89035525004EDE52DC56DA8C
:10DA88005AD85ED662D466D26AD06ECE86C6A2C492
:10DA9800A6C22E8BEF00710F130CF5FF931D0C011E
:10DAA800C16BAA8A8149177AFF1F130AAACF93DD8F
:10DAB8000D01938C019A138D8199FD1B8357C90021
:10DAC80063F8F9009777FF1F83D7C7CD63CE870127
:10DAD800035529009775FF1F9385C5CCEF00D158D2
:10DAE800AA841DCDD9442DA883278900139719002E
:10DAF8009305E100BA9703C4170083C707002204FF
:10DB08005D8C2285EFF0CFAAAA851DE923108B0032
:10DB180003254A00854409C59740FF1FE780C0EEEA
:10DB2800B6402644268506499644F259625AD25A86
:10DB3800425BB25B225C925C025DF24D6161828065
:10DB48008348490083A60C000356E10003552900C9
:10DB58006E8881476A87EFF01FC3AA8411C5231016
:10DB68008B0003254A0045BF83274A0095E30355E8
:10DB78002900514781465E86BD45EFE00FF897774B
:10DB8800FF1F23A3A7C209E523108B00C54449BF83
:10DB98009777FF1F83D707C103D781993E976347BC
:10DBA800570113C7F7FF5697239CE19803254A00AE
:10DBB80083A50C0003D681993E959730FF1FE78017
:10DBC800C02183570A0003570D008509C209BA9777
:10DBD8001777FF1F2318F7BC93D90901C5B5397109
:10DBE80022DC2A840355250006DE26DA4AD84ED6DA
:10DBF80052D45AD05ECE62CC66CAAE8B56D2EF00F3
:10DC0800C1782A8A8346C4008355A400035584003A
:10DC180078001306D400930CBAFF651AEFF06FE092
:10DC2800420A416B2A898144135A0A01138C019ACA
:10DC38009779FF1F938909B77D1B6302090463D095
:10DC480094058348440083260C000356C1000355FD
:10DC580024005288814713878199CA85EFF0BFB2A3
:10DC680015C5814A0356C1008355A4004A85930609
:10DC7800E100EFF03FA52A89639D0A065DFDE5E016
:10DC88008357840029452390FB0081A00356040193
:10DC980083D78199E317F6FC83250C004848973011
:10DCA800FF1FE780C02055DD83A74900A1E3035586
:10DCB8002400454781465A869D45EFE00FE41DE163
:10DCC8008357840045452390FB00F2506254D25498
:10DCD8004259B259225A925A025BF24B624CD24CC8
:10DCE800216182809777FF1F23A0A7AC835AA900E0
:10DCF80095BF83A74900A6972380570193871400EF
:10DD08001397070183A74900418393DA8A00BA97DA
:10DD1800238057011387240083A649009387340082
:10DD2800420791044183C207C204C183C180369768
:10DD380011CD8356E1002300D70003A74900BA9705
:10DD48000357E10021832380E700C5BDFD5623006A
:10DD5800D70003A74900BA972380D7000DB703550A
:10DD6800240089809775FF1F9385C5A39777FF1FA8
:10DD7800239A97A2EF00511529D95945B9B74111EE
:10DD880022C406C693F705012A84328585C3EFE0CD
:10DD98005FD1AA8505462285EF2090049547630543
:10DDA800F500BD47631DF502214515A893F7450009
:10DDB80099CBEFE01FCF0546AA8522852244B240C1
:10DDC80041016F20F00193F7050489C7EFE07FCD8B
:10DDD8000146DDB713F51500133515000605B240E9
:10DDE80022444101828079714AD04ECE52CC06D667
:10DDF80022D426D22A8AAE89014983D7490063648E
:10DE0800F9000145A1A083A7090013141900930480
:10DE180014003387970003470700A29703C507003C
:10DE280022079305E100598DEFE09FF805E983A7E4
:10DE3800090005453E94034704002380E70083A7B3
:10DE48000900BE9403C70400A380E700B25022541F
:10DE580092540259F249624A45618280834585009D
:10DE68000356E1005285EFF09FF105C183A7090031
:10DE78003E94034704002380E70083A70900BE946B
:10DE880003C70400A380E700D1B705094209135965
:10DE98000901A5B7011122CC2A8403D505009305F1
:10DEA800E10006CEEFE0DFF001CD834585000356A3
:10DEB800E1002285EFF0BFECF24062440561828008
:10DEC8000545DDBF397126DAAA840355250006DE2B
:10DED80022DC4ED652D456D25AD05ECE62CC66CA16
:10DEE8006AC82E8A4AD8EF00414AAA8A83C6C40063
:10DEF80083D5A40003D58400138CAAFF7800138669
:10DF0800D400EFF00FB2420CC16CAA890144135C33
:10DF18000C01138B8199938B019AFD1CED1A177DC7
:10DF2800FF1F130D2D88638D09180356C10083C583
:10DF3800890003D52400EFF09FE42A89631D0516A4
:10DF480083C8440083A60B000356C10003D52400F0
:10DF58006288814713878199CE85EFF0DF822A890D
:10DF6800631B051439C003D7819911079777FF1FE1
:10DF780083D767836395E700A29763C057099777AC
:10DF8800FF1F83D747823354F40203D524009775C3
:10DF9800FF1F938525819777FF1F23958780EF00C3
:10DFA80031102A890DC559491DA003D524004947B8
:10DFB80081466686C545EFE04FB49767FF1F23A5E6
:10DFC800A77E0DE583D7A90045492310FA00F25032
:10DFD80062544A85D2544259B259225A925A025B23
:10DFE800F24B624CD24C424D2161828083570B0028
:10DFF80091071767FF1F2318F77A83274D0003D768
:10E00800A9009306E100A2972380E7009307140074
:10E018001397070183274D0041834E85BA9703D78D
:10E02800A90021832380E7000356C10083D5A400FB
:10E03800EFF04FE983264D00130724000356E10053
:10E048004207418336972300C70003274D009307F3
:10E058003400C207C183BA970357E100AA891104A3
:10E0680021832380E70003254D004204418003D625
:10E07800819983A50B002295639509029730FF1FAC
:10E08800E780A0D583570B003E9442044180E318F3
:10E0980004EE83D784002310FA00E31A09F2294911
:10E0A8003DB79730FF1FE78040D383570B003E945E
:10E0B800420441808DBD83D7A9002310FA00C1BF57
:10E0C8000149F1B75D71A6C2CAC0AA840359850087
:10E0D80003552500A2C44EDE56DA5AD85ED662D45D
:10E0E80066D26AD086C652DC6ECE2E8BEF00E1294E
:10E0F800930BD5FF7115931905010144138DD400B5
:10E1080093D90901138C8199938C019A976AFF1FFF
:10E11800938A4A696358741583C6C40083D5A400DA
:10E128001307E1006A864A85EFF0AF8FAA8D630B6B
:10E1380005120359A500834585000356E10003D560
:10E148002400EFF0DFC36314051283C8440083A6DC
:10E158000C000356E10003D524004E88814713873D
:10E168008199EE85EFF02FE2631305101DCC83D75C
:10E1780081991767FF1F035707638907630EF7061F
:10E188009767FF1F83D727623354F40203D524000F
:10E198009765FF1F938505619767FF1F2394876025
:10E1A800EF00415C05C5594515A003D5240041661B
:10E1B8004D4781467D16A545EFE02F949767FF1FD1
:10E1C80023A4A75E1DE123102B014545B640264434
:10E1D80096440649F259625AD25A425BB25B225CB3
:10E1E800925C025DF24D6161828083570C00890761
:10E1F8001767FF1F2319F75A83D78199A29763D30B
:10E20800770783A74A0003D7AD00130A2400A29713
:10E218002380E70005049317040103A44A00C1837F
:10E22800420A3E9483D7AD0083A50C00135A0A0115
:10E23800A1832300F40003A54A0003D681995295CF
:10E248009730FF1FE78060B903540C00C167FD17C2
:10E25800529442044180E30FF9EA0509420913592F
:10E2680009014DBD294509FC23102B0185B76DDC3B
:10E2780001BF8357050081E789473E8582804111A8
:10E2880026C2444122C406C683C60400D0402A845C
:10E29800894517B501001305A529EFF0107B19C9A9
:10E2A800834724002547E51793F7F70F6376F702AE
:10E2B800E14729A883C60400D040894517B5010065
:10E2C80013058527EFF0707861FD8947B240224435
:10E2D80092443E854101828083D6C1868547FDD61A
:10E2E800035704003697C166E3C2E6FE916593853D
:10E2F800257031459730FF1FE780E061AA84CD473C
:10E3080071D5314681459730FF1FE78020B4835788
:10E31800040083D5C18601460147B386E500C206DD
:10E32800C1826369F702AE97C207C18319C22396F7
:10E33800F18623A004002146A28513854400973066
:10E34800FF1FE78080A99387419A9C4391EF23A2FE
:10E35800919A31A850401315470005072A962315AE
:10E36800D60005465DBFBA87984375FF84C38147C9
:10E37800B1BF011106CE22CC26CA4AC809E9894490
:10E38800F240624426854249D244056182802AC609
:10E398002A84280036892314B1002305C100EFF030
:10E3A8005FEDAA8471FDE30D09FC8357A400E1DB4E
:10E3B80091659385557031459730FF1FE780A055CB
:10E3C8000DC58357A400232005002324250123120B
:10E3D800F5009387019B9C4389E723A8A19A4DB731
:10E3E800BA87984375FF88C361BFCD4451BF83C7BF
:10E3F800A19995E38547238DF198058909CD97461D
:10E40800FF1F9386A65D414691451745FF1F1305DB
:10E41800E5586FF01FF601458280A380A1868280AF
:10E42800C167FD176315F5002E856FE06FA34111D5
:10E4380006C6EFE0EF9C11C5FD572310F500230138
:10E448000500B2404101828001114AC806CE22CCA3
:10E4580026CA85472A896393F5044A85EFE0AFCC3D
:10E4680039E9C1649385F4FF1307E100894617B6BB
:10E4780001001306260A0545EFE0BFDA2A84FD14D9
:10E488000DC44C444A85EFF0BFF90356E1002285DC
:10E498008146A685EFF00FA32A84DDB789476396E6
:10E4A800F5008545EF20E0334DD9F2406244D2446F
:10E4B800424905618280EFE00FC265B7411106C687
:10E4C80023A4019A23A6019A23AE01981765FF1F7A
:10E4D8000345555341CD9307200C3305F50291654B
:10E4E800938515701905420541819730FF1FE78014
:10E4F800804223A4A19A9307200C1766FF1F0346A6
:10E5080076503306F602814519069730FF1FE780DB
:10E51800E0939387819A9C431767FF1F0347974EA1
:10E5280081459386870B7D5563E8E5069306800B46
:10E53800B306D7020146FD550507B69723A6F19AFB
:10E54800BE862390B600A381B6002381B60023823D
:10E55800060005069906E366E6FEF9562390D700FD
:10E5680099463307D702BA9723AEF19817E5FFFF0C
:10E578001305C565EFD07FD217F5FFFF1305058199
:10E58800EFF0505317E5FFFF1305C55AEF20A01C05
:10E59800B2400145410182802394A6F41386C6F453
:10E5A80023100600232406003106E31BD6FE85054A
:10E5B8009386860B95BF411122C42A8406C6EFD0E4
:10E5C800EFF4EFE02F8C238081869387C1998843ED
:10E5D800EFE00F89238781862244B24017050000A7
:10E5E8001305C5E641016F20001793970501C18700
:10E5F80063D00736797103C5018622D452CC06D67A
:10E6080026D24AD04ECE2E8AEF80AFA12A8421C9C5
:10E61800034705009307000B6310F7048547A3041D
:10E62800F1009387019A9C4323150100A1E7EF00AD
:10E63800C07E9165938535709730FF1FE780A02DC8
:10E6480023A0A19A05E98347910099C7834544000F
:10E6580013058400EFD03FE22285EF806F90B2501F
:10E66800225421653345AA0092540259F249624A5C
:10E6780045618280614681451765FF1F1305851234
:10E688009720FF1FE780807C0349440089479769EA
:10E69800FF1F93892911631DF906EF00007897671A
:10E6A800FF1F2391A71003552400CE85EFF090702B
:10E6B800035724009767FF1F83D7C70E835684002C
:10E6C80011ED63E4F6002314F400835584003A85C1
:10E6D800EFD01FBD2285EFD0FFB3B5B763E4F600D6
:10E6E8002314F40083578400D9450D469766FF1F0D
:10E6F800239AF60A9766FF1F9386C60A3A85EFD0D3
:10E708007FB48D4561D91765FF1F1305A509E1A0E1
:10E718009947631CF9029305A1002285EFF02FCCDD
:10E72800AA844DD9D947639BF40E050903552400E3
:10E738001379F90FD9459766FF1F9386A6064A866F
:10E74800EFD05FB0CA8559D57DBFA1476318F900DE
:10E758009305A1002285EFF0FF96D9B7A947631F5B
:10E76800F906035584006C00EFE08FE4AA84630780
:10E7780005160355240041669306E10055477D16AA
:10E78800AD45EFD09FB79767FF1F23AFA700AA86B5
:10E7980049C1834844000358E1000356C1000355AA
:10E7A8002400A68581474E87EFE0FFFDAA84631603
:10E7B800051003552400CE85EF00A100E30C05F0F9
:10E7C80003552400CE862D46D945EFD0BFA7E303D5
:10E7D80005F0AD454E85EFD01FCAEDBDB1476315B5
:10E7E800F910035584006C00EFE08FDCAA846307FE
:10E7F800050E0355240041669306E10059477D162E
:10E80800B545EFD09FAF9767FF1F23AFA7F8AA863C
:10E818003DE183578400C5442315F10003471400E4
:10E82800D147E309F7EA8347440003552400976575
:10E83800FF1F938525F71767FF1F2305F7F68357F3
:10E84800A1001767FF1F2310F7F69767FF1F238D97
:10E8580097F4EFF07045E30F05E60355240097663B
:10E86800FF1F938626F40546D945EFD0BF9DE303E5
:10E8780005E6854549BD834844000358E1008357B0
:10E88800A4000356C10003552400A6854E87EFE077
:10E898009FEFAA841DE103552400CE85EFF0307860
:10E8A800E30A05E203552400D945CE863546EFD064
:10E8B8007F99B545E30005E2B9B5D9476393F400FC
:10E8C800814403A549009730FF1FE780E013E383E5
:10E8D80004E0835784002315F10089B78357840027
:10E8E80085442315F1001DBFB9476318F900930546
:10E8F800A1002285EFF0CF9725B5C1476318F9002D
:10E908009305A1002285EFF0EFDB19BDC947631A13
:10E91800F900130691009305A1002285EFE02FFB73
:10E9280001B5D947631DF9009305A1002285EFE0E1
:10E938002FE9AA84E31805DEA304010061BBE147BF
:10E94800E31AF9D89305A1002285EFE08FD5C9BB5A
:10E9580001458280E9CE011152C42E8A854522CC18
:10E968004EC656C206CE26CA4AC8AA8AB689328474
:10E97800EF103067D14715C183C7C19B83C6D19BB0
:10E98800814419E0B684BE861387419B1843939748
:10E998004400BA9763EDD400D547F2406244D244AC
:10E9A8004249B249224A924A3E85056182803E899F
:10E9B800C10703D727FF09C7850493F4F40FD9BF0C
:10E9C8002DC09565938525C0130500029730FF1F5C
:10E9D800E78060F42326A90061D11306000281456F
:10E9E800938404049720FF1FE78040462311990071
:10E9F800230009002313590105C81767FF1F1307D0
:10EA080027F68347940010432304F900118C8327C9
:10EA1800C90011841180238E870023A02901814712
:10EA2800ADBF23260900E9B723044901FDB785478F
:10EA38003E8582809387419B984383C5C19B8147CC
:10EA48006395F50081463685828003562700BA868D
:10EA580019C2E30AA6FE850793F7F70F4107CDB75A
:10EA68009387419B984303C6C19B81476315F60072
:10EA780081463685828083552700BA8689C58345B5
:10EA88004700E388A5FE850793F7F70F4107F9BF0D
:10EA98009767FF1F9387C7EC984383C5F19B81470E
:10EAA8006395F50081463685828003560700BA864D
:10EAB80019C2E30AA6FE850793F7F70F4107CDB7FA
:10EAC8009387419B9C4303C8D19B01476315E8008A
:10EAD80081463685828003D62700BE8619CA03D6AA
:10EAE80067006318A600D04709C603562600E3024C
:10EAF800B6FE05071377F70FC107C9BF411122C436
:10EB0800404526C206C6AA8415C0484409C59730A0
:10EB1800FF1FE78060EF484809C59730FF1FE7806F
:10EB2800A0EE22859730FF1FE78000EE268541463C
:10EB380081459720FF1FE7806031B2402244FD578E
:10EB4800A384F400924441018280011122CC2A84DA
:10EB58000355250006CE2EC6EF10701132462285C9
:10EB68008145EF00906C22856244F24005616FF0A8
:10EB7800FFF80DC503572500411122C406C62A8493
:10EB880011CBDD45EF00506E22852244B240410191
:10EB98006FF0DFF6B2402244410182808280411149
:10EBA80026C231479304C5FF3387E4029767FF1FE6
:10EBB800938707DC06C622C43E978356A70063974F
:10EBC800B602484305C53E849307F00F6306F60076
:10EBD80083470500639CC7009730FF1FE780C0E2AA
:10EBE800B147B387F402A29723A20700B240224498
:10EBF800924441018280411122C42E8426C2494692
:10EC0800AA848145228506C69720FF1FE780002435
:10EC1800ADC083C7C401139747009767FF1F938749
:10EC280027D49C43BA9703D707002310E40003D7DF
:10EC3800270083D767002311E4001387A19B03579C
:10EC480007002312E40003D704002313E40003D7CA
:10EC580024002314E40003D744002315E40003D759
:10EC680064002316E40003D784002318F400231754
:10EC7800E400B24022449244410182809767FF1F1A
:10EC8800938707CE03A807009387419B904383C5CA
:10EC9800C19B014781476394E5003E858280834696
:10ECA800060081CE544691CA83C6C6019206C29612
:10ECB8006315D500850793F7F70F05071377F70F47
:10ECC8004106D1BF130600643386C502930695003A
:10ECD800AA8517050000130505EA6F80EFAC4111FE
:10ECE80022C406C62A8403459500EF804FC7FD5706
:10ECF800A304F400B240224441018280011122CCD5
:10ED08004AC84EC652C456C206CE26CA2A89AE89F9
:10ED18000144138A419B9D4A83C7D19B6362F404D3
:10ED2800639709029389419B130AF00F83C7C19B1C
:10ED38006366F4061144A1442285050442041306BF
:10ED4800F00FCA854180EFF09FE5E31794FEF2408B
:10ED58006244D2444249B249224A924A05618280B9
:10ED680083270A0093144400BE9483C704009DC3FC
:10ED780083D76400639027036396590103D5240061
:10ED8800EF10E06E26854E868145EF00104A2685F5
:10ED9800EFF0DFD605041374F40FBDBF83A7090095
:10EDA80093144400BE9483C704009DC383C7940092
:10EDB8006380470383D76400639C27012685EFF0AF
:10EDC8001FF22685D145EF00304A2685EFF01FD384
:10EDD80005041374F40F99BF41677917630BE502B3
:10EDE800411122C406C685472A846399F500228505
:10EDF8002244B240814541016FF05FF08947639634
:10EE0800F5008545EF10F01D7DD1B2402244410147
:10EE1800828082809D456FF07FEE03D5A19B828022
:10EE2800011106CE2317A1002316B10003C7819B49
:10EE380085476318F70070009305E1000545EF501A
:10EE48007027F24005618280A947631CF60483C7D6
:10EE5800150003C70500A207D98F2310F50083C743
:10EE6800350003C72500A207D98F2311F50083C7F2
:10EE7800550003C74500A207D98F2312F50083C7A1
:10EE8800750003C76500A207D98F2313F50083C750
:10EE9800950003C78500A207D98F2314F500014503
:10EEA80082800545828091476314F60283C7150066
:10EEB80003C70500A207D98F2310F50083C73500C3
:10EEC80003C72500A207D98F2311F50001458280C9
:10EED800054582809387C5FF93960701C1820D4738
:10EEE8006360D70231473387E7029767FF1F93872D
:10EEF80027A8BA972381A7002390B70001458280ED
:10EF08000945828013074020AA876374A7009307E6
:10EF18004020F117239DF19A238FB19A2380B19C49
:10EF280082801905956542054111938535C0418157
:10EF380006C69730FF1FE780009E11C5B240E9550D
:10EF480041016FF06025B24041018280238E019A11
:10EF5800238F019AA38F019AA38E019A238C019A79
:10EF6800854701111767FF1F2302F7A006CE2AC69F
:10EF780022CCA380019C239D019A23AA019AEF1019
:10EF8800005832451306000381459767FF1F238BFE
:10EF9800A79C1765FF1F1305A59D9720FF1FE780F6
:10EFA800E0EA1765FF1F0345A59F31C19565938565
:10EFB80045C012059730FF1FE780E0951767FF1FD0
:10EFC8002320A79A0DC59767FF1F9387679D83C75F
:10EFD80017001766FF1F0346A69C8145A38EF19A6A
:10EFE800A38FC19A12069720FF1FE78020E6938718
:10EFF800D19B83C707001765FF1F0345A5A095652B
:10F008003E951375F50F238EA19A938555C0120569
:10F018009730FF1FE780209023AAA19A51C103C609
:10F02800C19B120681459720FF1FE78020E2938746
:10F03800419B984383C6C19B814725077D56639AA8
:10F04800F604EF10A070B1473305F5029565938576
:10F0580065C0420541819730FF1FE780C08B9767E5
:10F06800FF1F23A3A7902A8401CDEF10206E3146FD
:10F078003306C502814522859720FF1FE78000DD02
:10F088006244F24017050000130545D505616F106D
:10F09800806C85072300C70093F7F70F410745B732
:10F0A800238E019AA38E019A69BF41119397050196
:10F0B80026C206C622C4C187AE8463DE0708176568
:10F0C800FF1F0345258AEF70CFF52A8439C9034706
:10F0D8000500930700096313F70403471500CD479C
:10F0E8006319F706034525009755FF1F83C5B575B6
:10F0F80083C7E19B93066400014601472E88631984
:10F10800E50219C2238FF19A83C7E19B81CB85451C
:10F118001765FF1F03450585EF709FB22285EF70C5
:10F128002FE42165258DB24022449244410182801A
:10F1380003C60600B29713F6F70F9377F80F6374B8
:10F14800B6009377F60F05071377F70F890605467C
:10F158007DB72125E1B793F715000145E9D7EF0001
:10F16800506D19C983C7E19B81CB85451755FF1F92
:10F178000345457FEF70DFAC13C514006DB78546B6
:10F188002A8763FBC60483C7150003C60500A207C8
:10F19800D18F2310F500639CD70083C7350083C641
:10F1A8002500A207D58F2311F500014582808946E5
:10F1B80001456394D70283C7350083C62500A2079B
:10F1C800D58F2311F70083C7550083C64500A207D2
:10F1D800D58F2312F70082800545828091476314FA
:10F1E800F60283C7150003C70500A207D98F2310AD
:10F1F800F50083C7350003C72500A207D98F23115F
:10F20800F500014582800545828091476314F60226
:10F2180083C7150003C70500A207D98F2310F5007F
:10F2280083C7350003C72500A207D98F2311F5002E
:10F238000145828005458280A1476314F60483C78F
:10F24800150003C70500A207D98F2310F50083C74F
:10F25800350003C72500A207D98F2311F50083C7FE
:10F26800550003C74500A207D98F2312F50083C7AD
:10F27800750003C76500A207D98F2313F500014560
:10F288008280054582808947631CF60083C7150084
:10F2980003C70500A207D98F2310F5000145828016
:10F2A800054582808357260079714ECE06D622D432
:10F2B80026D24AD01307F007AE896372F7020947CE
:10F2C8003AC42316F100300093F5F50FEF1000193A
:10F2D800B250225492540259F24945618280035730
:10F2E8004600D9462A89328463F8E60083576600C7
:10F2F80063F4F6006379F70023140100300093F5F6
:10F30800F90F4A85E1B70355060002C4EFF04FF83C
:10F31800AA8459C1EFF09F9683C784006369F500FA
:10F328001146A246CE854A85EF10A00855B734008D
:10F3380026869305F00F4A85EFF0CFE175F1A247D5
:10F3480003578400DC472390E700035724002391E8
:10F35800E700035744002392E70003576400239310
:10F36800E70003D744002394E700DC4485CB93F4FB
:10F37800F90F2286A6854A858297C167FD172A86D6
:10F38800E311F5FA22459947F9452300F5002302D0
:10F398009500EFF03F932DBF094661B7014651B77D
:10F3A800A947631CF60483C7150003C70500A20715
:10F3B800D98F2310F50083C7350003C72500A2079E
:10F3C800D98F2311F50083C7550003C74500A2074D
:10F3D800D98F2312F50083C7750003C76500A207FC
:10F3E800D98F2313F50083C7950003C78500A207AB
:10F3F800D98F2314F500014582800545828083C793
:10F4080005002300F50083C71500A300F50083C796
:10F41800350003C72500A207D98F2311F500828084
:10F428002322050003C7450089476304F700054503
:10F43800828083D665000D47E37BD7FE9C4501118A
:10F4480006CE22CC26CA4AC84EC683C4170003C6B5
:10F458000700A204D18C138644006311D60403C4A8
:10F46800370083C72700AE8922045D8C9307C4FF49
:10F47800C207C1832A89636FF70003A58900231196
:10F48800990023108900F155EFE010512322A900BB
:10F49800014531A02285EFF0EFD965F10545F2402D
:10F4A8006244D2444249B24905618280397122DC02
:10F4B8002E84834704004AD806DE26DA4ED619473A
:10F4C8002A89B285639AE706034624002800EFF0EC
:10F4D800FFD0AA8415E903558100EFF0AFD5AA89BA
:10F4E8008345140015C92E8617170000130727EA4D
:10F4F80034009D454A85EF00903F4E850946814579
:10F508002D234E85EFF08FDFF25062542685425945
:10F51800D254B2592161828089472310F100835760
:10F5280081000A862311F1008357A1002312F100FC
:10F538004A85EF00B072C9BF4947639DE702035689
:10F5480024002800EFF05FCFAA845DFD9757FF1FC6
:10F5580083D7C74299E3814445BF034714008346D4
:10F5680004003C000146CA851755FF1F0345254185
:10F57800812659BF51476390E702035624002800AB
:10F58800EFF09F8CAA8449F18345140030004A8526
:10F59800EFF05FD195BF59476391E7060356240002
:10F5A8002800EFF05F90AA8425F1835581004A85F1
:10F5B800EFF00FD10DC958458356A10083570700B6
:10F5C800B697C207C1832310F700D1D75C47C1D7CC
:10F5D80083C7E19BC9D385451755FF1F0345853868
:10F5E800EF700FE615B789473EC0835781000A863A
:10F5F800834514002312F10025BF834514000A86B1
:10F6080023100100EF009065B9B75D71A6C256DA04
:10F6180086C6A2C4CAC04EDE52DCAA8A03C515003B
:10F62800AE8432C6EFF0CFC3B24501ED8144B64097
:10F638002644268506499644F259625AD25A61618F
:10F648008280230205002311050083C90400854731
:10F658002A84639AF90003C624002808EFF03FB211
:10F66800AA8405492DA09D476394F9040347050022
:10F678008D47E31DF7FA03C6240028080549EFF073
:10F68800DFB8AA8409E5054681452285792E2285B9
:10F69800EFF0EFE4034584003C080147CE86268658
:10F6A800D6853924E30509F82285EFF02FC541B73F
:10F6B800CD47639DF900034705009147E318F7F626
:10F6C80003C624002808EFF01FBC59BFD547E39FA5
:10F6D800F9F4034A05008947E31AFAF403C624003B
:10F6E80028080549EFF0DFCBAA8455F183570102BA
:10F6F800BDE3035781011306F0035C44930607FC3E
:10F70800C206C182636CD6000356A101D94663F7CD
:10F71800C6008356C101D94563EFD50003552400BF
:10F728002391E7000549EF00905403560102D28562
:10F738002285712CA9BF8355E1012391E70023920B
:10F74800C7002390B7002393D70085472300F40010
:10F75800014A0149D9BF014AC9BF7971AA8522D492
:10F7680026D203542500AA84280806D6EFF05FCBDA
:10F77800F24599E535E985452285EFF06FEAC1A0A4
:10F78800835781011547639BE7060357A1018D47FE
:10F7980063FCE7046800EFF09FC60357E100DD470C
:10F7A80063FCE7008345D100B707170085071008F9
:10F7B80022853EC8EF00904A8357E1000357A10114
:10F7C80091076305F7002285EFF0CFE48347C10076
:10F7D80072466C00858B1106228591CFEFF0FFE20F
:10F7E80001C52285EFF00FE3884451D59720FF1F0C
:10F7F800E780802149B7EFF07FCBDDB711476389F8
:10F80800E7001387A7FF42074183854663EEE602B8
:10F818003147F117B387E7021757FF1F130747153B
:10F82800BA9703D7070069D303C527003008A28514
:10F838000D205DF9035781019147E31EF7F2B2509D
:10F8480022549254456182802C082285892E49FDD4
:10F85800FDB701114AC82A89314526CA06CE22CCED
:10F868002EC6B284EF60FFF431C1B2459307000A97
:10F878002310F5002311B5002A84214611058DC0F7
:10F88800A6859710FF1FE7804055A2854A85EF702F
:10F89800AF810145F2406244D24442490561828009
:10F8A80081459710FF1FE780605AC5B70545DDB74A
:10F8B800797126D2AA841305000206D622D42ECE48
:10F8C80032CC36CA3AC83EC6EF60BFEE31C962468E
:10F8D800F2454247D246B2472A84130520FA23004C
:10F8E800A400A300C4002311B4002302E400A3026F
:10F8F800D40013058400614691CFBE859710FF1F81
:10F90800E780A04DA2852254B250268592544561C5
:10F918006F609FF981459710FF1FE7802053DDB77F
:10F92800B25022549254456182805845797122D44C
:10F9380006D62A84AE8651C383572700231DF100BB
:10F9480093072006639FF5049387A19B03D60700BE
:10F95800835767006373F600B28713F6F70F835572
:10F968002701834707018D8F93F7F70F81E58907F3
:10F9780093F7F70FB297FD17B3C7C702231EF1001D
:10F98800835724008355640003458400231CF10039
:10F9980001473C080146EFF0BFF1B25022544561DF
:10F9A80082800347C7019757FF1F938767FB9C43D4
:10F9B8001207BA9783D76700D1B72EC61946814573
:10F9C80028089710FF1FE7806048B24655BF797135
:10F9D80022D406D626D22A848DC1814701479306B0
:10F9E80000062E868355640003458400EFF05FEC23
:10F9F800B2502254925445618280B28428005946FC
:10FA08009710FF1FE78080442314910089E88357EB
:10FA1800240048446C002315F100EFF0CF9D3C0012
:10FA2800014793060006014675BF797106D68147DE
:10FA380099ED8357250058452316C1002314F1007A
:10FA48003C0011C7835727002315F1003C002E8680
:10FA58008355650003458500014793060006EFF0CE
:10FA68003FE5B25045618280411122C406C68347F2
:10FA7800050011472A846395E7022E8683556500A1
:10FA88000345850081470147CD46EFF07FE24946AF
:10FA9800835564002244B240154541016FF02F9010
:10FAA80013F7B70F89466317D7000146EFF03FF207
:10FAB8005146F9BF0D476398E7002244B24001461A
:10FAC80041016FF09FF6B24022444101828083D702
:10FAD80005003147F1173387E7029757FF1F9387D0
:10FAE80027E9BA97D84319EBD8412395A7000145D0
:10FAF800D8C303D725002394E70082805945828024
:10FB0800797122D4404526D24AD006D6AA842E89B5
:10FB180025C0484419C59720FF1FE780E0EE23263B
:10FB280004008357040083D5640003C584002315AB
:10FB3800F100835724000147930640062316F1007D
:10FB4800835784004A862317F1001C483EC883D790
:10FB580024002314F1003C00EFF09FD5A30E2401EC
:10FB680023280400B25022549254025945618280DD
:10FB78002800314681459710FF1FE780202D83D745
:10FB8800240083D5640003C584002314F1000147D1
:10FB98003C00930640064A86EFF09FD1E1B77971A1
:10FBA80052CC2A8A03D5050026D206D622D44AD0BA
:10FBB8004ECE56CAAE84EFE0FFE719E1854749A06B
:10FBC8004045AA8965DC83576500E39947FF835759
:10FBD8008400638907128346C401975AFF1F938ADA
:10FBE8002AD803A70A009206FD173697C2070357BB
:10FBF8006700C1832314F4006316F70093053006E9
:10FC0800EFF0BFD25C48A5EFC84003491500834711
:10FC1800050022093369F90083D724001307290056
:10FC2800631AF702F955EFE02057C8C02391240161
:10FC380003C589002686D285EFF0BFC1814721E13F
:10FC4800B250225492540259F249624AD24A3E852D
:10FC5800456182809565938515C04A859720FF1F69
:10FC6800E78060CB48C8C840231C2401F955EFE061
:10FC7800A05283D72400C8C0F9172391F40048483C
:10FC880059C503D624008356A40183578401330839
:10FC9800D60063C007090347C40183A70A00954536
:10FCA8001207BA9783D7270063CF0705CC4036954C
:10FCB8009710FF1FE78060120357A40183D7240021
:10FCC800BA97C20703578401C183231DF400E39741
:10FCD800E7EE03D7290003C5890030002314E100AB
:10FCE8005848D2852315F1003AC6EFF09FB611C5E2
:10FCF80048489720FF1FE78020D1232A0400232C9F
:10FD080004006DBD99454E85EFE03FE445BDA5452E
:10FD1800DDBF9145CDBF03D7250069CF83D6A19B11
:10FD2800ED4763EAE60C011122CC2E8426CAAA8488
:10FD38004840914506CEEFE0204683572400AA8626
:10FD48002300F50083572400A183A300F5008357FF
:10FD580004002301F50083570400A183A301F500E3
:10FD680003562400C167F9171106420641826396BB
:10FD7800F4042AC4314532C6EF60BFA3AA85CD4733
:10FD88001DC5930700F93246A2462300F500F9572E
:10FD98002311F50089472302F5002313C50014C574
:10FDA8001755FF1F034505BCEF601FB08147F240A0
:10FDB8006244D2443E850561828081452685EF40B4
:10FDC800503BAA8701E903C7E19B75D37D17238FB1
:10FDD800E19AF1BF09476302E5021D476301E502A5
:10FDE80049476300E5027D47E313E5FC03C7E19B50
:10FDF8008147E1BFED473E858280D1474DBF91479E
:10FE08007DB789476DB7011122CC4AC8314413091F
:10FE1800C5FF330489029757FF1F938767B506CE3E
:10FE280026CA3E94584031C783C6E19BBE848547A5
:10FE380095CA2314A100835784000355A4002C00FD
:10FE48003AC62315F100EFF01FED11C54840972081
:10FE5800FF1FE78060BBB147B307F902A69723A24B
:10FE680007008547F2406244D24442493E85056115
:10FE780082808147C5BF797126D244451387A19BEB
:10FE88004AD083D764000359070052CC06D622D43F
:10FE98004ECE56CA2A8A63F327013E8903D7240126
:10FEA80042091359090183D7040141CB998F4A8428
:10FEB80063D5270113940701418089452285EFF016
:10FEC8004F86AA89CD4A25C183D724002AC623157F
:10FED80081002314F10083D7240185E383D704012B
:10FEE800930925002300F50083D70401A183A3000B
:10FEF800F5006376240503D4040183D72401CC4498
:10FF080022864E85BE959710FF1FE78000ED0355AA
:10FF18006A002C00EFF03FE0AA8A15C54E859720AD
:10FF2800FF1FE78060AEB2502254568592540259A2
:10FF3800F249624AD24A4561828089078DBF7914A5
:10FF4800420441805DBF03D7240183D704003A945B
:10FF5800FD17C207420403D70401C18341802390DF
:10FF6800F400239984006377E400D5FFFD57A38E3E
:10FF7800F40055BF81455285EFF09FB86DB7011168
:10FF88004EC683C9119C22CC52C456C25AC006CE52
:10FF980026CA4AC84E84138A419B854A130BF00F20
:10FFA80083270A0093144400BE9403C9040063170E
:10FFB8005907DC44A5C7D84735C303D7070039C359
:10FFC80083C7E19B89CF2685EFF0FFEAAA8515E56F
:10FFD800050483C7D19B635FF400A380819CF24032
:10FFE80062444A85D2444249B249224A924A024B63
:08FFF80005618280A380019CD9
:020000021000EC
:10000000DDB72685EFF05FB00149F1BF83C7D701A7
:10001000639A6701930520062685EFF09F91DC44E3
:10002000A38E070005041374F40F83C7D19B636389
:10003000F4000144E31A34F7C1BF4111154506C667
:10004000EFF0FFDC09C50545B2404101828019454A
:10005000EFF0FFDB6DF91145EFF07FDB6DF51D452E
:10006000EFF0FFDA6DF183C7D19BF9DFB2404101B8
:100070006FF07FF183D705000D47F117C207C183E9
:100080006361F706DC41B1CF411122C42E8485455E
:1000900026C206C6AA84912F39C52685AD25C1671B
:1000A000F917638FF40009ED8357240091CB835631
:1000B00004001947639FE60203D7A19B63FBE70295
:1000C00083C7E19BA285268599C72244B24092440A
:1000D00041016FF0DFC42244B240924441016FF00D
:1000E0009F9F094582805145B2402244924441017C
:1000F00082806D45D5BF397126DA4ED6AA84AE8985
:100100005D4589454AD806DE22DC328936C63AC4C6
:10011000EFE0BFE125C522472A84014511C7B24659
:1001200013054400B68502979357850023003401D8
:10013000A30024012301A400A301F40011059547A5
:10014000231DA100231CF10022CE83C7E19B2C08B4
:10015000268595C3EFF0BFBCAA8411C522859720E0
:10016000FF1FE780E08AF250625426854259D2543C
:10017000B25921618280EFF01F96F9BFCD44E5B7F7
:10018000797126D24AD052CC56CA06D6BA8A22D41F
:100190004ECE19472E89B284368A6391E5080355FD
:1001A00026000944EFE09F892AC649C15C4583596E
:1001B000650083D727002390F400B24715472380BA
:1001C00057011746FF1F0346E67A2391E7001307FE
:1001D00016001377F70F9746FF1F238DE6782382CB
:1001E000C70011E705479746FF1F2385E67851476B
:1001F000631AE90015472391E400DC4703D7840024
:100200002394E7005287A686CA854E85EFF0BFEE9D
:100210002A84324515C4EFE0FF8E09A84286740097
:10022000BE85AA89EFE08FF32A8441D92285B25096
:10023000225492540259F249624AD24A456182805C
:10024000F945EFE0BFA8DDB783D705002300F5002F
:1002500083D70500A183A300F50083D725002301E0
:10026000F50083D72500A183A301F5001145828005
:1002700083D705002300F50083D70500A183A300E1
:10028000F50083D725002301F50083D72500A1833E
:10029000A301F50083D745002302F50083D745006D
:1002A000A183A302F50083D765002303F50083D75C
:1002B0006500A183A303F5002145828083D7050053
:1002C0002300F50083D70500A183A300F5000945AD
:1002D000828083D705002300F50083D70500A18322
:1002E000A300F50083D725002301F50083D725005F
:1002F000A183A301F50083D745002302F50083D72E
:100300004500A183A302F50083D765002303F50010
:1003100083D76500A183A303F50083D78500230459
:10032000F50083D78500A183A304F50029458280C9
:1003300003D705008546AA872300E50003D70500FB
:100340002183A300E50003D70500631DD70003D771
:1003500025002301E50003D725002183A301E50043
:100360001145828009456315A70203D72500194569
:100370002381E70003D725002183A381E70003D76A
:1003800045002382E70003D745002183A382E700CD
:10039000828083D705002300F50083D70500A18361
:1003A000A300F50083D725002301F50083D725009E
:1003B000A183A301F50011458280797126D24AD02C
:1003C0004ECEB2842A89AE8929468145480022D47E
:1003D00006D636849710FF1FE780C0A7231691002A
:1003E00095EC835724002312F1009387A19B83D7B8
:1003F00007002314F1005C4495C383C6C701174767
:10040000FF1F130767561843920683D78700369756
:10041000035727002315F1002313E1004A8517072E
:100420000000130747EB540013F6F90FD545EFF022
:100430009FCC2A8911C19DE085472300F400230247
:100440000400014681452285EFF0EFD8B2502254D6
:100450004A8592540259F249456182802285EFE033
:100460006FEAEDB7B286170700001307A7EC2E86D8
:1004700085456FF05FC801112317A1004165700029
:1004800001489307F00F0D4797060000938606DC9E
:1004900099457D1506CEEFF0BFCEF2400561828012
:1004A000B28701482E86114797060000938686DCA6
:1004B000C9456FF0FFCCB28617070000130747E06D
:1004C0002E86CD456FF03FC3011122CC26CA4AC803
:1004D0004EC606CE2A89AE891744FF1F1304444D29
:1004E0009744FF1F9384C44F1C4081C7CE854A8523
:1004F00082971104E31A94FEF2406244D2444249C6
:10050000B249056182809747FF1F83C72737174588
:10051000FF1F0345B5361747FF1FA309F74EAA97DC
:1005200093F7F70F1747FF1F2302F74ED9C31305A1
:10053000C0033385A702A5654111850506C697103E
:10054000FF1FE780C03D9747FF1F23A1A7469307E2
:10055000C0031746FF1F0346664B3306F60281456C
:100560009710FF1FE780008F9747FF1F938707446F
:100570009C439746FF1F83C66649014789077D56FE
:10058000634FD700B2401306000381451745FF1F94
:100590001305054241011713FF1F6700A38B23902A
:1005A000C7002381070023A5070205079387C70318
:1005B000C1BF82809747FF1F9387473F98431746E5
:1005C000FF1F0346A64481476315F6008146368522
:1005D0008280BA861307C703835567FCE389A5FEAB
:1005E000850793F7F70FCDB7011122CC2EC632C481
:1005F00006CE2A84EFF01FFC2246B24511E9C167FE
:10060000F9176303F4005145F240624405618280AA
:1006100054558347450095C213F72701414563149C
:10062000A700154575F2C18B3D45F9DF83C7A601CB
:100630000145E3FBB7FC3145C1BFC18B0145E9F77B
:100640001545D9B7797126D2C16422D44AD04ECE8D
:1006500052CC56CA06D62A8901449749FF1F93896E
:10066000E934130AC003FD14854A9747FF1F83C767
:10067000E7396364F400014535A8B307440303A7D1
:100680000900BA9703D7270063169700050413746F
:10069000F40FE1BF03C55700300093856700EFB04A
:1006A00010521946CA8528009710FF1FE780A080C6
:1006B000E31E55FDB250225492540259F249624A47
:1006C000D24A456182809747FF1F9387272EC166D4
:1006D00098439745FF1F83C565338147FD16639592
:1006E000F500014632858280035827003A8663066A
:1006F000D80003480700E307A8FE850793F7F70F24
:100700001307C703E9BF411106C6EFF0BFEA11C5E1
:1007100003554501B240410182800145E5BF97473D
:10072000FF1F9387A72898439746FF1F83C6062E6F
:100730008147110701456393F60082800346070055
:1007400001C605051375F50F850793F7F70F130716
:10075000C703D5B71745FF1F0345452B82801747B1
:10076000FF1F1307E7248147BA8631460C4391E502
:100770008A07B69788C30145828085071107E397EA
:10078000C7FE4D458280411106C622C4EFF09FE2AC
:100790001DCD2A84035525008545EFF0FFD248542E
:1007A00009C59710FF1FE780A02622851306C00306
:1007B00081459700FF1FE780E069FD572311F40092
:1007C000230204000145B2402244410182800945D0
:1007D000DDBF411106C6EFF0FFDD11C50345C500C1
:1007E000B240410182800145E5BFC167F91763044A
:1007F000F502411122C406C62E84EFF0BFDBAA87A2
:10080000014591C703C54700698C33358000B2406C
:1008100022444101828005458280011106CE2EC608
:10082000EFF05FD9854711C903574501B2458547A8
:100830006305B700231AB5008147F2403E85056184
:10084000828021CD01114AC8416922CC26CA4EC6F8
:1008500052C406CE0144AA849749FF1F9389091503
:10086000130AC0037D199747FF1F83C7271A634ADE
:10087000F400F2406244D2444249B249224A05613E
:1008800082803305440383A709003E9583572500E2
:100890006383270182940504F9B782809747FF1F7D
:1008A0009387C7109C43C1661746FF1F0346061671
:1008B000890701450147FD1691456313E6008280D3
:1008C00003D807006309D80003C8A7006315B80060
:1008D00005051375F50F05071377F70F9387C70302
:1008E000E9BF9747FF1F9387670C94431746FF1F85
:1008F0000346C6110147910681476310E6028583CE
:1009000093C7F7FFC207C18305456364E5028547C6
:100910003395A70042054181828083C5060081C5C9
:1009200083D5C602CD8F05071377F70F9386C603CD
:10093000E9B793F61700E1FE050585831375F50FFA
:10094000E9B7797156CAAA8A2E8526D24AD04ECEE8
:1009500052CC5AC85EC662C406D622D4AE84328B4C
:10096000368CBA8B3E8AC2894689EFF0BFC449E112
:1009700041657D15EFF01FC42A84554531CC1946D9
:10098000DE8513056400A30284019700FF1FE78042
:100990004045835701032311940023026401231966
:1009A000F400835741032300540123260402231A31
:1009B000F400230644012317340123182401EFF027
:1009C0005FF22318A402232A04022685232C0402A2
:1009D0008145EFF07FAF0145B25022549254025945
:1009E000F249624AD24A424BB24B224C4561828064
:1009F0004545DDB79747FF1F938747FB98439746C9
:100A0000FF1F83C6A60081476395F60041657D15EB
:100A100082803A861307C703835547FF6395A50075
:100A2000035526008280850793F7F70FF1BF97479C
:100A3000FF1F9387A7F7944341661748FF1F03489A
:100A4000E8FC01477D16954811436314E800014511
:100A5000828083D7260036856380C704CC5A8DCD2B
:100A600083C7350083C5250089CD938597FD93F510
:100A7000F50FE37FB3FC9387D7FA93F7D70F89EF8E
:100A800082809385F7FD93F5F50FE3F3B8FC938728
:100A9000D7FA93F7D70FCDDF05071377F70F9386B4
:100AA000C60365B79747FF1F938747F04166984392
:100AB0009745FF1F83C585F581477D1625486394BB
:100AC000F50001458280835627003A85638CC60075
:100AD000545B89CA83C636009386E6FD93F6F60F0B
:100AE000E372D8FE850793F7F70F1307C703C1BF5B
:100AF000011122CC2A84494506CEEF808FA615C16C
:100B00002AC62285EFF01FAB09CD624432468355D9
:100B10000503F2401745FF1F0345F5EE05616F60C1
:100B20008FB2F24062440561828039714ED652D450
:100B3000AE892A8A93053005414526DA4AD856D22D
:100B400006DE22DC32C63689BA8A9710FF1FE7809C
:100B500000DDCD4431C92A848944638209043246C8
:100B60008145231AC10041469700FF1FE780802E70
:100B70005686CE8522859700FF1FE7808026214676
:100B8000630E0902CA8528089700FF1FE7806025C9
:100B9000A28650082C085285EF309055AA842285F1
:100BA0009710FF1FE780C0E6F25062542685425935
:100BB000D254B259225A925A216182808145280822
:100BC0009700FF1FE7800029E1B7411122C4405977
:100BD00026C206C6AA8429CC085409C59710FF1F4F
:100BE000E78000E3285809C59710FF1FE78040E21F
:100BF000685809C59710FF1FE78080E1285C09C588
:100C00009710FF1FE780C0E0685C09C59710FF1FC1
:100C1000E78000E00325040809C59710FF1FE7805F
:100C200020DF22859710FF1FE78080DE23AA0402C1
:100C3000224483D50403B24092441745FF1F034565
:100C400095DC41016F60CFCA411126C206C622C49D
:100C5000AE84EFF03F9621C54C592A84A9C183A8E0
:100C6000C50703A88507FC59B85983C6650003D694
:100C7000050083C525002685EF80CF962285EFF0FD
:100C8000DFF4EFF03FE201CD2244B2409244174539
:100C9000FF1F034555D7854541016F50FFFAB2400C
:100CA0002244924441018280011122CC06CE2A8442
:100CB0002EC6EFF03F905C5991CF83D70700B24525
:100CC000639A870085476397F5006244F2400561A7
:100CD0006FF0BFEFF240624405618280411106C6A9
:100CE00022C426C2EFF0BFD429C54059AA8431C01E
:100CF0008347240095CB9747FF1F9387A7CE9C433C
:100D000089C7DC4399C32285829703473400930740
:100D1000F0026310F702224403D52400B24092444B
:100D2000814541016FF05FF29747FF1F938747CBE3
:100D3000F9B7B2402244924441018280411126C257
:100D40004AC006C622C4AA842E89EFF0BF8631C1EC
:100D5000405961C083570400639D970A834734005C
:100D600013071002639DE70883472400C1C77C5422
:100D70000327040883D7470105E713F717000DC3BE
:100D8000185403574700058B01CF93072002A30196
:100D9000F400B24022449244024905454101828058
:100DA00013F7270009CB185403574700098B01C7D5
:100DB00093074002E9BF918B89CB1C5483D747002E
:100DC000918B81C793076002D9B79747FF1F93871D
:100DD00067C19C43DDDFDC43CDDF2285829703477B
:100DE00034009307F0028145E315F7FA2685EFF00A
:100DF000BFE545B79747FF1F938787BED9BF130746
:100E0000A0026398E7006304090013092003CA8560
:100E1000F1BF631C09002685EFF0CFF919C58347A0
:100E2000450093E707012302F500A6854A85EF7088
:100E3000DF8F85B7797126D29947231DB100AA8427
:100E40002E858D4522D406D632C636C4231CF10029
:100E5000EFE0AF8D2ACE4D441DC13246A246AA8591
:100E6000328582962A8419E52C082685EFF08FA01A
:100E70002A8411C572459710FF1FE78060B9268547
:100E8000EFF01FC72285B2502254925445618280F0
:100E9000411122C42E862E84972600009386269622
:100EA000894506C626C24AC02A89EFF0BFF88345A5
:100EB0000400AA844A85EFF03FD9B2402244268537
:100EC00002499244410182809747FF1F938747B1AF
:100ED0009C4395CB9C4385CB1D71A2CC86CE98417B
:100EE00010082A843AC8D84185453ACA829701C970
:100EF0002306A100035524006C00EFF07FF9F640B3
:100F00006644256182808280AE8715C5785505C705
:100F1000834607002380D50083461700A380D500B1
:100F2000834627012381D50083468701584BA3813F
:100F3000D500D8C18280414681453E851703FF1FF9
:100F4000670043F19747FF1F9387C7A99C4391C749
:100F500003A38700630303000283094582801747C8
:100F6000FF1F130727B418431DC75843AA87054519
:100F70000DC703A50708411106C69306050213060F
:100F8000050C93050506130505040297B240137579
:100F9000F50F410182800545828082804DC93571FF
:100FA00022CD2A840355050026CB4AC94EC756C315
:100FB00006CF52C55AC1DEDEB68AB2892E89EFF05D
:100FC0006FDFAA8439C50C182285EFF0FFF3834741
:100FD0002400138A6400A9CBEF70AFCE2A8B0145A1
:100FE00083CB5400EF70AFCBAA840C100818EF101D
:100FF000806208542C10EF10A062D288268A56C056
:101000005E88D2875A8714103010CE854A85EF202B
:10101000D01EFA406A44DA444A49BA492A4A9A4AEE
:101020000A4BF65B0D618280EF70AFC9AA8B014558
:1010300003CB5400EF70AFC62ACE08540C10EF104B
:10104000805D2C100818EF10A05DF2484DBF828023
:10105000C14709CD1455C14791CA785501CB83C703
:101060003600BD4663F4F600834787013E858280E3
:1010700089476309051063870510411106C622C41C
:1010800026C2834715002E842380F5008347250060
:10109000A380F500834735002381F5008347450091
:1010A000A381F50083475500858B9396870083D7EE
:1010B000450093F7F7EFD58F2392F500834655004F
:1010C00093F7F7DFA20693F60620DD8E2392D50074
:1010D0000347550093F6F6BF220713770740558F55
:1010E0002392E50083475500FD769386F67F8D8732
:1010F000858B758FAE07D98F2392F50083466500E7
:10110000F99B858ADD8E2392D5000347650093778E
:10111000270013F7D6FF5D8F2392E5008347650014
:1011200093F647009377B7FFD58F2392F5000347D7
:101130006500DD9B4D45218BD98F2392F500EF7023
:101140005FC2AA845145EF70DFC10347340093F4B6
:10115000F40FC947636297021375F50F636EE500DC
:10116000834604001147E1476368D70083461400B3
:1011700005476363D7008147B240224492443E85CD
:10118000410182803E85828015C1AA8709458DC1B3
:1011900041112E8541469385170006C69700FF1F13
:1011A000E78020C4B2400145410182800945828028
:1011B000828089471DC595C5411106C603471500A4
:1011C000AE8719462380E500930525001385170097
:1011D0009700FF1FE780E0C0B24081473E85410194
:1011E00082803E85828015C1AA8709458DC1411143
:1011F0002E8541469385170006C69700FF1FE7809E
:1012000040BEB24001454101828009458280828012
:1012100089471DC995C9411106C603472500834664
:101220001500AE872207558F2390E50021469305D0
:101230003500138527009700FF1FE78080BAB24072
:1012400081473E85410182803E85828015C1AA8703
:1012500009458DC141112E8541469385170006C66B
:101260009700FF1FE780E0B7B2400145410182804F
:10127000094582808280894719C991C903471500B1
:10128000BD46E14763E5E6002380E50081473E85F2
:10129000828015C1AA8709458DC141112E8541461D
:1012A0009385170006C69700FF1FE78080B3B24002
:1012B00001454101828009458280828015C1AA874B
:1012C00009458DC141112E8541469385170006C6FB
:1012D0009700FF1FE780E0B0B240014541018280E6
:1012E0000945828082801DC1AA87094595C14111A7
:1012F0002E85130600049385170006C69700FF1F6E
:10130000E78020AEB24001454101828009458280DC
:10131000828015C1AA8709458DC141112E8541469C
:101320009385170006C69700FF1FE78080ABB24089
:101330000145410182800945828082801D71A2CCD5
:101340002A84084586CEA6CA2306010083440500E8
:1013500035479387F4FF93F7F70F636CF70C178704
:101360000100130727A58A07BA979C43BA9782877B
:101370000C08EFF0FFCFC9476312F5029947230627
:10138000F100035524006C00EFF09FB0F640664476
:10139000D644256182800C08EFF05FEB29C98347B2
:1013A000C100E5F303552400EFF08FF4C5B70C0836
:1013B000EFF03FEEE5B70C08EFF0FFEBC5B70C0818
:1013C000EFF09FDCE1BF0C08EFF09FE4C1BF0C0819
:1013D000EFF07FE1E1B70C08EFF0BFDDC1B70C081B
:1013E000EFF0DFED65BF834715002308F1000355DB
:1013F0002400EFF02F9CA14715C10347C500631CD3
:10140000F7029737FF1F9387E75D98439D4719C7FA
:10141000184309C71008A6850297AA872306F1007A
:10142000BDBF0C08EFF03FEC95BF0C08EFF07FEE6E
:10143000B5B79D47A9B79737FF1F9387675AF1B78D
:10144000011122CC06CE26CA4AC84EC60347050063
:10145000930720092A84631DF71283471500394733
:101460006395E70A835645000967610781476399D9
:10147000E6109739FF1F9389E95703A50900CE8429
:10148000630005100C4403C90500631E090083476F
:10149000050085052146B9CB29059700FF1FE78088
:1014A00040949C40ADC34945EF502FB12A840DC5EF
:1014B000930710FC2300F500A30025018C400905CB
:1014C000414689059700FF1FE780A0919C40A285B7
:1014D00003C51700EF50CFBD88409700FF1FE7807E
:1014E00020539737FF1F23A7075031A809059700FE
:1014F000FF1FE780008FEF30603F05495DF183A754
:101500000900238027018547A5A81307E003639FEF
:10151000E7080347250095476310F7040355450086
:10152000EFF02FAB9147E310F5FE9737FF1F93873E
:10153000274B9C43E9DB03A38700E30603FC035628
:10154000E40003554400930564006244F240D24431
:101550004249B24905610283A147631EF7008345F2
:101560006400035544006244F240D2444249B24907
:1015700005616FF0AFFC930600038147E301D7FEDE
:10158000F2406244D2444249B2493E8505618280BC
:101590009306000A8147E315D7FEEFF03FDA0844CF
:1015A0003DD19700FF1FE780A046B1BF8147C9BF6B
:1015B000011126CA06CE22CC89441DCD95CDAA8420
:1015C0002E8468008D45EF601FBF8347E1002685AC
:1015D000228693F7F70393E707046C002307F100D3
:1015E000EF20A038AA8409E90D466C0013053400E9
:1015F00097F0FE1FE780E07EF24062442685D244E9
:10160000056182805D714EDE86C6A2C4A6C2CAC0D4
:1016100052DC56DA5AD85ED6894945CD5DCA138B5D
:101620004500420B135B0B01AE8A2A8A93053005F5
:101630005A85B2849700FF1FE780602E2A84CD4927
:1016400049C9EF603FEA2A895686D285935A8900B4
:10165000135A0901937BF90F1305440093FAFA0F0B
:10166000137AFA0F135989019700FF1FE7808089C9
:10167000A301740123015401A300440123002401A8
:10168000EF609FE5AA85414608089700FF1FE780A5
:101690006087214734005A86A2850808EF208053CE
:1016A000AA891DE121462C0023807401A3805401E6
:1016B00023814401A3812401138544009700FF1F67
:1016C000E7804084EF60FFE222859700FF1FE780FC
:1016D0002034B64026444E8596440649F259625A53
:1016E000D25A425BB25B6161828001114AC82A8989
:1016F0002E8506CE22CC26CA2EC6EFE0BFEB71C5E2
:10170000405971C4834754000947B24593F6B70F57
:101710006387E60011471305E00F6392E7088357DC
:1017200004000945639DB706930484004146CA85B9
:10173000268597F0FE1FE780C06A4146CA851305DB
:10174000840197F0FE1FE780C06903473400854697
:101750009307F7FE93F7F70F63E9F6041306C40344
:101760003285C14532C6EF601FA532469306C402DA
:10177000A6852285EFF09F828347240089CB2285AE
:101780006244F240D244424905616F104010034761
:101790003400C947E305F7FEA301F4000145F24018
:1017A0006244D24442490561828093071005014595
:1017B000E317F7FE83472400FDD322856244F240FD
:1017C000D244424905616F1000130945C9BF49451C
:1017D000F9B729CD011126CA06CE22CCAA84094523
:1017E000A9C10D4628002E848D0597F0FE1FE780C5
:1017F000405F8347A10070002C0093F7F70393E745
:10180000070426852305F100EF20201619E90D466F
:10181000A285680097F0FE1FE780E0697D153335EB
:10182000A000F2406244D244056182800945828072
:10183000011152C42A8A32854EC656C25AC006CEFB
:1018400022CC26CA4AC82E8BB28AB689EFE09FD630
:1018500009ED8944F240624426854249D244B249A6
:10186000224A924A024B056182805C592A89C5440A
:10187000F5F34D45EF70EFCE1374F50F5145EF7052
:101880004FCEE38809FC83C78901E3E487FC137525
:10189000F50FE360F5FC930530051305400897004C
:1018A000FF1FE780C007232AA9022A84CD445DD107
:1018B00013064008814597F0FE1FE780A059A30159
:1018C0000400230144012302640123105401232650
:1018D000340723240402A30204008144E30C0AF623
:1018E0002285EF00D074AA8435D54A85EFF0EFAD9C
:1018F00095B7397122DC06DE26DA4AD84ED652D4A4
:1019000056D25AD05ECE62CC66CA0944630B06102A
:1019100063090710AA8B3A89368BB28A2E8CEFE0C6
:101920007FC92A8A5144630E050E9305300541454F
:101930009700FF1FE780A0FEAA894D447DC1834424
:10194000190083472900A204C207BE9483470900F7
:10195000BE9483473900E207BE9483278A0263E678
:1019600097007D5709446399E70A63070C00834792
:101970004A000544898BCDC3930C4B002146814519
:101980000A85C20C97F0FE1FE780C04C93DC0C0167
:101990009305300566859700FF1FE78040F82A8C85
:1019A0004D443DC95A86D685110597F0FE1FE78044
:1019B00060551146CA85628597F0FE1FE780805406
:1019C000414693058A014E8597F0FE1FE7808053BC
:1019D00021478A866686E2854E85EF20A01F2A84ED
:1019E0001DE521468A85280097F0FE1FE78080517B
:1019F000214693054900280097F0FE1FE780A04B81
:101A00008547631EF502A6855E85EF706FEB6285E4
:101A10009700FF1FE780C0FF4E859700FF1FE780FC
:101A200020FF2285F2506254D2544259B259225AB0
:101A3000925A025BF24B624CD24C21618280054487
:101A4000F9B779719397050122D406D626D24AD0E8
:101A50004ECEC1872E8463D507041735FF1F03457B
:101A600095FAEF409FDC2AC605C1EFF07F9DB24595
:101A700009E91735FF1F034505F99307F00F631EAA
:101A8000F5002E85EF405FCE2165218DB2502254A6
:101A900092540259F24945618280EF407FE1EDB7EF
:101AA00093F7150091C7EFF06FA313451400F9BF2A
:101AB000A1E10145E1BF850493F4F40FEFE09FC974
:101AC000E3F9A4FE3395990013190501135909018F
:101AD000B3772401EDD34A85EFE0DFF1C167FD174D
:101AE0006305F500DD45EFF02F963345240179BFFE
:101AF00085448549E1B79737FF1F23AD07EE973738
:101B0000FF1F23A107EE9737FF1F23AB07EC973783
:101B1000FF1F938767EE170700001307276298C31C
:101B20001707000013072732D8C317F7FFFF130763
:101B3000070098C79737FF1F938707EB1717000019
:101B40001307A75A98C31717000013074710D8C3E5
:101B5000171700001307073E98C782809737FF1FAB
:101B600083C787EAA18B1737FF1F1307E7E891E3C5
:101B700001479737FF1F23A7E7E601458280973784
:101B8000FF1F83C767E8918B1737FF1F1307C7E550
:101B900091E301479737FF1F23A4E7E401458280C3
:101BA000011106CE2AC6EFF01FF532459945973749
:101BB000FF1FA38AA7E4EFD06FB2F24017F5FFFF33
:101BC0001305C50E05616FE09FB91C5581C7A1477C
:101BD0003E858280011122CC26CA2A84AE84130558
:101BE00000049305300506CE9700FF1FE78020D341
:101BF00008D46305051013060004A68597F0FE1FA0
:101C0000E780201E78548347270193F68700638E70
:101C10000610145483C62600A18A63880610832701
:101C20000408E9EF93053005130500109700FF1F26
:101C3000E780E0CE2320A4088D4771C1A3020400F1
:101C4000785483C714008346170081EF81EE83C761
:101C50002400918BDDEB83472701918BDDE78547DE
:101C600011A889C62147A302E40099C783475400FD
:101C700093E70701A302F4006C5483C72501858B09
:101C800091CF1C54054783C727008D8B6398E700CD
:101C90008347640093E717002303F40083270408B5
:101CA00099C78347640093E787002303F4008347C1
:101CB000540005476398E70C93048400414681452E
:101CC000268597F0FE1FE780E01841468145130501
:101CD000840197F0FE1FE780E0171306C4033285E6
:101CE000C14532C6EF602FCD832704083246BDC7F9
:101CF0002285EF0050409307000525CDA147F24013
:101D00006244D2443E850561828083C704008346D5
:101D1000070015473387E702977701009387C70EBF
:101D2000BA97B69783C70700B1B783C6140091C6A8
:101D30008346170099C2E14735BF83C62400D58F7B
:101D4000918B91DF83C704008346070015473387D3
:101D5000E7029777010093876709D9B72285930631
:101D6000C402A685EFF08FA32285EF00503259F50B
:101D7000C14703550400A301F4008145EF700F9F94
:101D80008147B5BF13F7870149C3C18B9304840012
:101D90004146A9CB8905268597F0FE1FE7806004A0
:101DA000414681451305840197F0FE1FE780800AB4
:101DB000834764001306C403328593E74700230377
:101DC000F400C14532C6EF600FBF832704083246D6
:101DD0008DC32285EF0030329307200505F1A30162
:101DE000F40079BF8145268597F0FE1FE7808006C5
:101DF00045BF9306C402A6852285EFF02F9A22855F
:101E0000EF00F028CD4761DDD5BD094785456388E2
:101E1000E70093F7D70F11476397E700894503550C
:101E20000400EF70AF948347640093E747002303F7
:101E3000F4008327040881C7930710054DB7C547F1
:101E400079BF8347250063840726797122D406D69B
:101E500026D24AD083473500130750052A84639061
:101E6000E708034975001306C503C14593573900B8
:101E7000AA97328583C4870032C6EF60CFB3973705
:101E8000FF1F938727C29C43A9C79C47B9C303255B
:101E9000040893767900B3D6D4403246858A9305F8
:101EA0000504180893E606081305050882971375BC
:101EB000F50F05E141460C081305C40297F0FE1F1B
:101EC000E78020F22285EF00901C93076005A301B4
:101ED000F400B25022549254025945618280130793
:101EE00010026395E7021C550327050883D74700B6
:101EF00069EB13F7071071C778550357470113773C
:101F0000071061C393077002A301F40083473400F4
:101F100013077002639FE70C3C5885E39305300577
:101F200071459700FF1FE780809F28D819C571462B
:101F3000814597F0FE1FE780E0F12458B9C883C7B8
:101F4000A40191E72285EFF0AF90238DA4002858DB
:101F50008145414697F0FE1FE780C0EF28583D4776
:101F60008345A5019387F5FF93F7F70F6364F700A7
:101F7000EF606FA4EF407FAE3C58A1452398A700C7
:101F800013852701EF602FA32C5803550400EF00A1
:101F9000D0419307800203550400A301F400EFE051
:101FA0006FE1414611C58357E50013D617003E96F1
:101FB000060685451735FF1F0345F5A4EF40BFE82A
:101FC00009BF13F7072011CB785403574701137744
:101FD000072001C79307900205BF93F707409DD7DD
:101FE0007C5483D7470193F707408DD39307B00202
:101FF00021BF13078002639BE7023C5889CB83D53E
:1020000007010355040013862701EF00903F1C547D
:1020100083D7470013F707202DC378540357470190
:102020001377072039CB93079002B5B713079002B7
:10203000639CE700EF608FC9AA8503550400EF0099
:10204000503B9307A00281BF1307A0026393E704EC
:10205000EF602FC7AA85854701456384F500814558
:1020600005452EC6EF60AFC32A86B245035504006E
:10207000EF00B0341C5483D7470093F707408DC757
:102080007C5483D7470193F7074099CF9307B00259
:1020900019B71307B0026399E700EF60EFC3AA8591
:1020A00003550400EF0070399307F0020DB58280EC
:1020B000411122C4405926C206C67C54AA8483D743
:1020C000470113F7071019C7185403574700137730
:1020D00007101DE313F7072019C7185403574700CB
:1020E0001377072011EB93F707408DCF1C5483D74C
:1020F000470093F707409DC793071002A301F40020
:102100002285EFF01FD4034734009307F0026310D9
:10211000F702224403D52400B24092448145410194
:102120006FE09FB29307F002A301F400DDB7B24065
:102130002244924441018280397122DC405926DADE
:102140004AD84ED606DEAA89AE8432896304043E9C
:1021500003552500835704006384A700A14429A0E8
:102160008347240091EB9D44F250625426854259E6
:10217000D254B259216182809387E5FF93F7F70F1C
:102180002D47E362F7FE177701001307A7C98A07F7
:10219000BA979C43BA978287B2852285EFF0FFA257
:1021A000AA84D9B74146CA851305C40497F0FE1F17
:1021B000E78020C322853127AA8411C1A144834727
:1021C0003400130740056397E70093079005A301C8
:1021D000F40059BF130760056395E7009307A00556
:1021E000FDB7D147EDB79309C4054E854146CA8571
:1021F00097F0FE1FE780E0BE032504085DC9834712
:102200003400130790056399E7002285B9279307E7
:10221000E005A301F40061A81307A0056395E70892
:102220008347740013D737002297834687009D8B1E
:10223000B3D6F6409737FF1F9387C7869C43858A9E
:1022400093E606F893F6F60F91DB9C4781DB930546
:10225000050818084E861305050482979374F50F38
:10226000E39E04EE41460C081305C40497F0FE1FDC
:10227000E78060C4834774004D47850793F7F70FE5
:10228000A303F4006377F7002285C12D9307E005CF
:102290003DBF85451725FF1F0345F576EF40DF9AC3
:1022A000930750052DB71307C005E380E7F6814477
:1022B00065BD130984004E86CA8522851408EFE0A7
:1022C000FFCD41469305C404080897F0FE1FE78040
:1022D00080BEE30B05E88A861306C403CE854A85D3
:1022E000EF10F00515E12285EFE09FD69727FF1F3D
:1022F000938787702A879C470355040081460146CF
:102300008A858297AA8411C1A14493072002C1B58E
:1023100083450600EFE05F9359BF034734009307FE
:102320002002E312F7E47C5889EB930530057145F0
:1023300097F0FE1FE780A05E68D86858E30505E2C5
:102340004146CA8597F0FE1FE780A0A96458228500
:10235000EFE01FD0238DA400930730025DBD03473B
:10236000340093073002E310F7E083570600685803
:102370002146930529002318F500490597F0FE1F13
:10238000E78020A67C5483D7470113F7270035CB7D
:10239000185403574700098B2DC79307400295BD7A
:1023A0000347340093074002E31FF7DA3C5C81EBFC
:1023B00085455D4597F0FE1FE780605628DC285C68
:1023C000E30705EE834709004146CA85230BF50064
:1023D00097F0FE1FE780E0A0930750021DBD034762
:1023E000340093075002E310F7D8285C1946930590
:1023F0001900410597F0FE1FE780A09E7C5483D70B
:102400004701918B9DCF1C5483D74700918B95CB6F
:1024100093076002FDBB7C5C89EB93053005514559
:1024200097F0FE1FE780A04F68DC685CE30805D2E8
:102430004146CA8597F0FE1FE780A09A7C5C7D57D5
:1024400098CB4E85EFF0DFC69DB503250408130633
:102450000004CA851305050497F0FE1FE780609805
:102460002285EFE0DFAF8347340013070005639553
:10247000E7009307400571BB13071005639CE70055
:1024800085451725FF1F03451558EF40EFFB9307C0
:10249000500541B313072005E39BE7E09727FF1F93
:1024A000938747609C43E38B07CA9C47E38807CA2E
:1024B0008325040893048400180893850508814641
:1024C00026862E858297035504001008A685EF60A6
:1024D000DFB29307B00535BB034734009307E0052F
:1024E000E313F7C88325040841464A8597F0FE1F89
:1024F000E780609CAD44E30905C603250408414616
:10250000CA8597F0FE1FE780C08D2285EFE05FB49B
:102510009727FF1F9387474E2A879C472C580355C0
:102520000400814601468297AA8411C1A144930701
:10253000100271B9AD47E39CF5D68346060083557A
:1025400025001306650003450500EF60AFAE85B3B7
:10255000894761C2DDCD2300A60083C70500A30023
:10256000F60083C715002301F60083C72500A301E9
:10257000F60083C73500A30206002302F60083D7C6
:102580004500A183858BA302F60003D7450013778E
:10259000072009C793E72700A302F60083D7450069
:1025A00093F7074099C78347560093E74700A30274
:1025B000F60083D745001397470163580700834708
:1025C000560093E78700A302F6002303060083C7A3
:1025D0004500858B2303F60003D74500098B09C707
:1025E00093E727002303F60083D74500918B99C713
:1025F0008347660093E747002303F60003D74500AF
:102600008147218B19C7034766001367870023039F
:10261000E6003E8582802E86AA8505456FF05FF331
:102620002E86AA8509456FF0BFF289478DC505C57D
:10263000411106C6AE870D47AA852380E7001385A2
:102640001700414697E0FE1FE780A079B24081471E
:102650003E85410182803E85828089478DC505C5C2
:10266000411106C6AE871147AA852380E70013856E
:102670001700414697E0FE1FE780A076B2408147F1
:102680003E85410182803E85828089478DC505C592
:10269000411106C6AE871947AA852380E700138536
:1026A0001700414697E0FE1FE780A073B2408147C4
:1026B0003E85410182803E85828089479DCD15CD32
:1026C000411106C61D472380E50003570500AE876C
:1026D0002146A380E5000357050021832381E500FF
:1026E000930525001385370097E0FE1FE780606F94
:1026F000B24081473E85410182803E858280894784
:102700008DC505C5411106C6AE872147AA85238020
:10271000E70013851700414697E0FE1FE780606CD5
:10272000B24081473E85410182803E858280894753
:1027300095C90DC9411106C625472380E500034709
:102740000500AE871946A380E500930515001385A3
:10275000270097E0FE1FE780C068B24081473E85B2
:10276000410182803E85828089478DC505C5411122
:1027700006C6AE872947AA852380E7001385170080
:10278000414697E0FE1FE780C065B24081473E8525
:10279000410182803E858280894795C50DC54111E2
:1027A00006C6AE873147AA852380E7001385170048
:1027B0001306000497E0FE1FE780A062B240814745
:1027C0003E85410182803E85828089478DC505C551
:1027D000411106C6AE873547AA852380E7001385D9
:1027E0001700414697E0FE1FE780A05FB240814797
:1027F0003E85410182803E858280894791C909C911
:1028000095472380F50083470500A380F5008147A5
:102810003E858280894791C909C9AD472380F5006B
:1028200083470500A380F50081473E85828015C55A
:102830005D718A8586C6A2C42A84EFE0EFEC035559
:1028400004000A8697060000938626DD9D45EFE08A
:102850006FDEB6402644616182800545828015C5E1
:102860005D718A8586C6A2C42A84EFE0EFE903552C
:1028700004000A86970600009386C6DA9D45EFE0BD
:102880006FDBB640264461618280054582805D71C0
:10289000A2C49305C5022A8441460A8586C697E0EC
:1028A000FE1FE7800054035504000A8697060000C7
:1028B0009386E6D7C545EFE0EFD7B6402644616181
:1028C00082805D71A2C49305C5032A8441460A85AE
:1028D00086C697E0FE1FE780C050035504000A86B5
:1028E000970600009386A6D7C545EFE0AFD4B64063
:1028F0002644616182809727FF1F9387A71A9C4314
:10290000B1CB9C435D71A2C486C62A841305E00F37
:1029100095CF032504089305050C13050508829738
:1029200083250408130600040A859385050897E0AB
:10293000FE1FE780004B03550400970600009386B6
:10294000E6E50A8693051004EFE0CFCEB6402644B4
:10295000616182801305E00F8280317122DD2A845B
:102960000355050026DB06DF4AD94ED752D556D38C
:102970005AD15ECF62CDEFD0FFC33C58AA8489EB19
:1029800093053005714597F0FE1FE78040F928D880
:102990002858CD471DC97146814597E0FE1FE78045
:1029A000604B032904072285EFE08FEA230DA9007D
:1029B000834724001729FF1F1309C90E638A0712D2
:1029C0008327090085E39307E00FFA506A54DA542D
:1029D0004A59BA592A5A9A5A0A5BFA4B6A4C3E85A6
:1029E0002961828083AB0701E38F0BFC032B040872
:1029F000EF503FAD2A8C0145EF507FAA83C75400AA
:102A00003858130B0B029309C403130AC405938AA5
:102A100064003AC0B337F0002A879308010456884F
:102A2000B33680015286CE855A85829B1C5403C7DB
:102A300027002307E10203C71700A306E10283C7AB
:102A400007002306F10283270900B5DF03AB470126
:102A5000E30B0BF683C75400B337F0003ECEEF50C4
:102A60005FA6AA8B0145EF509FA303270408F247F6
:102A70002AC03AC2B3387001568878109306840091
:102A80004E86D2858800029B7C5403C7270123050C
:102A9000E10203C71700A304E10283C70700230470
:102AA000F1028327090003A94701EF509FA12A8B58
:102AB0000145EF50DF9E83C854009C082A883EC21F
:102AC000B3381001B3376001381093068401528681
:102AD000CE8556C088000299035504009706000071
:102AE0009386E6CE9008C545EFE0CFB4AA87F1BD46
:102AF00083C6540083270900032B0408B336D00093
:102B000083AB070136CEEF50DF9B2A8C0145EF5097
:102B10001F993C58F246130B0B02130AC405930984
:102B2000C403938A64002A88930801044E86D285E0
:102B30003EC05687B33780015A85829B1C54130BC5
:102B4000010303C727002307E10203C71700A306F9
:102B5000E10283C707002306F1028327090083AB44
:102B6000470183C75400B337F0003ECEEF507F9546
:102B70002A8C0145EF50BF92F2472AC0B33880013A
:102B800056887810930684004E86D2855AC28800F3
:102B9000829B8325040841465A8597E0FE1FE78003
:102BA0008031AD47E31205EE0DB52E869706000085
:102BB0009386E6ADC5456FE0EFA75D71B287A2C40D
:102BC0002300B1002A84BE8513051100194686C66C
:102BD00097E0FE1FE780E0200A8622859706000026
:102BE000938626B5A145EFE0EFA4B6402644616187
:102BF00082802E86970600009386A6B0C5456FE0BA
:102C00006FA35D71B287A2C42310B1002A84BE8570
:102C100013052100214686C697E0FE1FE780601C51
:102C20000A86228597060000938666A9AD45EFE0E7
:102C30006FA0B6402644616182802E869706000010
:102C40009386C6B2C5456FE0EF9E797122D406D651
:102C500026D283473500130730052A846385E708A9
:102C6000130750056397E7089307A005A301F50034
:102C700083477500C14513D737002A9783468700DD
:102C80009D8B1305C503B3D6F640858A93E606F8F7
:102C900093F6F60F36C6EF500FD2B2469727FF1FB6
:102CA000938747E09C439DCB9C478DCB032504082D
:102CB00018081306C4039305050413050508829735
:102CC0001375F50F01ED1305C40241460C0897E09A
:102CD000FE1FE78000112285EFF07FBBB250225427
:102CE00092544561828093079005A301F5008146C7
:102CF00075B7130710026396E7027C550327050892
:102D000083D747016316070E13F717006302070EF8
:102D1000185503574700058B61CF93072002A30185
:102D2000F4008347340013072002639DE70E3C58EC
:102D300089EB93053005714597F0FE1FE78020BEB3
:102D400028D82458C9C02285EFE08FB0238DA40075
:102D500028588145414697E0FE1FE780A00F28587C
:102D60003D478345A5019387F5FF93F7F70F636D03
:102D7000F7029727FF1F83C7E7D3D5C34146814595
:102D8000080897E0FE1FE780E00C19469725FF1F13
:102D90009385C5B2080897E0FE1FE780800430588D
:102DA0000C082E85EF40201CEF303FCB3C58A1454E
:102DB0002398A70013852701EF50EFBF2C58035528
:102DC0000400EFF09FDE9307300203550400A301D7
:102DD000F400EFD02FFE414619C10356E500060668
:102DE00085451725FF1F034515C2EF40CF85FDB56B
:102DF00013F7270009CB185403574700098B01C765
:102E00009307400229BF918BE38D07F01C5483D7B1
:102E10004700918BE38707F09307600209B7EF50F3
:102E20008FB959B713073002639AE7023C5889CB30
:102E300083D507010355040013862701EFF07FDCDB
:102E40007C5483D7470113F7270021CF1854035729
:102E50004700098B39C79307400285BF130740021B
:102E6000639CE700EF508FE6AA8503550400EFF05E
:102E70005FD89307500291BF130750026390E70495
:102E8000EF502FE40DE9814505452EC6EF502FE1A7
:102E90002A86B24503550400EFF03FD27C5483D715
:102EA0004701918B9DC71C5483D74700918B95C3D5
:102EB0009307600219BF85450145C1BF1307600232
:102EC0006399E700EF504FE1AA8503550400EFF046
:102ED000DFD67C540327040883D7470119EF13F783
:102EE000071001CF1854035747001377071011C775
:102EF00093077002A301F400D5B313F7072011CB99
:102F00001854035747001377072001C7930790020F
:102F1000D5B793F7074091CB1C5483D7470093F75D
:102F2000074081C79307B002F1B79307F002D9B702
:102F3000397122DC26DA4ED652D406DE4AD8AE8962
:102F4000328AAA84EFD00FE74059414681450A856D
:102F500097E0FE1FE78000F025C8035904006315C1
:102F600099060347340093071002631FF702832773
:102F7000040899CF2C58A9C94A85EF107018054547
:102F8000F2506254D2544259B259225A216182807D
:102F90008A861306C4059305C40313058400EF0055
:102FA000103A1DE18A85C9BF2C5899CD83D70501F8
:102FB000639C47012146C9054E8597E0FE1FE780C7
:102FC00080EF19C12C584DBF2685EFD0AFDE2A8483
:102FD00005455DD44C54B9C583D7050163944705B5
:102FE0002146C9054E8597E0FE1FE780C0EC854766
:102FF000631AF50283C7718791C74C5483C7B50123
:10300000639EA70CBD452685EF10900A9727FF1FEA
:10301000938707839C5B0145A5D71D45894582970A
:103020000145B9BF9727FF1F9387D7A803C707009C
:103030009729FF1F9389C9803E89058B31C30347B8
:1030400054009727FF1F83C727A6631BF702194663
:103050009725FF1F938555A51305640097E0FE1F74
:10306000E78060E58547631DF50083A7090381C7F5
:1030700091451D458297BD452685EF10700301B728
:103080001727FF1F034707A383A7090331CB034774
:103090000900098B09CB81C795451D458297268577
:1030A000EF105006E9BD81C78D451D458297414609
:1030B0008145080897E0FE1FE780C0D9194697159B
:1030C000FF1F9385A57F080897E0FE1FE78060D16A
:1030D0000C082E850A86EF3010698A85268571BD19
:1030E0008545C5FF6DBF797122D440594AD04ECE77
:1030F00052CC06D626D2AA892E8A32896300046C65
:103100000355250083570400638CA700A144B250E7
:103110002254268502599254F249624A45618280BE
:103120008344240099C09D44DDB79387F5FF93F74E
:10313000F70F3147E369F7FE17670100130787D1DF
:103140008A07BA979C43BA9782871C54E1F3930588
:1031500030051305000497E0FE1FE780407C08D48B
:1031600055D503470900914763F4E7008D4445B7FF
:10317000034719008547E3EBE7FE13060004CA8501
:1031800097E0FE1FE780E0C50C547054A3020400D2
:10319000D4415C4A858AFD8E83574601F99BD58FC1
:1031A000231AF600D841544AF59B0583058B858286
:1031B000F98E8606DD8E231AD600DC41584AED9A38
:1031C0008983858B09837D8F0A07558F231AE60033
:1031D000D4415C4A5D9B8D82858A8D83F58F8E07F5
:1031E000D98F231AF600D841544A93F7F7EF218379
:1031F000058BA182F98EA206DD8E231AD600DC4152
:10320000584AA583858B25837D8F9317970013F7E5
:10321000F6DF5D8F231AE600D4415C4AA982858AD5
:10322000A983F58F9396A7009377F7BFD58F231ABD
:10323000F600D441584AAD82858A2D83758FFD767C
:103240009386F67F2E07F58FD98F231AF6008347D2
:10325000260103250408A18B6387071083C7250077
:10326000A18B63820710E31305EA9305300513056C
:10327000001097E0FE1FE780806A2320A408E30780
:1032800005EE7C54A30204000347190083C617000F
:1032900089EA45C38347540093E70701A302F4007A
:1032A00029A0A147A302F40075F72285EFF02FDBD8
:1032B0006C5483C72501858B81CF1C5483C727009D
:1032C0008D8B99C78347640093E717002303F400AD
:1032D0008327040899C78347640093E78700230383
:1032E000F4008347540005476393E70C414681454A
:1032F0001305840097E0FE1FE780C0B54146814575
:103300001305840197E0FE1FE780C0B4C145130593
:10331000C403EF405FEA032704089307000511E3A5
:10332000C14703550400A301F4008145EF501FC4B9
:10333000F9BB03C72701118B19E703472900118B3C
:1033400019E38547A1BF83C70700834609001547D6
:103350003387E70297670100938707ABBA97B69761
:1033600083C7070025BF19C597E0FE1FE780406AA5
:10337000232004087C5403C7170011C70347190012
:1033800019C3E14721BF03C72701118B09E7034791
:103390002900118B5DD783C70700154783460900B5
:1033A0003387E70297670100938747A445BF13F768
:1033B000870131CFC18B130584004146A9C389051C
:1033C00097E0FE1FE780E0A1414681451305840197
:1033D00097E0FE1FE78000A883476400C1451305FE
:1033E000C40393E747002303F400EF40DFDC8327A7
:1033F000040881CF93072005A301F40009BB814590
:1034000097E0FE1FE78000A5C1B7CD47F5B7094794
:1034100089456386E70011476398E70085450355B2
:103420000400EF50BFB421A01947E389E7FE8347AA
:10343000640093E747002303F4008327040881C74F
:103440009307100555BFC54745BF4146CA851305BB
:10345000C40497E0FE1FE780C09883473400130739
:103460006005639CE70085451715FF1F0345B559A7
:10347000EF308FFD9307500541B745476383E7025F
:103480009306C4021306C403930584002285EFD07B
:10349000FFB02285EFF0AFBFAA8411C1A144D1478C
:1034A000A1BFC94791BF9309C4054E854146CA854E
:1034B00097E0FE1FE780E0920325040871CD834763
:1034C0003400130790056398E7002285EFF06FBF83
:1034D0009307E00515B71307A005639FE706971745
:1034E000FF1F9387275C9C43E38F07C203A88700D5
:1034F000E30B08C283477400930505084E8613D773
:1035000037002297834687009D8B0A87B3D6F64003
:10351000858A93E6060813050504029841468A85C4
:103520001305C40497E0FE1FE780E09811E1D28400
:103530002285EFF00FB983477400CD461307E005ED
:10354000850793F7F70FA303F40063E4F60013076E
:103550006005A301E40065BE1307C005E399E7BA5F
:103560009717FF1F938707549C43E38E07BA9C4726
:10357000E38B07BA93050508130984000A8781467F
:103580004A862E858297035504000A86CA85EF5025
:10359000DFA69307B0058DB58A864E869305840015
:1035A0002285EFD0BF9F41469305C4040A8597E06A
:1035B000FE1FE78040908547D284E31AF5B4228548
:1035C000EFF02FB0AA84E31305B4930710022DB5D2
:1035D0000347340093077002E317F7B47C5889EB74
:1035E00093053005714597E0FE1FE780403368D8AA
:1035F0006858E30A05B2CA85414697D0FE1FE780A6
:10360000407E032944072285EFD09FA4230DA90003
:1036100093078002D5B30347340093078002E31475
:10362000F7B08357060068582146930529002318F0
:10363000F500490597D0FE1FE780A07A7C5483D718
:10364000470113F7072025CF185403574700137776
:10365000072035C79307900245B30347340093070B
:103660009002E312F7AC3C5C89EB930530055D45B5
:1036700097E0FE1FE780A02A28DC285CE30505AA66
:103680004146CA8597D0FE1FE780A0759307A00228
:10369000A5B3034734009307A002E316F7A88347B6
:1036A0000600285C194693051900230BF500410517
:1036B00097D0FE1FE780E0727C5483D7470193F7D1
:1036C0000740B1C71C5483D7470093F70740A1C3F5
:1036D0009307B00215B3034734009307B002E31415
:1036E000F7A47C5C89EB93053005514597E0FE1FFC
:1036F000E780E02268DC685CE30A05A04146CA85F1
:1037000097D0FE1FE780E06D7C5C7D5798CB03D59A
:1037100029008145EFD04FD3DDBA0347340093072A
:10372000F004E3F5E79E03250408E301059E130674
:103730000004CA851305050497D0FE1FE780606A60
:103740002285EFF04F9BAA842285EFD05F818347CB
:10375000340013070005639FE70003D6E9008545A1
:103760001715FF1F0345352A0606EF30CFED9307E7
:10377000300559B1130710056395E70093076005FD
:10378000A5B913072005E394E7989307C005ADB1E9
:10379000034734009307E005E31AF796032504086E
:1037A0004146CA8597D0FE1FE780A0632285EFF0CF
:1037B000CF9AAA8419BD83450600A9BF85478144D5
:1037C000E397F59403284600834736000347260015
:1037D0008346160083552500034606000145EF4049
:1037E0001FFC35B28147C1463307F500B388F500A9
:1037F0000347070083C808003308F60085073347EE
:1038000017012300E800E391D7FE82800147BD47FE
:103810001308F00F3306F50083460600B388F50061
:10382000FD178606558F2380E8000347060093F7AF
:10383000F70F1D83E39007FF82808147930800F80C
:10384000414893F6F70F3387F50063FCC600B306D3
:10385000F50083C606002300D7008507E39307FF22
:1038600082806395C60023001701C5BF23000700AF
:10387000EDB701114AC856C22E89AA8A93053005B0
:10388000414506CE22CC26CA4EC652C4328A97E0A3
:10389000FE1FE780C008AA8493053005414597E0E4
:1038A000FE1FE780C0072A84CD49A5C431CD41461B
:1038B000814597D0FE1FE780E0592686A285568570
:1038C000EF30606AAA8929E18387040063D3070681
:1038D000A2852685EFF09FF34A86975501009385D0
:1038E000A55A2285EFF01FF08307090063D807046B
:1038F000A2854A85EFF09FF1528697550100938586
:10390000A5582285EFF01FEE268597E0FE1FE78081
:10391000201011C4228597E0FE1FE780600FF2405F
:1039200062444E85D2444249B249224A924A0561D4
:103930008280CA852685EFF07FED7DB7D2854A85E6
:10394000EFF0DFECD1B781474146B306F50033878E
:10395000F5000347070003C8060085073347070142
:103960002380E600E393C7FE8280011126CA4EC67B
:10397000AE84AA8993053005130500034AC806CE14
:1039800022CC328997E0FE1FE78060F92DC513062F
:10399000000381452A8497D0FE1FE780A04B414653
:1039A000CE85228597D0FE1FE780C055A6850D469F
:1039B0001305D40197D0FE1FE780C05413060402FC
:1039C000930504012285EF30005AAA840D46930521
:1039D000D4024A8597D0FE1FE780C052228597E027
:1039E000FE1FE780E002F240624426854249D2444D
:1039F000B24905618280CD44FDB75D714EDE62D46F
:103A0000AE892A8C9305300513050003A6C2CAC0EF
:103A100052DC56DA5AD85ED686C6A2C4B28B368B32
:103A2000BA84BE8A4289468A97E0FE1FE78020EF6B
:103A3000630505101306000381452A8497D0FE1FF5
:103A4000E78040414146E285228597D0FE1FE7800E
:103A5000604B414681450A8597D0FE1FE780803F35
:103A60001D46DE850A8597D0FE1FE780A0491D46CA
:103A7000DA851305710097D0FE1FE780A04833391F
:103A80002001B334900041468145080823072101F5
:103A9000A307910097D0FE1FE780C03B1946D6854B
:103AA000480897D0FE1FE780E0451946D2851305E8
:103AB000A10197D0FE1FE780E04493040401414632
:103AC000CE85268597D0FE1FE780C0438A85268550
:103AD000EFF07FE7930904024E86A6852285EF303A
:103AE00080482A890DE94146CE85268597D0FE1F5C
:103AF000E780202F0C082685EFF0FFE44E86A68590
:103B00002285EF3040462A8946454146CE8597D0EA
:103B1000FE1FE780203F228597E0FE1FE78040EFF1
:103B2000B64026444A8596440649F259625AD25A0A
:103B3000425BB25B225C616182804D49D5B7011165
:103B400026CA52C4AA842E8A1305000393053005A1
:103B50004AC84EC606CE22CC3289B68997E0FE1FEF
:103B6000E780E0DB35C52A84A685414697D0FE1F55
:103B7000E7804039930404012146D285268597D0F9
:103B8000FE1FE7802038CA8521461305840197D09F
:103B9000FE1FE780203713090402A6854A86228586
:103BA000EF30603CAA844146CA854E8597D0FE1FFF
:103BB000E7804035228597E0FE1FE78060E5F24010
:103BC000624426854249D244B249224A0561828034
:103BD000CD44F5B739715AD05ECE2A8BAE8B4145B4
:103BE0009305300506DE26DA52D456D262CC66CA78
:103BF0006AC8368C328DBA8C22DC4AD84ED697E011
:103C0000FE1FE780C0D1AA8A93053005414597E0A1
:103C1000FE1FE780C0D02A8ACD44638E0A0859C5AA
:103C20002A86D6855A85EFF0DFC4AA8441E1930540
:103C30003005414597E0FE1FE78060CE2A89930555
:103C40003005414597E0FE1FE78060CDAA89630AF1
:103C5000090E6306050E1304FD0011841376FD00A2
:103C600049C07D144204418035EE131544004E8650
:103C7000D6855E95EFF01FB7414681454A8597D0BE
:103C8000FE1FE780201D014D93170D01C18363F4D2
:103C90008708BDC04A8597E0FE1FE78060D763872D
:103CA00009004E8597E0FE1FE78080D6568597E095
:103CB000FE1FE780E0D563070A00528597E0FE1FEC
:103CC000E78000D5F250625426854259D254B25949
:103CD000225A925A025BF24B624CD24C424D216105
:103CE00082800144131544008A855E95EFF0FFB48D
:103CF0004E86D2850A85BDBF93154D000A86DE9596
:103D00004A85EFF03FAE4A868A855A85EF30A02576
:103D1000AA84050D95BFBDFC0A86CE854A85EFF0C5
:103D20007FAC4A868A855A85EF30E023AA8466866E
:103D3000CA85628597D0FE1FE780A00AA1BFCD4447
:103D400091BFCD44A9BF397162CC2A8C594526DA7E
:103D50004AD84ED652D456D25AD05ECE06DE22DC97
:103D6000AE8B328BB68A3AC63E8AC2894689834474
:103D70000104EF209FA449C19167938717E923109D
:103D8000F50085472301F5002A8432472105630C9D
:103D90000C0493071003A301F4001946814597D042
:103DA000FE1FE780200B23036401A3035401230AB1
:103DB000940023127401231744012318340123199A
:103DC0002401A2856254F250D2544259B259225A67
:103DD000925A025BF24B624C1715FF1F034585C2D6
:103DE00021616F20FFACA30104001946BA8597D06A
:103DF000FE1FE78000FF45BFF2506254D254425983
:103E0000B259225A925A025BF24B624C2161828073
:103E1000011122CC2A84314506CE2EC632C436C2C8
:103E20003AC0EF209F9929C19167938717E9231022
:103E3000F5008D472301F500A3018500B245224618
:103E4000924602476244F2402312B5002313C50094
:103E50002314D5002315E500AA851715FF1F034578
:103E600065BA05616F20DFA4F2406244056182807B
:103E700001114AC82A89394526CA06CE22CC2EC647
:103E8000B284EF209F9331C1B2459167938727E9B0
:103E90002310F5009147A30125012312B5002A84C0
:103EA0002301F500A6851905214697D0FE1FE7805E
:103EB00040F3A2856244F240D24442491715FF1FE5
:103EC000034545B405616F20BF9EF2406244D24471
:103ED00042490561828001114AC82A89414526CAA2
:103EE00006CE22CC2EC6B284EF203F8D29C1916729
:103EF000B245938727E92310F50095472A842312BA
:103F000025012301F5002146190597D0FE1FE78002
:103F100040EDA285231794006244F240D244424906
:103F20001715FF1F034535AE05616F207F98F240DE
:103F30006244D244424905618280011122CC2A8424
:103F4000394506CE2EC632C436C23AC0EF20FF86AF
:103F500029C19167938717E92310F5009947230139
:103F6000F500B2452246924602472312850062447C
:103F7000F2402313B5002314C5002315D5002316E2
:103F8000E500AA851715FF1F0345C5A705616F202A
:103F90003F92F240624405618280797122D406D654
:103FA0002A842EC632C436C23AC0EFC0AFE01DC16B
:103FB000B245224692460247231CB100231DC10090
:103FC0002C081306F00F2285231ED100231FE100C9
:103FD000EFC00FCDB250225445618280011122CC36
:103FE0002A84394506CE2EC632C436C23AC0EF20E6
:103FF000CFFC29C19167938717E92310F5009D47EE
:104000002301F500B245224692460247231285005D
:104010006244F2402313B5002314C5002315D500D4
:104020002316E500AA851715FF1F0345A59D056109
:104030006F201F88F2406244056182805D712AC64C
:1040400013052002CAC04EDE52DC56DA5AD85ED6BC
:1040500062D466D26AD086C6A2C4A6C26ECE2E8CA8
:10406000B28B368B3AC43E8DC28CC68A035A010588
:104070008359410503498105EF202FF469C59166F5
:104080003243938616E9A9472A842310D5002301D9
:10409000F500930DE4002105930444012247630DCC
:1040A000030693071003A301F4001946814597D036
:1040B000FE1FE78020DA194681456E8597D0FE1FE6
:1040C000E78040D919468145268597D0FE1FE780B5
:1040D00060D823037401A303640123002403231283
:1040E0008401231D5401231E4401231F3401A28592
:1040F0002644B64096440649F259625AD25A425B67
:10410000B25B225C925C025DF24D1715FF1F034506
:10411000658F61616F20CFF9BA85A301040019464C
:1041200097D0FE1FE780E0CBEA856E85194697D0D1
:10413000FE1FE78000CB1946E685268597D0FE1F37
:10414000E78020CA79B7B640264496440649F2591A
:10415000625AD25A425BB25B225C925C025DF24DC3
:1041600061618280011122CC2A84214506CE2EC6AF
:1041700032C436C2EF206FE415CD224692469167D5
:10418000938717E92310F500B1472301F500A30138
:104190008500B2452303C500A303D5006244F24065
:1041A0002312B500AA851715FF1F0345A5850561D4
:1041B0006F200FF0F240624405618280411126C2F7
:1041C000AA84514506C622C4EF202FDF49C191675A
:1041D000938717E92310F500B9472301F50083C73A
:1041E00014002A8493856400A301F50083C734007A
:1041F00003C724002105A207D98F231EF5FE83C71C
:1042000044001946230FF5FE83C75400A30FF5FEA3
:1042100097D0FE1FE780E0BC83C7C400A2851705C6
:10422000FF1F0345257E2307F40083C7E40003C76F
:10423000D400A207D98F2318F40083C7F400230900
:10424000F4002244B240924441016F206FE6B24034
:104250002244924441018280411122C42A8419459A
:1042600006C6EF208FD50DC59167938717E92310F8
:10427000F500C1472301F500231285002244B24016
:10428000AA851705FF1F0345E57741016F204FE21F
:10429000B24022444101828041110D4506C6EF2003
:1042A000CFD10DC5930710F92300F5009307E00364
:1042B000A300F500C5472301F500B240AA85170504
:1042C000FF1F0345257441016F208FDEB24041017D
:1042D0008280011122CC2A84294506CE2EC632C402
:1042E00036C2EF208FCD15CDB245924691679387A8
:1042F00017E92310F500C9472302B5002301F50093
:10430000A30185002304D50022466244F240231312
:10431000C500AA851705FF1F0345C56E05616F20FF
:104320002FD9F24062440561828001114AC82A896E
:104330002D4526CA06CE22CC2EC6B284EF20EFC76A
:1043400029C5B245930710F92300F5009307E00350
:10435000A300F500CD47A30125012302B5002A845F
:104360002301F500A6851505194697D0FE1FE780A5
:1043700040A7A2856244F240D24442491705FF1F7C
:104380000345456805616F20AFD2F2406244D244D4
:10439000424905618280011122CC2A84214506CE42
:1043A0002EC6EF208FC105C9B2459167938717E9E3
:1043B0002310F500D1472303B5002301F500231294
:1043C00085006244F240AA851705FF1F03458563F7
:1043D00005616F20EFCDF2406244056182800111DA
:1043E00022CC2A84214506CE2EC632C4EF20EFBC53
:1043F0001DC52246930710592310F500230185009F
:10440000B2452303C5006244F2402312B500AA85D9
:104410001705FF1F0345055F05616F206FC9F24057
:10442000624405618280011122CC2A84214506CE96
:104430002EC632C4EF206FB81DC9224691679387FC
:1044400027E92310F500A1472301F500B245230316
:104450008500A303C5006244F2402312B500AA857B
:104460001705FF1F0345355A05616F206FC4F240E1
:10447000624405618280011122CC2A84314506CE36
:104480002EC632C436C23AC0EF202FB315CD224615
:104490008567938717C92310F50023018500B2456E
:1044A0002303C500924602476244F2402312B5003E
:1044B0002314D5002315E500AA851705FF1F034522
:1044C000655405616F20CFBEF24062440561828071
:1044D000011126CAAE844AC82A891385C40006CEB3
:1044E00022CC32C6EF206FAD1DCD8567B2459387D4
:1044F00017E923019500231225012A842310F500D2
:10450000310508C4268697D0FE1FE780808DA285DE
:104510006244F240D24442491705FF1F0345854ECD
:1045200005616F20EFB8F2406244D2444249056110
:104530008280011122CC2A84194506CE2EC6EF2096
:10454000CFA705C98567938717F92310F50085471D
:1045500023018500A301F500B2456244F240231215
:10456000B500AA851705FF1F0345C54905616F20E2
:104570002FB4F240624405618280411122C42A8432
:104580000D4506C6EF206FA305C5930710F923005C
:10459000F500E947A300F500230185002244B2405D
:1045A000AA851705FF1F0345E54541016F204FB060
:1045B000B240224441018280011122CC2A8421454B
:1045C00006CE2EC6EF206F9F0DC99167938727E90E
:1045D0002310F500930700032301F500B2452303E0
:1045E00085006244F2402312B500AA851705FF1F1B
:1045F0000345754105616F20AFABF2406244056130
:1046000082800111214506CE2EC632C4EF20EF9ADA
:1046100005C98567938707392310F500B2452246FF
:1046200085472301F500F2402312B5002313C5008E
:10463000AA851705FF1F0345653305616F204FA746
:10464000F24005618280397122DC1304F5FF4AD8FB
:1046500052D456D25ECE420406DE26DA4ED65AD068
:10466000894B2A8A3289B68A418063957515938B66
:10467000019C83C7019C5E8B89448DCF83C9160042
:1046800083C706009144A209B3E9F9009707FF1F09
:1046900083D7071CF51763DFF9009307C6FF639DF7
:1046A000F90831452EC6EF204F912A84B24519ED05
:1046B0009304F00FF250625426854259D254B259F5
:1046C000225A925A025BF24B2161828042091359AD
:1046D00009012302B50023132501930700F91509E9
:1046E000A1652310F5002311450185054A8597D062
:1046F000FE1FE780C02208C415C983C70B0093853D
:10470000EAFF13562900FD172380F19C97C0FE1F76
:10471000E78000711C44A2851705FF1F034505258E
:1047200089071CC4EF20CF98814469B7228597D0B0
:10473000FE1FE780E02DADBF9307D6FFE3CAF9F671
:10474000B1473304F4029704FF1F938464229C4012
:10475000A29703C7A70019C7884309C597D0FE1FB2
:10476000E780002B13854900A1654205850541813D
:1047700003AA040097D0FE1FE780601A9C40229A8B
:104780002320AA00A297884305D505472385E70083
:1047900083470B004A86D685FD172380F19C97C07E
:1047A000FE1FE78000649C403E94231324012312E3
:1047B00034019DBF8547E39DF5EEB1473304F40214
:1047C000170BFF1F130BCB1A83270B00DA89A29755
:1047D00003D76700884345CB83D74700B306C7009C
:1047E000910763C2D70A3A95D68597C0FE1FE78026
:1047F000405F03270B008144229783576700CA97C5
:10480000C207C1832313F700035747001107E3933F
:10481000E7EA3145EF107FFAAA8521C1930700F935
:104820002310F50083270B00230275012311450196
:10483000A29703D767009C432313E5001CC5170507
:10484000FF1F0345A512EF20AF8683270B003E9480
:104850002313040023050400B1BD83270B00A29796
:10486000884311C997D0FE1FE780801A83270B0069
:10487000A29723A0070083A709003E9423130400F6
:104880002305040055B511C997D0FE1FE7804018D5
:1048900083A70900A29723A0070083A709008544E6
:1048A0003E94231304002305040029B56F40904172
:1048B0006F40D0426F50000E6F40D045411106C688
:1048C000EF401042B2400145410182806F403047C5
:1048D0006F4050496F40704B6F40504D6F40504F8C
:1048E0006F4030516F4030536F4030556F40D0565D
:1048F0008347160003460600A2075D8E6F401058DE
:104900006F4050596F40105C6F40D05E6F40B06197
:104910006F4090646F40B0666F40D0686F40F06A3F
:104920006F40106D6F40306F03430100030E410074
:10493000834E8100034FC100834F01018342410137
:10494000834381017EC816CA1ECC7AC676C472C261
:104950001AC06F40506E6F4050736F4070756F405B
:1049600090776F40B0796F40D07B6F40F07D6F5093
:1049700000006F50E0026F5000056F60D0281307F1
:10498000A5FF420785672A8841831385A7C7636C03
:10499000E502138707C801456368B70263E60503AC
:1049A0001307301F6362C702138766FF4207418304
:1049B000938767C763EAE70005063306B6028E06EB
:1049C0003325D600828001458280411126C206C669
:1049D00022C4AA84EFE0D07D19C52A842685EFD0B1
:1049E00050692324A418B240224492444101828099
:1049F000834665010D47AA876384E60005458280EA
:104A00000327451103464700A305C50203473700A6
:104A10006316D7020347B50075F3034705019306F4
:104A200000026307D7009306300201456317D700E1
:104A3000130760022388E70001458280BD466310AA
:104A4000D702034705019306000401451377B70F0A
:104A5000E315D7FE130750042388E7008280B94688
:104A6000631AD7008346050113070003E398E6F8AD
:104A70000547C9B7D1466317D70083460501130719
:104A80000005EDB7D9466318D70283460501130721
:104A90005005E395E6F60327050A13670720232050
:104AA000E50A05472308E50003C71701136707F860
:104AB000A388E70051B7E946631BD7008346050189
:104AC00013075006E39CE6F21307A006A5B7FD46C0
:104AD000631BD700834605011307A007E390E6F2A6
:104AE000130710F881BF93063002E319D7F083460D
:104AF000050113075008E393E6F005472308E50096
:104B00000347A502136717002305E50271BF83273A
:104B100005110947A30AE50095C32381E700034770
:104B20004505A381E7008347A50293E78700230596
:104B3000F502F1472308F500014582801D4582807A
:104B40008547A30AF5008327051191CB15472381DB
:104B5000E7009307B0022308F50001458280054570
:104B600082808547A30AF5008327051191CB194759
:104B70002381E7009307D0022308F50001458280D6
:104B8000054582808947A30AF5008327051181CF57
:104B90001D472381E700832705110347D5020145FF
:104BA000A381E7008280054582808547A30AF5003E
:104BB0008327051191CB2D472381E70093077003CD
:104BC0002308F50001458280054582809947A30AA4
:104BD000F5008327051131472381E7001707FF1FE1
:104BE000130747F583564701A381D7009706FF1F98
:104BF00083C6A6F52382D7009706FF1F83D6E6F467
:104C0000A182A382D700834687012383D70003476D
:104C10009701A383E7008347E50213F7070409CF51
:104C20009307A0032308F5008347E50293F7F707EE
:104C30002307F50201458280858BFDD78327050A6E
:104C4000A30505022307050293E707042320F50ABD
:104C5000E1BF8947A30AF5008327051181CF3547B6
:104C60002381E700832705110347B5020145A3818E
:104C7000E7008280054582808D47A30AF5008327DF
:104C8000051191CF45472381E7000347C502A38162
:104C9000E7000347B50201452382E700828005450E
:104CA00082808547A30AF5008327051185C34947FC
:104CB0002381E7009307A0042308F5008347A5029A
:104CC00093E747002305F502014582800545828070
:104CD0008547A30AF5008327051191C74D47238116
:104CE000E700014582800545828083270511D9C3ED
:104CF0002547A30AE50051472381E7000347451BE9
:104D00008355651B8566A381E7000347551B938682
:104D100086840356A51B2382E7000347851BA383D4
:104D2000E7000347951B2384E7002E8763F3B60053
:104D3000368742074183A382E70085662183238368
:104D4000E70093868684328763F3C600368742077E
:104D50004183A384E70021832385E7008347A502DD
:104D600093E747002305F502930700052308F500A4
:104D70000145828005458280032705118D47A30ADE
:104D8000F500D9472301F70083464514A301D70056
:104D900083475514918A2302F7000357A51CB1C617
:104DA0009306F034814763FDE600930787E80357D5
:104DB000851415CB8587938757FD8D87C207C183DF
:104DC0000357851C63F3E7003E878347A50223074B
:104DD000E50493E747002305F502930750052308F0
:104DE000F500014582808D87F9B7858B99C79307B8
:104DF00007FB2147B3C7E702D1B79307C7FB1147AA
:104E0000D5BF032705118D47A30AF500DD47230110
:104E1000F70083474514A301F70083465514230286
:104E2000D7000347B514F98F93F647000357A51C25
:104E3000B1C69306F034814763FDE600930787E827
:104E40000357851415CB8587938757FD8D87C20738
:104E5000C1830357851C63F3E7003E8793078005F2
:104E60002308F5008347A5022307E50493E74700DD
:104E70002305F502014582808D87F9B7858B99C797
:104E8000930707FB2147B3C7E702D1B79307C7FBD7
:104E90001147D5BF832605118D47A30AF500E547C5
:104EA0002381F60083477514034665140547B3173D
:104EB000F7003317C700D98FA381F6008347151475
:104EC0002382F6008347A50293E747002305F502F6
:104ED000930700062308F500014582808947A30A4D
:104EE000F5008327051175472381E7001707FF1F8A
:104EF000130747C403473700A381E7009307500710
:104F00002308F500014582808947A30AF50083271D
:104F1000051179472381E7000347F502A381E700E4
:104F20008327050A2167D98F2320F50A854723089F
:104F3000F500014582809707FF1F9387A7BFB84BF5
:104F40009307800583464700B387F602145703276B
:104F50000511BE96A547A30AF50093070002230199
:104F6000F7000356A51C8357651CB297D05A938748
:104F7000C71263F3C700B287A301F70013D68700F7
:104F8000C1832302C700A302F7009C5E2303F7003E
:104F900013D68700C183A303C7002304F70083C788
:104FA000C601A304F70083C7D6012305F7009307C2
:104FB000C0072308F500014582809147A30AF50048
:104FC00083270511130730022381E7000347851566
:104FD000118B05CF0347A515238207009306F7FF22
:104FE00005473317D700A381E70003473514A38291
:104FF000E7008347A50293E747002305F5029307DF
:1050000050F82308F5000145828083467514054752
:105010003317D700A381E700034755162382E70023
:10502000E9B79547A30AF500832705111307400246
:105030002381E700A3810700030735148306F515D4
:105040006395E6008946A381D7008306E51563983A
:10505000E60083C6370093E61600A381D7008306D7
:10506000D5152382D7000346C515A382E700238305
:10507000C70083478515858B81CB99C68327050A91
:105080004167D98F2320F50A01458280411126C24C
:105090008324051106C622C4B547A30AF500A9C09A
:1050A00091472A842381F4009305851A21461385AC
:1050B000340097C0FE1FE780C0D21385B4001146AC
:1050C0009305041B97C0FE1FE780A0D19307200221
:1050D0002308F4000145B2402244924441018280F9
:1050E0000545D5BF83270511A1C7411122C406C6B6
:1050F0002547A30AE5002381E7002A84032505113B
:105100009305840F21460D0597C0FE1FE78060CDF3
:105110008327040AA3050402014593E7070223201D
:10512000F40A85472308F400B240224441018280FA
:1051300005458280A547A30AF50083270511A9C369
:10514000411122C406C639472381E7002A8403257A
:1051500005119305840F21460D0597C0FE1FE780BA
:1051600040C88347A402014593E747002305F402A2
:10517000930700032308F400B240224441018280D7
:1051800005458280E147A30AF50083270511D9CFA1
:10519000411122C406C63D472381E7000347450766
:1051A0002A8493058506A381E70003475507314606
:1051B0002382E70003476507A382E70003576507DB
:1051C00021832383E7000347A505A383E700035753
:1051D000A50521832384E7000347C505A384E700D1
:1051E0000347D5052385E70003574506A385E70058
:1051F000034765062386E700035765061385E70026
:105200002183A386E70097C0FE1FE78080BD834708
:10521000A402014593E747002305F4029307000425
:105220002308F400B2402244410182800545828077
:10523000E147A30AF50083270511C9CB411122C418
:1052400006C641472381E700034745072A849305A3
:105250008506A381E7000347550731462382E7000F
:1052600003476507A382E70003576507218323836C
:10527000E7000347A505A383E7000357A50521839E
:105280002384E7000347C505A384E7000347D5054A
:105290002385E70003574506A385E7000347650616
:1052A0002386E700035765061385E7002183A3865D
:1052B000E70097C0FE1FE780C0B2930740042308B1
:1052C000F400B240224401454101828005458280BC
:1052D000411106C6AD47A30AF50083270511130740
:1052E00090029305D5172381E700138537002946DF
:1052F00097C0FE1FE780E0AEB240014541018280C9
:1053000083254511411126C206C622C483C7450024
:1053100003C735000568A207D98F1387A7FF420787
:1053200041839306A8C7F94463E2E60C03C765000E
:1053300083C65500130808C82207558FF9446367D0
:10534000E80A6365F70A03C6850083C6750022066E
:10535000558E9306301F63EBC60883C6A50083C82D
:105360009500A206B3E616016362D808130816007A
:105370003308F80293983600635A180783C8B500BB
:105380001398080113580801638408006360070735
:105390008358A5038144639D1701631BF70083585D
:1053A000C5036397C8008354E503958C93B4140038
:1053B000231DC504231AF506231BE506231ED50469
:1053C0002312050783C7D50003C7C5002A84A20797
:1053D000D98F2313F5063146B9051305850697C005
:1053E000FE1FE78000A09147A30EF400B2402244C4
:1053F0002685924441018280411122C406C6854718
:10540000A30AF5002A8483453515032705110345B2
:105410004515854693176500CD8F2301F700ED47AD
:10542000A301F7008347C4000346241593E707024E
:105430002306F400EF101076930770062308F4009B
:10544000B240224401454101828083274511130364
:10545000000E03C6470003C737002206598E130704
:1054600056FE420741836367E30683C6670003C7AE
:1054700057001168A206D98E138786EB4207418335
:10548000130888146368E80403C7870083C877009B
:10549000220733671701930857FEC20893D8080103
:1054A000636A130383C8970083C7A700A207B3E703
:1054B0001701938887EBC20893D80801636C180121
:1054C000231EC51A231FD51A2310E51C2311F51C12
:1054D0006FC07029054582808346B5000547AA87BD
:1054E00005456395E60C83C6670131470545639F13
:1054F000E60A03A7471183463700A38AD7048346E9
:10550000570003464700A206D18E239BD70483454C
:10551000770083466700A205D58D239CB704034618
:105520009700834687002206558E239DC704834635
:10553000B7000345A700A206C98E239ED7040345E2
:10554000C7000347D7002207498F03D5A703239F2E
:10555000E7040147631BB50083D5C7036397C50004
:1055600003D7E703158F133717002391E70603C707
:105570000701930600046304D702930640046315F1
:10558000D70005472388E70003C717019546A38E78
:10559000D700136717F8A388E7000145828003C787
:1055A000A702136717002385E702E1BF8280034744
:1055B00065018947631DF7008327451183C73700BD
:1055C000230AF504F5472308F500014582801D45AF
:1055D00082808347B5002A87D9EB83466501B547AA
:1055E00005456397F6088346070193070002639118
:1055F000F60883274711014583C6570003C64700B5
:10560000A2064206B29603C66700B29603C63700EA
:105610006206B2962320D70C83C6970003C6870084
:10562000A2064206B29603C6A700B29603C677004A
:105630006206B296232ED70A83C6C70003C6D700D8
:10564000A2064206B29603C6B70083C7E700B29629
:10565000E207B6972320F70E8347170193E78700E9
:10566000A308F700930730022308F700828005455E
:1056700082808347B5009DE3034765018547631D2D
:10568000F70083460501130730026397E60093078E
:10569000C0022308F50081473E8582808547EDBF23
:1056A000834665010547AA870545639CE60203C753
:1056B00007019306B002631AD7001307E00223889C
:1056C000E700A3850702014582809306D0020545C5
:1056D0006319D7001307E002A38507022388E700B8
:1056E000DDB78280034765018947631EF704E947F8
:1056F000A305F50283274511394783C73700639215
:10570000E7020347050193070003631EF70283279F
:10571000050A93E707022320F50A85472308F500C9
:1057200049A83D476393E702832785100347050196
:10573000F59B2324F510930700046316F7009307E5
:1057400060042308F5000145828049476391E7041E
:10575000034705019307A004E317F7FE85472308D5
:10576000F5008347A50293E717002305F502834759
:10577000150193E707F8A308F50083270510C18BEF
:10578000F9F383278510BD9B2324F5106DBF514786
:105790006398E7020347050193070005E315F7FA4D
:1057A00085472308F5008327050A93E70710232080
:1057B000F50A8347150193E707F8A308F50061B7D9
:1057C0005947639DE7000347050193075005E31C14
:1057D000F7F68327050A93E7072035BF6947639FDC
:1057E000E7000347050193075006E31EF7F48327FC
:1057F000050A056713070780D98F31BF7147E38416
:10580000E7F47547639CE7000347050193075007DA
:10581000E31BF7F28327050A2167F9BF130730025C
:10582000E393E7F20347050193075008E31DF7F000
:1058300085472308F5008347A50293E71700230552
:10584000F50285BF0347B50085476311F70203479B
:105850006501631BF700034705016317F700930712
:1058600060032308F50081473E8582808547EDBFB0
:10587000834665010547AA8705456393E60603C786
:105880000701930670036315D70203C7A702238697
:1058900007049376070499C61377F7FB136707018C
:1058A0002385E702130780032388E70001458280F0
:1058B0009306500305456315D70213078003238819
:1058C000E70003C7A7022386070401459376070470
:1058D00081CA1377F7FB136707012385E7028280EC
:1058E0008280034765019947631EF7080327451126
:1058F00083473700A307F5048347570083464700D3
:10590000A207D58F2318F5048347770083466700E5
:105910001307A003A207D58F834605012319F504B9
:105920008347E5026395E604858B99CB8327050AB7
:10593000A30505022307050293E707042320F50AC0
:105940008347A50293E717002305F502854723083F
:10595000F5008347150193E707F8A308F50083478F
:10596000E50293F7F7FB2307F50201458280E20782
:10597000E187E3D007FE8327450A93E70704232244
:10598000F50AC1BF05458280034765018947630465
:10599000F70005458280832745111307000483C75C
:1059A0003700A305F5028347050193F6B70F639708
:1059B000E600930750042308F50025A013075005BF
:1059C0006393E7028327050A93E707202320F50A5C
:1059D00085472308F5008347150193E707F8A308D7
:1059E000F50001458280130750066395E700930791
:1059F000A006D1B713075008639CE700854723082A
:105A0000F5008347A50293E717002305F502E1B7E8
:105A10000347B5003DFF130700026386E700130745
:105A200030026395E7009307600271B71307A00780
:105A3000E391E7F6930710F8BDBF8346650105477C
:105A4000AA8705456394E60403A787100545418BA3
:105A500015CF03C707016318A7001307B0042388F5
:105A6000E700014582801306A004631AC70003C73C
:105A7000A7022388D700136717002385E70203A72F
:105A8000870A1367070423A4E70AE1BF82808346DD
:105A900065010547AA8705456393E60283C60701AA
:105AA0001307A0040545639CE60003C7A7022388EB
:105AB000A7000145136717002385E70282808280D3
:105AC000034765018D47631FF718834715018D8BC9
:105AD00091EB834605012147938706FC93F7F70F67
:105AE0006361F702D9472306F5029307A002A305D5
:105AF000F5028327850A93E727002324F50A014549
:105B000082808347B50003264511639007149307ED
:105B100050056398F600D9472306F5029307300233
:105B2000F9B797F7FE1F9387E7008345460003C741
:105B3000A70383C7B703834865146D8F2305E51456
:105B400003463600F18F0546A305F51433161601FA
:105B50006314C70023050514034875148545B395E0
:105B600005016394B700A30505140347A5148347F3
:105B7000B5145DCFD9CB93752700B1C113F62700BB
:105B80001DCE930720202315F5140347A514854740
:105B9000B39717016314F700230505140347B514E1
:105BA0008547B39707016314F700A30505148547DC
:105BB0006398F608930760052308F50089B7137604
:105BC000470001CA13F347006305030093074040F1
:105BD0005DBF058B19C713F7170001C79307101096
:105BE0005DB7094781E5114711E205472305E51433
:105BF00013F7270009C78947A305F51479B7918BD7
:105C000099C39147D5BF8547C5BFB3570741858B1A
:105C100081C72305B51495BF9377270089C78947A6
:105C20002305F5149DB7118B91477DFB8547CDBFAB
:105C3000A9DF33D71741058B45DFA305C514B1B7DD
:105C40008327850A93E707104DBD85476397F600C4
:105C500083474600A305F514B1BF8327850A93E760
:105C6000072061BD05458280834665010D47AA87EF
:105C700005456394E61483C60701130750050545DF
:105C8000639DE61203C7B7006319071283C6471462
:105C900003C7571403A6471133F5E60083454600B2
:105CA00019ED6396B60003453600630AE5002395B7
:105CB0000714130770052388E70001458280ED8EE5
:105CC0002385D7140346360003C86714718F054631
:105CD000A385E714331606016394C60023850714D1
:105CE00003C577148545B395A5006314B700A38554
:105CF000071483C6A71403C7B714C5CA41C793F5D1
:105D000026009DC91376270005CA13072020239576
:105D1000E71483C6A7140547331707016394E60009
:105D20002385071483C6B71405473317A700E392EA
:105D3000E6F8A3850714B5BF13F6460001CA9378A9
:105D400047006385080013074040D1B7858A99C68C
:105D50009376170081C61307101055BF894681E559
:105D6000914611E285462385D7149376270089C68C
:105D70000947A385E71471BF118B19C31147D5BF1C
:105D80000547C5BF33D7A640058B01C72385B71488
:105D900049B713F7260009C709472385E71495BFBC
:105DA000918A1147FDFA0547CDBF25D7B356074164
:105DB000858AC5DEA385C714A9BF82808346B50046
:105DC0000547AA870545639FE60683C66701154711
:105DD00005456399E60603C7070193065005630668
:105DE000D70093068005631FD70403C7A70283A5C6
:105DF0004711136717002385E70203C645001147C3
:105E0000636EC70083C63500636AD7001307F6FFC9
:105E10001385F6FF718F758D498F11C7054723884C
:105E2000E7000145828003C7650003C5550023854F
:105E3000C7142207498F2396E714A385D7141307A5
:105E4000A005F1BF82808347B50095E383466501D5
:105E50000D478547639BE600034705016317F7007D
:105E6000930710062308F50081473E858280854709
:105E7000EDBF0347650189476310F7068327451186
:105E800097F5FE1F83C5A5CF83C7370013F6F7012B
:105E900013D7670097F7FE1F83C757CE63EAC70083
:105EA0008346E514A18A89C6B3D6E540858A9DE676
:105EB000E9472306F5028547B397E700ED8F8D8B01
:105EC000794799C3130700028327850AA305E502D2
:105ED00093E727002324F50A05458280230AE51469
:105EE00003470501A309C51485476318F700930705
:105EF00060062308F500014582808327850A93E721
:105F000007402324F50AC5BF034765018947631C81
:105F1000F702832745110347050183C7370023088C
:105F2000F50285476318F700930760072308F5001B
:105F3000014582808327850A056713070780D98F6B
:105F40002324F50AF5B70545828083466501094794
:105F5000AA870545639FE60283C60701130750071A
:105F600001456398E60203A74711A166034737007E
:105F70002388E70203A7070A558F23A0E70A0547EE
:105F80002388E70003C71701136707F8A388E70012
:105F900082808280834665011547AA8705456399FB
:105FA000E60C83C607011307500805456392E60C0B
:105FB00003A7471183463700A38DD71483064700F4
:105FC000A382D716030657002380C716034767002E
:105FD0002382E71603C7871593754700B5CD894619
:105FE000A38CD71483A6070AC1656D9BCD8E23A011
:105FF000D70A238CE71403C7A7169376170085C228
:106000009306F0076306D600136727002385E7167B
:1060100003A7070AB7060200558F23A0E70A17F760
:10602000FE1F130727B1034737000145A387E70287
:1060300003C74703A380E71605472388E70003C784
:10604000A702136717002385E70203C71701136729
:1060500007F8A388E7008280098B51DFC9DE03A718
:10606000070AC166A38CA714558F23A0E70A61B75E
:106070008280834665011547AA8705456390E60A35
:1060800083A64711014503C636001377060F59E76B
:1060900017F7FE1F0347D7AD718F49C303C76600CB
:1060A00011482380E716838556000147A382B7165F
:1060B000130517003357E640058B9378F50F15CF7E
:1060C000238D171503C74600A38DE71403C7871553
:1060D000937647009DC68946A38CD71483A6070AEA
:1060E00041666D9BD18E23A0D70A238CE71403C78A
:1060F00047030145A380E71682802A87E31A05FB40
:10610000D1B7098B6DD7E5D50547A38CE71403A755
:10611000070AC166558F23A0E70AD1BF8280834654
:1061200065011147AA8705456393E60A83C5B70051
:106130000545639EA50883A6471103C8360063661C
:10614000050303C74600130510091306B7FF1376AE
:10615000F60F636CC50003C656009306B6FF93F6B0
:10616000F60F6364D5006371E6027947A385E70201
:10617000130780022386E70203A7870A01451367F6
:10618000270023A4E70A828083A6C710014593F65F
:10619000060895CE83C647176317B80293E6160024
:1061A000238AD7169306000AA38AE7163307D70275
:1061B00083D6A7033347D70283D6070485063697CD
:1061C000239BE7168280D99A238AD7168280828001
:1061D00083270511DDC32547A30AE5005547238121
:1061E000E7000347451B8355651B8566A381E700D0
:1061F0000347551B938686840356A51B2382E7001D
:106200000347851BA383E7000347951B2384E7000F
:106210002E8763F3B600368742074183A382E700E7
:10622000856621832383E70093868684328763F320
:10623000C600368742074183A384E7002183238574
:10624000E7008347C507A305050299C78327050A09
:1062500093E707102320F50A8327450A1397470180
:10626000635807007D771307F77FF98F2322F50A1C
:1062700085472308F5000145828005458280034754
:106280006501AD476318F702411106C683474517FC
:1062900083254511294693E70701230AF5168D0545
:1062A0001305D51797B0FE1FE780A0B3B240014594
:1062B00041018280054582808347B500EDE74111A9
:1062C00022C406C603476501E1472A8405456318D1
:1062D000F70C03470401930700046312F70C8325AE
:1062E000441105659306A5C703C7450083C735005C
:1062F00022075D8F9307A7FFC207C18363ECF608EF
:1063000083C7650083C65500130505C8A207D58F4E
:106310006362F50863E0E70803C6850083C675007D
:106320002206558E9306301F63E6C60683C6A50077
:1063300003C89500A206B3E60601636DD5041305F4
:1063400016003305E502139836006345A80403C818
:10635000B5001315080141816304080063ECA7022E
:10636000231DC4042312A406231AE406231BF406E7
:10637000231ED40483C7D50003C7C5003146A20736
:10638000D98F2313F406B9051305840697B0FE1FB1
:10639000E78020A5930770042308F4000145B2406C
:1063A00022444101828005458280411126C206C6F1
:1063B00022C403476501E14785446318F704832736
:1063C00085102A848544898BA9C38347B5006391CE
:1063D0009706EFE0FFF283470401A305A402639749
:1063E0009700930710042308F40039A8130700044A
:1063F0006393E702930710042308F4008347A40281
:1064000093E717002305F4028144B2402244268515
:106410009244410182808327040A93E727002320C6
:10642000F40A8347140193E707F8A308F400E9BFCF
:10643000834715018D8B99CF9307A002A305F40222
:10644000BD472306F4028327840A93E72700232409
:10645000F40A5DBF8347050163979700EFE05FEAA9
:10646000A305A402BDBF130700026390E702EFE09B
:106470003FE9A305A402814449F98327440A370769
:106480000080D98F2322F40A49B713070004E39E42
:10649000E7F6930730025DB7411126C206C622C453
:1064A0008347B5008544A5E703476501A5478544B3
:1064B000631FF7048327850FA18BB1CB832545117B
:1064C0002A8421468D051305051097B0FE1FE7802D
:1064D000409183270410B73678089386060DDD8E29
:1064E0008327441013E707018327840FF58F2324A4
:1064F000F4108327C40FF98F2326F4108347040177
:10650000639D9700930710032308F4008144B24071
:10651000224426859244410182808327840A93E79E
:1065200007012324F40ADDB7411126C206C622C49E
:1065300003476501A5478544631AF706034705012C
:106540009307000385446313F706832545112A84C6
:1065500021468D051305051097B0FE1FE780608862
:1065600083270410B73678089386060DDD8E8327BF
:10657000441023089400A305040213E707018327AE
:10658000840F8144F58F2324F4108327C40FF98FDF
:106590002326F4108327040A93E707022320F40A32
:1065A0008347140193E707F8A308F400B24022449C
:1065B00026859244410182808347B5000547639553
:1065C000E708411122C406C68346650125472A848F
:1065D00005456390E606034704016310F70683252B
:1065E00044112146130504108D0597A0FE1FE78076
:1065F000407F83270410B73678089386060DDD8E1A
:106600008327441013E707018327840FF58F232482
:10661000F4108327C40FF98F2326F4109307100377
:106620002308F40083471401014593E707F8A30802
:10663000F400B2402244410182808327840A93E718
:1066400007012324F40AF9BF054582800347B500FA
:106650008547631CF704411122C406C626C20347BE
:106660006501A1472A840545631CF7028324441170
:106670001305841215469385340097A0FE1FE7800A
:10668000407683C7940003C784000145A207D98FD1
:106690002317F4128347140193E727F8A308F400A3
:1066A000B2402244924441018280054582800347E2
:1066B000B50085476310F716834665015D47639C07
:1066C000E614011126CA8324451122CC21462A84CE
:1066D000938534001305F51806CE97A0FE1FE780BA
:1066E000407083C7C40003C7B400A207D98FA30BAF
:1066F000F418A183230CF418EF002FB62AC4EF007E
:10670000CFB52AC62C001305841A214697A0FE1F78
:10671000E780206D83C7F40003C7E4001305041B62
:10672000A2074207BA9703C704012C001146BA9783
:1067300003C7D4006207BA972324F40C83C734013B
:1067400003C72401A2074207BA9703C74401BA97B7
:1067500003C714016207BA972322F40C0347941A63
:106760008347A41A4207A207BA970347B41ABA97F5
:106770000347841A6207BA972320F40C0347D41AFC
:106780008347E41A4207A207BA970347F41ABA9755
:106790000347C41A6207BA97232EF40AA247374761
:1067A00003001307D73FB387E70237A72600130775
:1067B00037ECBA973EC497A0FE1FE780806283C77C
:1067C000640103C77401A2074207BA9703C75401C3
:1067D000BA9703C784016207BA97232EF40C0347C4
:1067E000241B8347141B4207A207BA970347041BC5
:1067F000BA970347341B6207BA972320F40E930716
:1068000010022308F400F24062448147D2443E85DE
:106810000561828085473E858280034765019147F7
:10682000631EF712411126C28324451106C622C4F5
:1068300003C7340001CB9307F7FFF98F81E7937704
:10684000070F8DC793070002A305F50293073002D7
:106850002306F5028327850A93E727002324F50AF8
:10686000B2402244924401454101828083C55400D4
:106870009306E007814711466397D500F947E9B7CA
:10688000B687638CC60093861700B357F740858B95
:1068900093F5F60FF5D7230DB514838744002A84AA
:1068A000ADC7A30EF514030535143387A700137580
:1068B000F50F635AF0008307F41563DAE700898F58
:1068C000A30EF41429A08307E415E34AF7FE8347D7
:1068D000D4153E9562056185EF0090122301A41442
:1068E000EF00700A83473414A301A414B307F540E2
:1068F000A30EF414EF00D0108347A41503473414FB
:106900002301A414A297A382E716830744038306F6
:106910002416014763D5F600958F13F7F70F230E62
:10692000E41483C7540005472300F4168347040189
:106930006397E700930760F82308F40015B713077F
:1069400050086396E700FD57230EF414E5B783273C
:10695000840A0967D98F2324F40A19B70545828070
:1069600003476501A547631EF704411122C406C60B
:1069700083460501130700052A8485476397E602CD
:10698000EFE0BFAC05E98327040AA305040293E7FF
:1069900007102320F40A8347140193E707F8A3089C
:1069A000F40085472308F4008147B24022443E8525
:1069B000410182808347A40293E717002305F40274
:1069C000D9BF85473E85828003476501A547630996
:1069D000F700054582800545B2402244410182808E
:1069E00083278510411122C406C693F707022A8423
:1069F000FDD3EFE09FA58547E30FF5FC03470401B6
:106A00006318F700930710052308F4000145E9B760
:106A10008327840A93E707082324F40AC5BF0545A2
:106A20008280054582800545828005458280054536
:106A300082800545828005458280054582808347A6
:106A4000C500A30A0500F19B93E717002306F50094
:106A50000325051113351500828017E7FE1F034734
:106A600057FC9547630BF70097E7FE1F938707FBDB
:106A700083C777000D47631FF70097E7FE1F83C7A3
:106A800077FA639F07109307601017E7FE1F231B19
:106A9000F7F88280411197E7FE1F9387A7091945F0
:106AA00022C426C2E05F06C64AC0EF00B02697E7C0
:106AB000FE1F938767F6944337C7898E130767EDE8
:106AC00098C63757550013075755D8C203472402B5
:106AD0009306F00FBE846307D700FD57A300E402BE
:106AE0002301F4020345140289476303F5000145BD
:106AF00017E9FE1F130909F503270900014693054D
:106B0000F00F5C4393E717005CC3930710FA23056B
:106B1000F400994717E7FE1FA305F7F097E7FE1F5C
:106B2000238E07EE97E7FE1F238C07EEEF00E07D34
:106B300097E7FE1F938747F69443DC56F59BDCD618
:106B40009C40034794001376F7079843137707F8A0
:106B5000518F98C398431377F7CF98C3984313770F
:106B6000F7CF1367072098C39C4637073300B2401E
:106B7000D98F032709009CC6B707030093878715A1
:106B80003CCB97E7FE1FA38D07E897E7FE1FA3877F
:106B900007E8224485471CC3924402494101828090
:106BA00082804111B7E700E026C284433707200006
:106BB00006C622C4F98C23A0E7180F10000017E7BF
:106BC000FE1F034737E697E7FE1F938727E501CFB0
:106BD00097E6FE1F83C606E509476396E60017E7BA
:106BE000FE1FA30107E403C77700A1466387E60001
:106BF00003C777009D46639DE60083C7770017E7CC
:106C0000FE1F2301F7E2854717E7FE1FA30CF7E0FD
:106C1000EF00100897E7FE1F9387C7F1E05F684019
:106C2000231504002304040097B0FE1FE78040DE14
:106C3000914523100404232204042324040417E5AB
:106C4000FE1F034595BAEF00AFCAA14517E5FE1F29
:106C50000345B5B9EF00CFC9034514039307F00FFF
:106C60006307F500EF002FD0FD57A308F40203459A
:106C700004039307F00F6307F500EF00CFCEFD5735
:106C80002308F402B2402244B7E700E023A09710A3
:106C9000924441018280011126CA97E4FE1F938429
:106CA00064E922CC03A4040C4AC84EC652C456C29E
:106CB00006CE2A898149130A2500854A29E89305C9
:106CC0007025314597B0FE1FE78060C52A840145D5
:106CD0003DC083471900194693052900A300F4001D
:106CE0001305240097A0FE1FE780A00F83A7040CC4
:106CF000A1EF97E7FE1F23AF87EE2324040083C78D
:106D0000C40B850717E7FE1F2304F7EE25A00347F2
:106D10001400834719006305F700A289004479BF76
:106D20001946D2851305240097A0FE1FE780A018FE
:106D3000E31555FF0545F2406244D2444249B24949
:106D4000224A924A05618280E38909FA23A48900D4
:106D50006DB797E7FE1F9387E7DD03A5070C11E9E1
:106D600097E7FE1F23A807E897E7FE1F238207E89F
:106D70008280411106C622C4004597B0FE1FE780FD
:106D800020C9228575F8B240224497E7FE1F23A34D
:106D900007E697E7FE1F238D07E44101828097E70E
:106DA000FE1F938727D923A0070C238E070A828012
:106DB00017E7FE1F130707C61C439306001094C372
:106DC00001000100010001001C4323A007008346CD
:106DD000150003482500A2064208C2960348050094
:106DE000C296034835006208C29694D78346550080
:106DF00003486500A2064208C29603484500C296B1
:106E0000034875006208C296D4D7834695000348AC
:106E1000A500A2064208C29603488500C296034810
:106E2000B5006208C29694DB8346D5000348E500AE
:106E3000A2064208C2960348C5000345F500C29663
:106E40006205AA96D4DB83C6150003C52500A206F9
:106E50004205AA9603C50500AA9603C5350062053A
:106E6000AA9694CF83C6550003C56500A2064205C5
:106E7000AA9603C54500AA9603C575006205AA96A1
:106E8000D4CF83C6950003C5A500A2064205AA96E5
:106E900003C58500AA9603C5B5006205AA9694D3DA
:106EA00083C6D50003C5E500A2064205AA9603C520
:106EB000C50083C5F500AA96E205AE96D4D3D443A7
:106EC000F59AD4C3D44393E61600D4C3944393E60F
:106ED000160094C3BA879443D842058B59E3984E61
:106EE00001452300E6009843184F2183A300E600E4
:106EF0009843184F41832301E6009843184F61835C
:106F0000A301E6009C43D84F2302E600D84F21831B
:106F1000A302E600D84F41832303E600D84F6183E4
:106F2000A303E60098532304E60098532183A304A7
:106F3000E600985341832305E60098536183A30537
:106F4000E600D8532306E600D8532183A306E600C3
:106F5000D85341832307E600DC53E183A307F600FF
:106F6000828001008DBF011122CC2A84354506CED6
:106F70002EC632C4452397E7FE1F9387A7AC9843DC
:106F800022853C4B93E707083CCB2246B245EFF005
:106F90003FE2F240624401450561828097E7FE1FAF
:106FA000938747AA98433C4B93E707083CCB0100E3
:106FB00001000100010097E7FE1F9387A7A59C43EE
:106FC00003A7450E16051365050888C398CB03A7CC
:106FD000850E0145D8CB03A7C50B98CF03A7050C99
:106FE000D8CF03A7450C98D303A7850CD8D303A704
:106FF000C50C98D703A7050DD8D703A7450D98DB77
:1070000003A7850DD8DB03A7C50D98C703A7050EF9
:10701000D8C798431367070498C3828097E7FE1F79
:10702000938747A298433C4B93E707083CCB01006A
:1070300001000100010097E7FE1F9387A79D9C4375
:1070400003A7C50E16051365050888C398CB03A7CB
:10705000050F0145D8CB03A7C50B98CF03A7050C97
:10706000D8CF03A7450C98D303A7850CD8D303A783
:10707000C50C98D703A7050DD8D703A7450D98DBF6
:1070800003A7850DD8DB03A7C50D98C703A7050E79
:10709000D8C798431367070498C3930700F817E706
:1070A000FE1F2300F798828097E7FE1F9387C796FD
:1070B0009C43B7068000B70500829843FD15558FA5
:1070C00098C31307F00F98DF13070005D8DBD857D4
:1070D000B7060080558FD8D7D45717D7FE1F034760
:1070E0006777131687011377F703ED8E6607558FC1
:1070F000D8D7618617E7FE1F1307079A9306A003E8
:10710000184363DCC600744F37060007D18E74CF76
:10711000370702001307C72099A09306200263DAFD
:10712000C600744F370600F97D16F18E370600054C
:10713000F1BFB70600F99385F6FF744F6945ED8EF0
:107140006355C50037060003D1B7B7050001CD8EE2
:1071500074CFE35F06FA3707020013070721D8DF71
:10716000984B137707FC1367E70098CB37E700E0ED
:10717000D147A309F70497A7FE1F9387E73793E743
:1071800017007CD7828093178501E18763C80706C3
:107190001377050499472DE31307A0039147636D07
:1071A000A7041307A0028D476368A70413072002F2
:1071B00089476363A70469478547636FA7025147FF
:1071C0008147636BA7024947FD576367A7023947A9
:1071D000F5576363A7022947ED57636FA700194767
:1071E000E157636BA7001147D9576367A7000947A9
:1071F000B1576373A700C5573E858280A547EDBF91
:10720000B557634DF50449578D476347E5045D570E
:1072100095476343E50465579D47634FE502715702
:10722000AD47634BE5027957BD476347E502CD475C
:1072300063440502D5470DC10547ED47630EE500E0
:107240000947930730026309E5000D479307B00330
:107250006314E5009307B0023E8582808547EDBF49
:107260009387419C9C4399CB944BD04B9842518F30
:1072700098C294439C479842D98F9CC297D7FE1FCF
:107280009387877917D7FE1F0347E77917D6FE1F25
:107290001306467B05489C431307E7091442631E07
:1072A000050388431365050888C3C8468177FD1721
:1072B000E98FDCC60F1000001C42B7060200AD05C6
:1072C00094C7930600F817D6FE1F230BD6748A05C1
:1072D000BA958605ECD3C8C7828088431375F5F745
:1072E00088C3C8468177FD17E98FDCC60F10000000
:1072F0001C42B7060200A90594C7930600F817D6EA
:10730000FE1F230FD6708E05E1B79387419C9C43E7
:1073100089CFD44303A8870098423367070198C2F6
:10732000D447DC4B9842D98F9CC297D7FE1F9387D6
:10733000A76E05479C439505631EE50298438E059D
:107340001367070898C3984F137707C01367A713ED
:1073500098CF13078007A389E7009385C50397D7C4
:10736000FE1F23A5B76C11C6060697D7FE1F23AFD5
:10737000C76A8280984392051377F7F798C3984FAE
:10738000137707C01367271398CF1307F007A38954
:10739000E700E1B711C9371700408357870121681B
:1073A000B3E70701231CF7008E0597D7FE1F238C38
:1073B000B76697D7FE1F9387276622069C43498EA0
:1073C0004D8EB70510004D8EB0D7B85713674700E4
:1073D000B8D7B85791C6B7060400558FB8D7828082
:1073E000B706FCFFFD16758FD5BF411106C617D72E
:1073F000FE1F03472763A1476311F70497D7FE1FBA
:1074000083C78764858B17D6FE1F0346166697D6FB
:10741000FE1F83C68665BDC797D7FE1F9387C764C7
:10742000C8432DC1834515000905EF00500C11C557
:10743000854717D7FE1FA307F75E17D7FE1F034721
:10744000675E9947631CF70097D7FE1F9387876E87
:10745000FC5F83C7B70095CBEFF02FE017D7FE1F77
:107460000347475C9D476312F70297D7FE1F938738
:10747000676C83A7070983C7770081CBB2404101BE
:107480006FC0D02C814501454DB7B240410182808B
:1074900017D7FE1F1307075B1C43B44B93F6F68FF9
:1074A000B4CB944393E6860094C39C438D83858B31
:1074B00089C7010001000100010097D7FE1F9387D3
:1074C000A75594439C4293F7F7CF93E707109CC2CC
:1074D00097D7FE1F9387475C9043B706CEFFFD16F4
:1074E0001C46F58F1CC61C4337070300B8CB938797
:1074F000419C9C4399CBD44390479842518F98C26A
:10750000944BDC4B9842D98F9CC297D7FE1FA38A1D
:107510000750828097D7FE1F9387C7529C439C4396
:107520008D8B638307104111B7E700E04AC003A9C0
:10753000070026C23707200006C622C4AA84337972
:10754000E90023A0E7180F10000017D7FE1F03471C
:10755000574D8D4717D4FE1F1304444C631BF7008F
:1075600097D7FE1F9387474E9C4B01468145454563
:1075700082971947639CE40497D7FE1F83C7974AF5
:1075800099CB97D7FE1F83C7E7496396970097D794
:10759000FE1FA38907488347740021476318F7003B
:1075A0009307801017D7FE1F231EF74697D7FE1F9D
:1075B00023810728EFF0DFEDB2402244B7E700E077
:1075C00023A0271192440249410182809D47639F75
:1075D000F40097D7FE1F83C7F744D5DF17D7FE1FE8
:1075E000034747448D47E318F7FA55B783467400BD
:1075F000630BD700034774006387E7008347740079
:107600002147E315F7FA97D7FE1F83C7B741D9FF84
:107610008347740017D7FE1F2306F740854717D707
:10762000FE1FA301F74059B782805D7156DA97DAE1
:10763000FE1F938A6A3E03A70A0086C6A2C4A6C29A
:10764000CAC04EDE52DC1C4317DAFE1F130ACA44BE
:1076500097D9FE1F9389093F93F7F7CF93E7071058
:107660001CC383260A003707CEFF7D179C463709C7
:10767000030013068002F98F9CC683A709002A84A1
:10768000AE8423A827059305100828009790FE1FB5
:10769000E780407C3545EFF0FFE783A70A0093764B
:1076A000F41F3706330023A40700984B13098915EC
:1076B000617F1367F70398CBF84FCE88130510F856
:1076C000137707E0558FF8CF9843D6855288136714
:1076D000070898C317D7FE1FA304073483A6090021
:1076E00017D7FE1FA30C0732054798C29843A16223
:1076F0009303401F1377F7CF98C398437D1F8549A5
:107700001377F7CF1367072098C303270A00930F57
:1077100080021C47D18F1CC723A8260501473400CF
:1077200011491353370026938347030013767700DC
:10773000B3D7C740858BDDCF9C41832E080023AC97
:10774000070423A0070603AECE02137EDEFF23A6A6
:10775000CE0383AE0700137EF70793FE0EF833EED9
:10776000CE0123A0C70103AE4702336E5E0023A201
:10777000C70383AE0800014E23A27E0603AA0706B4
:1077800063074E0303AE0703038A0600135EFE0081
:10779000620E135E8E416358CA0103AE0703135E87
:1077A000FE002380C60103AE0706137EFE0F03AA68
:1077B0004E0663060A0003AA8705E37F49FB03AE72
:1077C0004702337EEE0123A2C70383870600635C72
:1077D000F400034E03003396C9001346F6FF3376D8
:1077E000C6012300C3003E8663D3A7002A86131573
:1077F0008601618505071377F70F8506E313F7F315
:1078000098411C4B93F707FC93E7E7001CCBB6406D
:10781000264496440649F259625AD25A61618280DE
:10782000011122CC2A8411452EC632C436C206CE9E
:10783000EFF05FCE97D7FE1F9387071E9C43B708D4
:107840003300D857719B13671700D8D717D7FE1F7F
:107850001307471F08431307800778D1984313770E
:10786000F7CF98C398431377F7CF1367072098C3D0
:1078700017D7FE1F130747221843B2459246032825
:1078800087002246336818012324070137080300C4
:107890001308882523280505CDC14C57136404041B
:1078A000F5994CD71377F4078043137404F8598C77
:1078B0003747767180C31307971298C7375755001B
:1078C0001307575517D4FE1F13044415D8C31C5073
:1078D000B6853CDD97D7FE1F2383071497D7FE1F7D
:1078E000A38F071297D7FE1F238C07125C41F99BC9
:1078F0005CC19147014517D7FE1FA304F71297A05B
:10790000FE1FE78020E69387419C984311C75443AC
:1079100018479C42D98F9CC283473400858B91CBFA
:1079200097D7FE1F83D78721850717D7FE1F2317F9
:10793000F720F2406244056182804C57F5994CD79C
:107940001377F4078043137404F8598C37C7898E72
:1079500080C3130767ED95B7011126CA4AC84EC602
:10796000C1643709006AB70900AC22CC52C406CE04
:107970000544FD141309690E9389E90C130A0002EA
:1079800005E49305000F4145EFF05EDEB7B7006AEE
:107990004205938767CE5D8DF2406244D2444249EE
:1079A000B249224A05618280A6850145EFF05EDE7C
:1079B0009317850013F7071033E5270119C333E543
:1079C000370181470147E145B356F5008507335636
:1079D000F500858A058A6307D60005071377F70F38
:1079E00063E4E504E39247FF81471306F003ED46A5
:1079F0003357F5001377F70305CB6307C7028507F5
:107A0000E398D7FE135785009377F50F1377F70F99
:107A1000E394E7F8135705011377F70FE39EE7F6B2
:107A200013578501E39AE7F605041374F40F89BF31
:107A300017D7FE1F0347F7FE91476309F70C97D747
:107A4000FE1F938727FD9843B7C7004093870730F1
:107A5000631EF70A0111354506CE22CC26CA4AC854
:107A60004EC6EFF03FAB97D9FE1F9389E9FA1D2A66
:107A7000EF003039EFF04FE383A7090017D9FE1F5D
:107A800013098901B7063300984397D4FE1F9384E6
:107A900064FB370403001367070898C39843137700
:107AA000F7CF98C398431377F7CF1367072098C38E
:107AB000032709001C47D58F1CC79C40130784551A
:107AC000B8CBEF00304CEF10B01EEF00D03EEF000F
:107AD000D04703A709001C4393F7F7CF93E707109C
:107AE0001CC3832609003707CEFF7D179C46F24052
:107AF0004249F98F9CC69C40B249D244A0CB624413
:107B000097D7FE1FA38F07F0056182808280B7C7D9
:107B100000401387073097D6FE1F23ADE6EE13878C
:107B20000720411197D6FE1F23AEE6F0938707107A
:107B300037D7004022C497D6FE1F23AFE6F417D4F0
:107B4000FE1F1304A4ED17D7FE1F2327F7EC85476C
:107B5000A303F40097D7FE1F938787CE9C4306C6E6
:107B60005CD0938707111CD097A7FE1F9387279996
:107B700023A4F19CEFF0DFEBB7E700E0A3050400DE
:107B800003C7574113670708A38AE740B240370786
:107B90001000224423A0E7103707200023A0E7109D
:107BA0004101828017D7FE1F130787C903074701CA
:107BB00097D7FE1F938707E99C4363580704130771
:107BC0004008D8CBD8D3D8DBF8C313076007D8CF89
:107BD0009306E006D4D7D4DFF8C7130780072393B2
:107BE000E700F84BB7060080558FF8CB5147F8CB2C
:107BF00017D7FE1F130787E25853F8DF7D5798C742
:107C000037071F003D07D8C782801307C00855BF3C
:107C100097D7FE1F938747E8984317D6FE1F130692
:107C2000A6E297D7FE1F938727DF9443834716006A
:107C300013F8F707D9C588425C42137505F8336518
:107C4000050188C213F5150001C993F505034145E7
:107C50006386A506938787C14C574168130808A01F
:107C600093E525004CD7B3D50703B70810FEFD18E0
:107C7000B3F70703FD89139545016C43B3F515016F
:107C8000C98D6CC39305A00F3705FCFFAA07B3D7B6
:107C9000B7026C43E98DBA07B983CD8F7CC38347A4
:107CA0000600898B99CB9C4293F7F70713E70704EB
:107CB0009C4293F707F8D98F9CC2828093870783F1
:107CC00061BF5C57F59B5CD79C4293F707F8B3E71D
:107CD00007019CC2E9B7411106C697D7FE1F238C46
:107CE00007D8EFF0EFFAB240014541018280797187
:107CF000B7E700E026D284433707200006D622D417
:107D00004AD04ECE52CC56CAF98C23A0E7180F1099
:107D1000000017D4FE1F130424D3184409EF23A036
:107D200097100545B250225492540259F249624AC2
:107D3000D24A4561828017D7FE1F1307A7DF0327AA
:107D4000470A09C723A097100945E9BF83470400E4
:107D5000328AB689858B2E86AA8ABDC717D9FE1F9F
:107D6000130989D08327490095E317D5FE1F0345E2
:107D700075CF2EC609059305900497A0FE1FE780D6
:107D800000BA324697D7FE1F23A2A7CE8327490009
:107D900099E7B7E700E023A097100D4561B717D723
:107DA000FE1F034787CC2380E70083274900638FAA
:107DB0000A0429CEA380C70003254900D6850905FA
:107DC0009790FE1FE780E00117D7FE1F034777C596
:107DD0009547630CF70097D7FE1F83C7A7C41947C1
:107DE0006385E7000D476396E70297D7FE1F83C7B9
:107DF00077C399E79307801017D7FE1F2314F7C2A4
:107E0000B7E700E023A09710014529BFA380070032
:107E100065BF17D9FE1F1309E9C2832709009843DC
:107E20000D8B0DC717D7FE1F230507A0B84B13777F
:107E3000F78FB8CB98431367870098C39C438D8313
:107E4000858B89C70100010001000100832709001B
:107E50003707020097DAFE1F938A0AC123A207069A
:107E600098C797D7FE1F238D07BA97D7FE1F83C7E2
:107E700067C0918B89EB97D5FE1F83C5E5BC93F74F
:107E80000504639C0712814517D5FE1F0345D5BB2A
:107E9000EFF01FD817D5FE1F034505BB118501461E
:107EA00097D5FE1F83C505BC0D89EFF00FC617D708
:107EB000FE1F130767B614441C4394C75444D4C32D
:107EC00083260900834704003A8413F61700DC4236
:107ED000F99BD18FDCC283A74A00BCDE97D7FE1F77
:107EE000A38547B997D7FE1F238137B983C7EA0017
:107EF00093E7470097D6FE1F238FF6B6930700043B
:107F000097D6FE1F238CF6B097D7FE1F238A07B0A3
:107F1000A14797D6FE1FA386F6B097D7FE1F93877B
:107F200027929C5791CB13060064C14517D5FE1FBD
:107F3000034585B4EFE03EF18327090017050000F3
:107F400013052533DC43858B89E7170500001305EE
:107F5000C507EFF02EC1184097D6FE1F9386C6B313
:107F6000370633001C4393F7F7CF1CC31C4393F72A
:107F7000F7CF93E707201CC39C429847518F0326F5
:107F8000090098C7370703001307871538CA17D7A2
:107F9000FE1FA30707A817D7FE1FA30107A80547C1
:107FA00018C2D8431377F7EFD8C3010001009842F5
:107FB0005C4393E707105CC3A1B593F5050393E514
:107FC00015004840F1B5011197D7FE1F83C717A5CB
:107FD00006CE22CC26CA4AC8858B17D7FE1F1307A8
:107FE000E7A36386072497D7FE1FA38907A23A84D5
:107FF000A30701004453EFF01FCE97D7FE1F83C79E
:1080000067A7918B97D6FE1F938606A617D9FE1FEA
:10801000130989A3638A071A83C71400A69703C7A5
:10802000070093070008631AF7008347090093E7E6
:10803000870017D7FE1F2309F7A05C4C0D47637F0D
:10804000F710F11717D7FE1F2328F79E5C4C9846B0
:1080500063EDE7103387E74083C7140003C6C6000B
:10806000A69783C71700620661868E0763500612C3
:1080700063F4E7101D8F9306000263EBE600584C93
:10808000636FF70EB307F74017D7FE1F2322F79E43
:10809000894517D5FE1F0345259EEFE0FEBA8347AD
:1080A0000900A18B638D071097D7FE1F93878799CF
:1080B00094439307800C1307F00FFCD21C50370633
:1080C0003300014598C397D7FE1F238A079497D79B
:1080D000FE1FA386079497D7FE1F2383079497D785
:1080E000FE1FA38F079297D7FE1F9387E7929843AF
:1080F0001C4393F7F7CF1CC31C4393F7F7CF93E7C9
:1081000007201CC397D7FE1F93870799984397D5DD
:10811000FE1F83C5659391851C478D89D18F1CC730
:10812000B707030093878725BCCA05469790FE1FB3
:10813000E780406383470900DD9B17D7FE1F2305B7
:10814000F79097D6FE1F83C6469217D6FE1F0346AA
:10815000D69181450145EFF09FB9E1A017C7FE1FF9
:108160001307C7725843BA97E9BD17C6FE1F130617
:10817000E6715042B297F9BD3387E740EDBD97C62F
:10818000FE1F9386A670D4423697EDBD584C6361AE
:10819000F702B307F74017D7FE1F232BF78C83C7CF
:1081A000C60093E7070817D7FE1F2305F78CCDB548
:1081B00017C6FE1F1306866D50423297D9BF83C77C
:1081C0001400F917A380F400485081468145130636
:1081D000F1009790FE1FE780C04F5C50931585011A
:1081E0009306F00F03C70700E185630CD70097D70C
:1081F000FE1F83C797876386D7006304F70093E564
:1082000025008307090063C7070089E58347F1005C
:108210002380F40083270901505093F5F50F0D4595
:108220008297F2406244D24442490561828097D7E6
:10823000FE1F938727819C43FC5399EFEFF0BFA962
:1082400097C7FE1F9387C75F9C5BE38C07EE85454E
:10825000130510088297F5B5834777002147E3128D
:10826000F7FC854717C7FE1F2305F75C5DBF7971D3
:1082700097C7FE1F83C7877A06D622D426D24AD054
:108280004ECE52CC858B17C7FE1F13072779638408
:1082900007260329470281461306F10081454A85D6
:1082A0003A84A307010097C7FE1F2389077697909A
:1082B000FE1FE7800042131A8501135A8A41631298
:1082C0000A0297C7FE1F83C7577A9306F00F638A87
:1082D000D7005850034707006305D7006303F70032
:1082E000094A97C4FE1F938424768387040097C9A4
:1082F000FE1F9389697763C6071463160A148347C0
:10830000F1002300F90083C7C900918BD1CB5C4CED
:108310000D47637DF716F11717C7FE1F232EF77061
:108320005C4C03A7890063EAE7163387E74083477D
:10833000190083C6C900CA9783C71700E206E18601
:108340008E0763DD061663F1E7161D8F93060002A4
:1083500063EBE600584C636CF714B307F74017C79C
:10836000FE1F2327F770894517C5FE1F0345C570FB
:10837000EFE09E8D834719003307F900834607001D
:10838000130700086395E6161C501307F00F98C3F7
:1083900083C7040093E7870017C7FE1F2306F76A09
:1083A00097C7FE1F9387476F98435C578583858BDC
:1083B000A1C3DC40C165938505A0B3D6B7023705DC
:1083C00010FE7D15B3F7B702FD8A1396460174437C
:1083D000E98ED18E74C39306A00F3706FCFFAA075F
:1083E000B3D7D7027443F18EBA07B983D58F7CC354
:1083F00083A7490017C5FE1F03450565118583C581
:1084000017000D89EFE0DFE5170500001305651380
:10841000EFE05EF597C7FE1F938707609C43B706A2
:1084200080009843558F98C3D857719BD8D783C77E
:108430000400A18BA1E79C48505081450D458297CF
:1084400035A8E3020AECEFF0AF849C4850500D458C
:108450009375FA0F829703A5490017C6FE1F0346BE
:10846000D66097C6FE1F83C6466009C583451500C2
:10847000090519A081450145EFF07F87B2502254CC
:1084800092540259F249624A4561828017C7FE1F21
:108490001307C73F5843BA97BDBD97C6FE1F9386C3
:1084A000E63ED442B69751B53387E74045B597C607
:1084B000FE1F9386A63DD442369745B5584C63615E
:1084C000F702B307F74017C7FE1F2323F75A83C7E6
:1084D000C90093E7070817C7FE1F230DF75861B5BA
:1084E00097C6FE1F9386863AD4423697D9BFF917AE
:1084F000A300F90075B597C7FE1F9387A7549C4347
:10850000FC539DE3EFF02FFD97C7FE1F9387473382
:108510009C5B89C7894513051008829797C7FE1F82
:1085200093878754C84315BF834777002147E317D4
:10853000F7F4854717C7FE1F230DF72E81B74111AA
:1085400097C7FE1F83C7974D06C622C4858B8DCB68
:1085500097C7FE1FA384074CEFF0EFF797C7FE1FE6
:108560009387874E03C707003E84218B21E703A32F
:1085700007010146814511452244B2404101028371
:1085800097C7FE1F9387074C9C43FC53ADE797C7E3
:10859000FE1F2387074897C7FE1F9387E74A03C735
:1085A00007003E84218B19E703A30701014681459B
:1085B0005145D9B797C7FE1F9387074BC84317C6C6
:1085C000FE1F0346964A97C6FE1F83C6064A0DC184
:1085D000834515000905EFF08FF183470400DD9B0B
:1085E00017C7FE1F2302F746B24022444101828092
:1085F00081450145CDB7854717C7FE1F230BF722DD
:10860000E5B797C7FE1F938727499C431307004888
:10861000B70600F998D7D85FFD16758FB706000228
:10862000558FD8DFD85FB70600400E070D83558FF2
:10863000D8DFF84BC576FD16419B13679700F8CB42
:10864000D85F758F9566558FD8DF985B9D661367E9
:10865000077098DB985B558F98DB985BB70607002F
:10866000558F98DB985BB7060090FD16758FB7069F
:108670000010558F98DBF847B706F9FFFD16619B90
:10868000F8C7F84F758FF8CFF84FB70690FFFD1673
:10869000758FF8CF17C7FE1F0347C71B1377070C4B
:1086A00019C7B847B7060080558FB8C78280B8474A
:1086B00006070583DDBF17C7FE1F1307E73D1C43F1
:1086C00041767D16B44BF18EB4CB9447370620002B
:1086D000D18E94C7D44793E60601D4C7D447BD9A38
:1086E000D4C7010001000100010014430566DC4607
:1086F00093E70701DCC6DC42D18FDCC297C7FE1FBF
:10870000938747349043930740067CD27C5291C7AD
:1087100083A7C609A183858BF5DB01000100010059
:1087200001001C43416603A7C709B44BD18EB4CBEB
:108730009376F701B84B019B558FB8CB9847B70696
:10874000E0FFFD16758F98C7828097C7FE1F93873D
:10875000A7349C4341777D17B44F4166F98EB4CF5F
:108760009447D18E94C7D44793F6F6EFD4C7D44339
:10877000758FD8C3D44793E60610D4C7D843518F1A
:10878000D8C38280397122DC17C4FE1F1304C430A1
:108790001C4006DE26DA4AD84ED652D456D25AD0DB
:1087A0005ECE62CC66CA6AC86EC6D843FD76FD1638
:1087B0001377F7EFD8C39857758F98D7D857B70660
:1087C00002003D9BD8D79847558F98C7D843136769
:1087D0000701D8C317C7FE1F1307872B144337574A
:1087E000341213078767E38FE64AD8438174938472
:1087F000F40F799BD8C3985FB166938606F0658FB6
:10880000558F98DFD84313671700D8C39790FE1F82
:10881000E780400D1C4003A707091377F703238661
:10882000E19C03A7470929831377F707A386E19CF7
:10883000D843B96693860670799BD8C3985F658FD5
:10884000558F98DFD84313671700D8C39790FE1F42
:10885000E78040091C4003A707091377F70397C671
:10886000FE1FA38DE62203A7470929831377F70785
:1088700097C6FE1F2380E622D843B566938606304E
:10888000799BD8C3985F658F558F98DFD84313675E
:108890001700D8C39790FE1FE780C00418408327B5
:1088A000070993F7F70397C6FE1F2389F61E832750
:1088B0004709A98393F7F70717C7FE1F2308F71C7B
:1088C0001C4017CCFE1F034C6C1D83C6C19C03A724
:1088D000070AB386864113F6F600419B518F23A009
:1088E000E70A130760023387E6021306700283A5C6
:1088F000070A7D7E130EFE0F93F5F5F01305400277
:1089000045737D13130430023347C702B708F1FFE4
:10891000FD1813082002930E10027D4FF94FF54207
:10892000F1436D4DD14B454BBD443949314AAD4AB8
:10893000B5493D8B12074D8F9305500223A0E70ADE
:108940003387B60283A5070AB3F5C5013347C702CB
:108950003D8B22074D8F23A0E70A3387A60283A50C
:10896000070A370500F17D15B3F565003347C702E7
:108970003D8B32074D8F23A0E70A3387860283A5FC
:10898000070A6144B3F515013347C7023D8B42071F
:108990004D8F23A0E70A3387060383A5070A37080C
:1089A00010FF7D18B3F505013347C7023D8B520711
:1089B0004D8F23A0E70A3387D60383A5070AB70E96
:1089C0000010FD1EE98D3347C7023D8B62074D8FB6
:1089D00023A0E70A139756003347C7029315C70130
:1089E00003A7070A3377D7014D8F23A0E70A338700
:1089F000E6035D4F3347C7029375F70003A7470AA5
:108A0000419B4D8F23A2E70A3387F60383A5470ACC
:108A1000D94F93F5F5F03347C7023D8B12074D8FC1
:108A200023A2E70A3387560283A5470AD542B3F546
:108A3000C5013347C7023D8B22074D8F23A2E70AAA
:108A40003387760283A5470ACD43B3F565003347E4
:108A5000C7023D8B32074D8F23A2E70A3387A60357
:108A600083A5470A494DB3F515013347C7023D8B2E
:108A700042074D8F23A2E70A69473387E60283A5A1
:108A8000470AB3F505013347C7023D8B52074D8FA7
:108A9000E54523A2E70A3387B60283A5470AE98D95
:108AA0003347C7023D8B62074D8F23A2E70A338706
:108AB00086020D443347C7029315C70103A7470A2F
:108AC0003377D7014D8F23A2E70A3387E603254F7B
:108AD0003347C7029375F70003A7870A419B4D8F61
:108AE00023A4E70A3387F60383A5870A9D4F93F5EE
:108AF000F5F03347C7023D8B12074D8F23A4E70AD9
:108B00003387560283A5870A9942B3F5C5013347D7
:108B1000C7023D8B22074D8F23A4E70A33877603D4
:108B200083A5870AB3F565003347C7023D8B32073B
:108B30004D8F23A4E70A3387760283A5870A9543DE
:108B4000B3F515013347C7023D8B42074D8F23A470
:108B5000E70A3387A60383A5870A294DB3F50501E4
:108B60003347C7023D8B52074D8F23A4E70A338753
:108B7000660383A5870AE98D3347C7023D8B6207E9
:108B80004D8F93954600B3C5C50223A4E70A03A7FA
:108B9000870A3377D701F2054D8FB385960223A458
:108BA000E70A03A7C70A419BB3C5C502BD894D8F1C
:108BB00023A6E70A3387260383A5C70A93F5F5F0B2
:108BC0003347C7023D8B12074D8FB3C5860223A6DC
:108BD000E70A03A7C70A3377C701BD89A2054D8FEE
:108BE00023A6E70A3387460383A5C70AB3F56500C2
:108BF0003347C7023D8B32074D8F23A6E70A3387E1
:108C0000560383A5C70AB3F515013347C7023D8B49
:108C100042074D8F23A6E70A3387A60383A5C70A19
:108C2000B3F505013347C7023D8B52074D8F23A68D
:108C3000E70A3387E60383A5C70AE98D3347C702EE
:108C40003D8B62074D8F93953600B3C5C50223A6B1
:108C5000E70A03A7C70A3377D701F2054D8FB3851B
:108C6000F60323A6E70A03A7070B419BB3C5C5027A
:108C7000BD894D8F23A8E70A3387560283A5070BCA
:108C800093F5F5F03347C7023D8B12074D8F23A8AC
:108C9000E70A3387760283A5070BB3F5C50133478F
:108CA000C7023D8B22074D8F23A8E70A13972600A2
:108CB0003347C70283A5070BB3F565003D8B320729
:108CC0004D8FB3C5360323A8E70A03A7070B3377F5
:108CD0001701BD89C2054D8F23A8E70A1397160017
:108CE0003347C70283A5070BB3F505013D8B520738
:108CF0004D8FB3C5C60223A8E70A03A7070B698FE8
:108D0000BD89E2054D8F23A8E70A03A7070B93054A
:108D100080023377D70123A8E70A17C7FE1F03474E
:108D2000F7D73307EC40B34DB70283AC470B93FC46
:108D30000CFFB34B770393FDFD00B3ECBC0123AAFA
:108D4000970B83AC470BCD4D93FCFCF093FBFB00E2
:108D5000920BB3EB7C0123AA770BB30B870283AC96
:108D6000470BB3FCCC01B3CBBB0293FBFB00A20BC4
:108D7000B3EB7C01B34CA70323AA770B83AB470B60
:108D8000B3FB6B0093FCFC00B20CB3EB9B0123AA7A
:108D9000770BA14BB34B770383AC470BB3FC1C01A0
:108DA00093FBFB00C20BB3EB7C0123AA770BB30B45
:108DB000570283AC470BB3FC0C01B3CBBB0293FB54
:108DC000FB00D20BB3EB7C0123AA770BB30BF703A9
:108DD00083AC470BB3FCAC00B3CBBB0293FBFB00F3
:108DE000E20BB3EB7C01B34C770223AA770B83AB86
:108DF000470BB3FBDB01F20CB3EB9B01B30CE703B6
:108E000023AA770B83AB870B93FB0BFFB3CCBC027E
:108E1000B30A570393FCFC00B3EB9B0123AC770B25
:108E2000914B83AC870B93FCFCF0B34B7703330A75
:108E3000470393FBFB00920BB3EB7C0123AC770B56
:108E400083AB870BD54CB3FBCB01B3CABA02B309D2
:108E5000370393FAFA00A20AB3EA5B0123AC570B7B
:108E600083AA870BD94BB3FA6A00334ABA02330993
:108E70002703137AFA00320A33EA4A0123AC470B7C
:108E800003AA870BE14A337A1A01B3C9B902B304C2
:108E9000970293F9F900C209B3693A0123AC370B81
:108EA00083A9870B654AB3F909013349B902B3C4F1
:108EB000B4021379F900520933E9290123AC270BD5
:108EC00003A9870BE9493379A900330B6703BD88F0
:108ED000E204B36499001319470023AC970A83A4F2
:108EE000870BB3F4D4013349B902334BBB02720987
:108EF000B3E4240123AC970A83A4C70BC198137B66
:108F0000FB0033EB6401C944B304970223AE670B43
:108F100003A9C70B5D4B1379F9F0B3C4B402BD8844
:108F20009204B364990023AE970AB304B70303A96C
:108F3000C70BF54D3379C901B3C4B402BD88A2048F
:108F4000B364990023AE970A8944B344970203A9F6
:108F5000C70B33796900BD88B204B364990023AEAE
:108F6000970AB304970303A9C70BF94C3379190186
:108F7000B3C4B402BD88C204B364990023AE970A97
:108F8000B304770303A9C70BFD4B33790901B3C4BD
:108F9000B402BD88D204B364990023AE970AB30427
:108FA000670303A9C70B130B10023379A900B3C4DD
:108FB000B402BD88E204B364990023AE970AB304F7
:108FC000570303A9C70B930A20023379D901B3C40D
:108FD000B402F204B364990023AE970AB3044703C2
:108FE00003A9070C130A3002137909FFB3C4B402B2
:108FF000BD88B364990023A0970CB304370303A979
:10900000070C930940021379F9F0B3C4B402BD8888
:109010009204B36499006D4923A0970CB30427030D
:1090200003A9070C3379C901B3C4B402BD88A204F3
:10903000B364990023A0970CF144B304970203A9E9
:10904000070C33796900B3C4B402BD88B204B364B9
:10905000990023A0970CB304B70303A9070C337935
:109060001901B3C4B402BD88C204B364990023A03B
:10907000970CB304970303A9070C33790901B3C410
:10908000B402BD88D204B364990023A0970CB30442
:10909000770303A9070C3379A900B3C4B402BD88D0
:1090A000E204B364990023A0970C93145700B3C44F
:1090B000B4021399C40183A4070C3306C702B3F4A6
:1090C000D401B3E4240123A0970C03A9470C13791E
:1090D00009FFB3046703B3C4B402BD88B364990045
:1090E00023A2970CB304570303A9470C1379F9F093
:1090F000B3C4B402BD889204B364990023A2970C50
:10910000B304470303A9470C3379C901B3C4B402BC
:10911000BD88A204B364990023A2970CB30437035B
:1091200003A9470C33796900B3C4B402BD88B20403
:10913000B36499001309500223A2970CB3042703C8
:1091400003A9470C33791901B3C4B402BD88C20422
:10915000B364990023A2970C93046002B3049702AE
:1091600003A9470C33790901B3C4B4023346B602EC
:10917000BD88D204B364990023A2970C83A4470C42
:10918000E98C3D8A6206458E23A2C70C03A6470CD4
:109190009314C7013376D601458E23A2C70C13065C
:1091A00090023306C70283A4870CC1983346B602E7
:1091B0003D8A458E23A4C70C1306A0023306C702BE
:1091C000B345B60203A6870C1376F6F0BD89920567
:1091D000D18D23A4B70C97C5FE1F83C5258B17C659
:1091E000FE1F0346268B3386C540B304A60303A99E
:1091F000870C3379C901B3C4E40293E48400BD88C9
:10920000A204B364990023A4970CB304E60303A952
:10921000870C33796900B3C4E40293E48400BD8809
:10922000B204B364990023A4970C93143600B3C41A
:10923000E40203A9870C3379190193E48400BD8803
:10924000C204B364990023A4970CB304F60303A9E2
:10925000870C33790901B3C4E40293E48400BD8828
:10926000D204B364990023A4970CB304560203A953
:10927000870C3379A900B3C4E40293E48400BD8869
:10928000E204B364990023A4970CB304760203A903
:10929000870C3379D901B3C4E40293E48400F20467
:1092A000B364990023A4970C93142600B3C4E4027A
:1092B00003A9C70C137909FF93E48400BD88B36444
:1092C000990023A6970CB304860203A9C70C13794F
:1092D000F9F0B3C4E40293E48400BD889204B3645B
:1092E000990023A6970C93141600B3C4E40203A9B3
:1092F000C70C3379C9013347E60293E48400BD8883
:10930000A204B364990023A6970C03A6C70C337676
:109310006600136787003D8B3207518F23A6E70C49
:1093200003A7C70C3377170123A6E70C03C7D19C0B
:109330000D8F3346D70293F5F507E2053D8A931466
:10934000460103A6C70C3304870233760601458E17
:1093500023A6C70C1316170083A4C70CE98C334649
:10936000D6023D8A6206458E23A6C70C03A6C70C0B
:109370003344D402B37ED60113162700B303770219
:10938000720433E48E0023A6870C3346D602B30260
:109390005702937EF60003A6070D419A3366D60165
:1093A00023A8C70C03A6070DB3C3D3021376F6F0A8
:1093B000B3C2D20293F3F3009203B363760023A8FF
:1093C000770C03A6070D337EC601B30FF70393F2A4
:1093D000F200A202B3625E0023A8570C03A6070D99
:1093E0003373660013163700B3CFDF02330FE70382
:1093F00093FFFF00B20FB36FF30123A8F70D03A390
:10940000070DB37813013346D602330DA7033D8A07
:10941000420633E6C80023A8C70C03A6070D33781D
:109420000601334FDF02B346DD02137FFF00520F08
:10943000336FE80123A8E70D03A7070D798DBD8AD7
:10944000E206C98E23A8D70CD84385663D9BD8C3B6
:10945000D843799BD8C39857558F98D7D857B70614
:109460000081FD1613670701D8D71377FC0303ACFF
:109470008703137C0CFC336CEC0023AC8703985FF0
:10948000758FD98D8CDF6254F250D2544259B25943
:10949000225A925A025BF24B624CD24C424DB24D70
:1094A0002161828097B7FE1F23A4075E6FF04FC132
:1094B00097B7FE1F9387475E98435C4393E7071077
:1094C0005CC38280411106C6EF00806F9305604047
:1094D000EF20A002B2400145410182806F0000747C
:1094E00019C591C509C68357060001459DE30111C1
:1094F0000565C9471306F100130555C3854506CE1A
:10950000A307F100EF10307FF2400345F100056141
:1095100082808280011197B7FE1F2383A7660565AD
:109520001306F100130595C4854506CEA307010077
:10953000EF10707CF2400345F1000561828001115B
:109540001305910006CEEF00E06F2304A10005652E
:10955000300025059D45EF10107AF240034581004B
:109560000561828001111305D10006CEEF00C06FA6
:109570002306A1000965700009059145EF10B07739
:10958000F2400345C10005618280011106CE01272A
:10959000A307A10009651306F10015058545EF1025
:1095A0009075F2400345F10005618280011106CEFD
:1095B000EF00E078A307A10009651306F100290573
:1095C0008545EF105073F2400345F100056182803C
:1095D000011106CEEF003006A307A10009651306AE
:1095E000F10039058545EF101071F2400145056124
:1095F0008280011106CEEF00503FA307A10009654C
:109600001306F10041058545EF10F06EF240034569
:10961000F10005618280011106CEEF00301DA30725
:10962000A10009651306F10045058545EF10B06CF2
:10963000F2400345F10005618280411106C622C453
:10964000EF0090238965CD052A84EF10106B2285E9
:10965000B24022444101828001111305510006CE1F
:10966000EF00F03D2302A100096550006105A5450A
:10967000EF107068F240014505618280411106C615
:10968000EF00503F8965E505EF103067B2400145B6
:1096900041018280011106CE22CC2A84EF00B05213
:1096A0002306A1000965A3068100700021806905D9
:1096B0008D4523078100EF101064F240624401459C
:1096C00005618280011106CE22CC2A84EF007062EF
:1096D0002306A1000965A3068100700021806D05A5
:1096E0008D4523078100EF101061F240624401456F
:1096F00005618280011106CE22CC2A84EF002076FB
:109700002306A1000965A3068100700021801305CE
:1097100005028D4523078100EF10F05DF2406244A1
:10972000014505618280011106CE22CC2A84EF001A
:10973000F0072306A1000965A306810070002180BF
:10974000130515028D4523078100EF10D05AF24012
:109750006244014505618280011106CEEF00705E12
:10976000A307A10009651306F100130575028545DD
:10977000EF107058F2400345F1000561828001113D
:1097800006CEEF005067A307A10009651306F1009C
:10979000130595028545EF101056F2400345F10080
:1097A00005618280011106CEEF00B069A307A10018
:1097B00009651306F1001305D5028545EF10B05376
:1097C000F2400345F10005618280011106CEEF00F1
:1097D000506DA307A10009651306F1001305E5020A
:1097E0008545EF105051F2400345F100056182803C
:1097F000011106CEEF00D06FA307A1000965130683
:10980000F100130515038545EF10F04EF2400345B6
:10981000F10005618280411106C622C4EF00D071BB
:109820008965938525032A84EF10304D2285B24047
:1098300022444101828039711303D1021ACE0343BD
:10984000810506DE1ACC034341051ACA034301050C
:109850001AC80343C1041AC6034381041AC403038C
:1098600041041AC2034301041AC0EF0070742306B6
:10987000A10209657010130565038945EF10B04713
:10988000F2500345C10221618280011106CEEF1022
:10989000001FA307A10009651306F1001305750356
:1098A0008545EF105045F2400345F1000561828087
:1098B000011106CEEF106035A307A100096513065C
:1098C000F100130585038545EF10F042F240034592
:1098D000F10005618280011106CEEF10E04EA30772
:1098E000A10009651306F100130595038545EF10E6
:1098F0009040F2400345F10005618280011106CEDF
:10990000EF100067A307A10009651306F100130516
:10991000E5038545EF10303EF2400345F100056157
:109920008280011106CEEF100070A307A100096527
:109930001306F1001305F5038545EF10D03BF24007
:109940000345F10005618280011106CEEF109003FE
:10995000A307A10009651306F10013050504854559
:10996000EF107039F2400345F1000561828001116A
:1099700006CEEF101012A307A10009651306F1002F
:10998000130525048545EF101037F2400345F1001B
:109990000561828097B7FE1F239EA71C0145828028
:1099A000011106CEEF10B019A307A1000965130637
:1099B000F100130515058545EF10F033F24003451E
:1099C000F10005618280011106CEEF109020A307FF
:1099D000A10009651306F100130525058545EF1063
:1099E0009031F2400345F1000561828097B7FE1F78
:1099F00083D7E71499E79307F01F17B7FE1F2310CB
:109A0000F71497B7FE1F83D78713A146014513F7B5
:109A100007108607C2073357D740C183598D13D625
:109A2000574013D79740318F058BFD161375F50FEF
:109A3000D98FF1FE17B7FE1F2313F710828097B757
:109A4000FE1F83D7E70F81EBE17793C7F7FF17B7C7
:109A5000FE1F2317F70E97B7FE1F83D7670EB94671
:109A600001451168194633F707018607C2073357C6
:109A7000D740C183598D13D7E74093D5F700058BA5
:109A80002D8FFD161375F50FD98FE39EC6FC17B702
:109A9000FE1F2317F70A8280011126CA4AC84EC644
:109AA00056C297B7FE1F938767F706CE22CC52C4E3
:109AB0005AC0AE893289B68A845335C9AD472A84E3
:109AC00063EEA7021304F5FF1374F40F631D090678
:109AD000268A338B990063124B071379F90093861A
:109AE000FAFF228523802401A380340193F6F60F28
:109AF0004E868545EFD0DFD2014505A0B147630B07
:109B0000F5029307600263E5A7001304E5FF6DBF4C
:109B1000930770024945E30BF4FAF2406244D244E1
:109B20004249B249224A924A024B0561828013049B
:109B3000500269BF1304600251BFEFF03FEB2301F5
:109B4000AA00050A49BF8547631CF9004E869305A4
:109B5000000F138524009770FE1FE780A02FB5BF6C
:109B600089476316F9004E869305A00ADDB78D4735
:109B7000631DF900268A338B9900E3004BF7EFF061
:109B80001FEC2301AA00050ACDBF91476316F90017
:109B90004E869305F00F75BF95476315F9004E8605
:109BA000814545BF99476315F9004E86BD4555B7B8
:109BB0009D474945E313F9F64E869305500551BF7D
:109BC000011106CE9317450163D40702EF80801C74
:109BD000894719C9834605001147B1476396E600D6
:109BE00095472300F500C947F2403E850561828014
:109BF0002EC6EF90F05BC94765D90347A500418B9E
:109C000065D7B2458347B500230AB50491E7E94714
:109C10002308F5008147C9BFED47DDBF011106CE1E
:109C200022CC2EC6EF90D05801CDB2452A84EF80C9
:109C30007046A305A4020145F2406244056182809A
:109C40004945DDBF17B7FE1F1307C7EE8147994689
:109C50008345870E3306F50085072300B600050708
:109C6000E398D7FE0145828097B7FE1F938747BDD3
:109C700003D707012300E50003D707012183A300D1
:109C8000E50083C7F7002301F5000145828019E153
:109C90004945828097B7FE1F9387C7E9F84B41116A
:109CA00022C406C62A8409C70347C700314525E3F5
:109CB000F85F09C70347B700314531EB83A70709B0
:109CC00089C783C777003145B9E385471946A2851F
:109CD00017B5FE1F1305E5F417B7FE1F230DF7E4B4
:109CE0009770FE1FE780E00F834754001307000CB6
:109CF00093F7070C6391E7021946A28517B5FE1F7B
:109D0000130585F29770FE1FE780A00D0145B24054
:109D100022444101828081EB1946A28517B5FE1FBE
:109D20001305E5F0C5B7130700044945E391E7FEC5
:109D30001946A28517B5FE1F1305C5EFE1B74111FE
:109D400026C297B4FE1F9384E4DE22C4E04806C610
:109D500011C47C4813974700634B070CFC5099E7EC
:109D60004945B240224492444101828009ED1305E5
:109D7000000FEF70403C6DD58347C500F5D3EF7001
:109D8000C05C0145F9BF0547E31CE5FC15EC014546
:109D900082972A8459CD8567938707802310F5021F
:109DA000930700702317F5008D47230CF500A30AD5
:109DB0000502194697B5FE1F938545E61305650311
:109DC0009770FE1FE780E0010347C4008547E30961
:109DD000F7F88347E400B98B95C30347E400854750
:109DE0006317F70289472310F402224403A3840671
:109DF000B24092441305000F41010283EF80004DF1
:109E000097B7FE1F83C787A7E319F5FC91BF835758
:109E1000040211676375F7002310E402F9B7930693
:109E200000023E87E3FAD7FE13070002F5B731457B
:109E30000DBF1D453DB797B7FE1F9387A7CF83A7DB
:109E40000709314581CF83C7770089CB411106C609
:109E5000EFA0602BB2400145410182808280011158
:109E600026CA4AC84EC652C456C25AC02E89368B1C
:109E7000BA89BE8A06CE22CCB284428AEF90503391
:109E80001307A9FF4207856741839386A7C763ED40
:109E9000E610938707C82A84494563E7970A63E574
:109EA000240B1307301F6361670B63EF37099307B8
:109EB0001B00B38797021397390063D7E70849C49B
:109EC0008347140113F747003DC7ED9BA308F40037
:109ED0008347B400231A2407231B9406D5EF0357A6
:109EE0008406C167FD17630BF7066319990683574C
:109EF000A403231BE404231CF40497B7FE1F83D799
:109F000067CE8D46114763E5F600850713F7F70F17
:109F1000A30AE4042285EF80803D83570404A90747
:109F2000231FF4048327440A93E717002322F40A2B
:109F3000C547A30EF400231C5407231D4407231D0B
:109F40006405231E34050145F2406244D24442496F
:109F5000B249224A924A024B0561828083574406E5
:109F600091CFB3D4F4024A87B3879702C207C18363
:109F70006373F9003E87231CE40441B7B3059900DD
:109F800085814A85EFD0DE80231CA40493058405D7
:109F90002685EF40902995B78327840A93E7070227
:109FA0002324F40AC14771B7494579BF01112EC670
:109FB00006CEEF90F01FB24509E54945F240056134
:109FC000828083471501A305B50213F7470075D7B3
:109FD000ED9BA308F500BD472306F5028327850AFC
:109FE00093E727002324F50A0145C9BF17B7FE1FD1
:109FF000130747B47C4B81CB83C6C70089C683C691
:10A00000D700C947A1E27C5F89CB83C6B70091C660
:10A0100083C60701C947858A95E68327070981CB4F
:10A0200003C7770009C703C7D700C94701EF17B7B0
:10A03000FE1F0347E7BB97B7FE1F83C777BB636A63
:10A04000F7009D473E8582809D47F2403E85056131
:10A0500082800111A304A10019461305A10006CEB8
:10A060009770FE1FE780E0D72800EFC0DFC285476A
:10A07000E31CF5FC8147D1BF797126D24AD04ECE80
:10A0800006D622D42E89B28936C63AC43EC242C010
:10A09000EF901012C94455C99305A9FFC205056682
:10A0A0002A84C1811305A6C7C9446360B50A130693
:10A0B00006C8636C360963EA2909B2469305301F66
:10A0C00063E5D50822476362E60813861600330667
:10A0D000260393153700635AB60603461401B144AC
:10A0E000058A25E60326440A1376162039EE9247A0
:10A0F0000248231EE4040347B400231CF406231A79
:10A100002407231B3407231D0407231DD40483477E
:10A11000D401814459EF95EB83270410898B95CFA7
:10A1200031469305F00F130584069770FE1FE780F4
:10A1300060D28327440A2314040693E707202322CE
:10A14000F40AC947A30EF4008144B2502254268574
:10A1500002599254F2494561828063093905B385F9
:10A16000290185814A85EFD0AEE2231CA404930522
:10A1700084054E85EF40700B97B7FE1F83D787A6E7
:10A180008D46114763E5F600850713F7F70FA30A1D
:10A19000E4042285EF80A01583570404A907231F38
:10A1A000F4048327440A93E7170051BF231C2405B6
:10A1B000E1B7C1FF83278410898B95C7314693058A
:10A1C000F00F130584069770FE1FE780A0C8832751
:10A1D000440A2314040693E707202322F40ACD47F8
:10A1E000A30EF4009DB7E9448DB797B7FE1F938780
:10A1F0006794F84B01CB8346C70089C60347D70055
:10A2000049450DEFF85F09CB8346B70091C6034778
:10A2100007014945058B1DE383A7070981CB03C7C8
:10A22000770009C783C7D700494589EB411106C6A6
:10A23000EFC03FB2B24001454101828082804111AE
:10A2400022C426C24AC006C62A890144A1449305F5
:10A25000F00F0545EFD08ED1B30789002380A7000A
:10A260000504E31694FEB24022449244024901459B
:10A2700041018280011122CC4AC806CE26CA2EC6D0
:10A2800032893684EF90C072630D05128347B500A2
:10A29000AA84B2450945DDEB21461385F418977071
:10A2A000FE1FE78000B4A38B241913598900238C67
:10A2B00024198347E4000346D4008345F400834611
:10A2C000C400A207420603C5C404B297AE97E206D3
:10A2D00003A7440AB69749C123A6F40A8347A400FA
:10A2E0008346940013670702A207C206B697834607
:10A2F000B400B69783468400E206B69723A8F40A12
:10A300008347640083465400A207C206B69783467B
:10A310007400B69783464400E206B69723AAF40A6F
:10A320008347240083461400A207C206B6978346DB
:10A330003400B69783460400E206B69723ACF40ACD
:10A340008547A386F40423A2E40A0145F24062444F
:10A35000D24442490561828023A6F40C8347A400BD
:10A360008346940013678700A207C206B697834608
:10A37000B400B69783468400E206B69723A8F40C8F
:10A380008347640083465400A207C206B6978346FB
:10A390007400B69783464400E206B69723AAF40CED
:10A3A0008347240083461400A207C206B69783465B
:10A3B0003400B69783460400E206B69723ACF40C4B
:10A3C00059B7094561B7011106CE2EC6EF90405E20
:10A3D000630F05108346B5000547AA87B2450545BA
:10A3E0006391E60A83C60701130740020145639A99
:10A3F000E60803C7E50083C6D5002207C2063697E4
:10A4000083C6F500369783C6C500E206369783C635
:10A41000D704BDCA23A6E70A03C7A50083C69500D3
:10A420002207C206369783C6B500369783C68500D5
:10A43000E206369723A8E70A03C7650083C65500DE
:10A440002207C206369783C67500369783C6450035
:10A45000E206369723AAE70A03C7250083C615003C
:10A460002207C206369783C63500369783C6050095
:10A47000E206369723ACE70A1307A0022388E70019
:10A480000145F2400561828023A6E70C03C7A500C1
:10A4900083C695002207C206369783C6B500369755
:10A4A00083C68500E206369723A8E70C03C765003C
:10A4B00083C655002207C206369783C675003697B5
:10A4C00083C64500E206369723AAE70C03C725009A
:10A4D00083C615002207C206369783C63500369715
:10A4E00083C60500E206369723ACE70C71B7054535
:10A4F00049BF411106C6EF90A04B31C18346B5005C
:10A500000547AA8709456399E60283C60701130731
:10A5100040026393E6020D472386E7021947A385AD
:10A52000E702130750022388E70003C7A70201458B
:10A53000136717002385E702B24041018280094575
:10A54000E5BFAA8717A8FE1F0348D85E17A5FE1F00
:10A550001305455E2A8763080802684911C5034848
:10A56000C500314563180808685F11C50348B50088
:10A570003145631108080325070911C50348750013
:10A5800031456319080697A8FE1F83C8E86617A817
:10A59000FE1F034878661D4563FE08050327870DE7
:10A5A00049451377070439C75D71A6C22800B284F4
:10A5B000194686C6A2C4A303F10036849770FE1F15
:10A5C000E7802082A6851305E10241469770FE1FB1
:10A5D000E7802081A2851305E10141469770FE1FA7
:10A5E000E78020804800EFA00061B64026449644F2
:10A5F00061618280828097A6FE1F83C6B6538DCA92
:10A6000017A7FE1F13070753BA87784B09C70347DD
:10A61000C700494515E7F85F09C70347B700494533
:10A6200005E383A7070989C783C77700494589EBF5
:10A63000411106C6EFA0E071B240014541018280A0
:10A64000828097A7FE1F9387E74E97A6FE1F83C6BB
:10A65000764E3E8785C6FC4B89C783C6C700C9476F
:10A6600085EE7C5F89C783C6B700C94795E6832717
:10A67000070989C783C67700C94799EE97A7FE1FC8
:10A68000A38AA74A8327070E11C993E7076017A774
:10A69000FE1F2321F75881473E85828093F7F79F5D
:10A6A000FDB7130700643305E502411197A7FE1FAC
:10A6B0009387474822C403A4870C26C24AC006C613
:10A6C000BE841309F00F17A7FE1F232FA74801E828
:10A6D000B24022449244024901454101828003452F
:10A6E000040063052501CC58EFC08EDF405CC5B780
:10A6F00097A7FE1FA38CA7469377150017A7FE1FE9
:10A700001307474381EF8347C703ED8F6384B70087
:10A710004945828097A6FE1F238BF6449377250038
:10A72000014591EB8347D703F18FE393C7FE97A7CA
:10A73000FE1FA38EC7428280011106CE2EC632C4F0
:10A7400036C23AC0EF90C02635C1B24502479246A4
:10A7500093F7150099EB22468D4763F6C7004545F0
:10A76000F240056182802302C514898991E58D47F5
:10A77000E3E7D7FEA302D51401CF97A7FE1F83D727
:10A78000873F7D8F0D8B8547631FF7002314E514EA
:10A790008547230FF5008327450A0567D98F2322B4
:10A7A000F50A014575BF23140514DDB749454DBFB2
:10A7B0005D714EDE97A9FE1F9389C93703A3490532
:10A7C000CAC062D486C6A2C4A6C252DC56DA5AD81F
:10A7D0005ED666D26AD06ECE030C4105834E8105EB
:10A7E0000349010663090300032E43053143131493
:10A7F0005E00634D04000D4E49436369FE0093FC07
:10A80000050163850C02054E6387CE07B6402644DA
:10A8100096440649F259625AD25A425BB25B225CB4
:10A82000925C025DF24D1A856161828013FF3500F2
:10A830004943E30DCFFD13FF8500E3190FFC63933C
:10A84000CE0303CEC9033143137E4E00E3000EFC5A
:10A850006303D90309436310690203CEC903137E5E
:10A860002E0039A0E318C9FF03CEC903137E4E00A2
:10A870003143E30D0EF8468BC28B3EC6BA8A368D45
:10A88000B28DAE842A8AEF60100B2A8411E983A767
:10A890004906054582972A841D432DD92304450185
:10A8A000930700026311FD028D47631CF9040356F0
:10A8B000C4019307900F13035004E3E9C7F4035650
:10A8C000E401E3E5C7F493F5F40F2300B4066388CD
:10A8D0000C12BD889547639EF402930710F8230776
:10A8E000F4004543E364BDF3FD474543E3F0B7F3AC
:10A8F0009167E3EDA7F1EA9D93DD1D002310B403FA
:10A9000015A08547E311F9FC0356C4019307D02E27
:10A910005DB7B547639BF40C85472307F40089476F
:10A920002310F402A3075401639E0A108547230CE9
:10A93000F40093F5050281E5B247A30AF402194633
:10A9400081455A859760FE1FE780405F631D0510B3
:10A950008547230EF402A30E74031946DA85130506
:10A96000E4039760FE1FE780C04783470105A30605
:10A97000F4009307F007631BFC0E97A7FE1F938755
:10A9800027EC83C7470136572300F700030554011E
:10A99000EFC01F872304A406EFC0EFFEB657A30A3B
:10A9A000A4002380A7008347C10523020406A30255
:10A9B000F40683470406C18B91EB7D191379F90FD7
:10A9C00089474943E3E427E5A30124078347410678
:10A9D000370700080143A300F40683478106A30359
:10A9E000F4067C48D98F7CC815B589476394F40078
:10A9F0009947F5B5E38504EE23070400DDB59D47CF
:10AA00002307F40013F6150093F7450011CA114609
:10AA100091C30546A30FC4048547230FF404D1B5A1
:10AA200013F6250001CA094691C31546A30FC404B5
:10AA30008947E5B70D4691C31946A30FC404230FF8
:10AA4000040445B5230C040081470D46B3D6FA40F3
:10AA5000858A91C6834684018506230CD400850728
:10AA6000E396C7FEF9B5230E040201B7994763C503
:10AA70008701A30A840119BFA30AF40001BF97A7A5
:10AA8000FE1F9387270BF04B01114EC606CE22CC3A
:10AA900026CA4AC852C4BE8911C67C4A13965700BA
:10AAA000634E06003A8AB6842E89EF60C0682A8415
:10AAB00019ED83A749051305200491C33145F240E0
:10AAC0006244D2444249B249224A05618280034726
:10AAD000E500854701453D8BE303F7FE0347040688
:10AAE000418B55C78D476304F9004945C9BFFD47F0
:10AAF000E3ED97FE231E04008D476314F90EF1C8A1
:10AB00008357C40117A7FE1F0357670A1D45B38665
:10AB10009700E346D7FA0347C40015C783560402DB
:10AB2000130700026391E602034734068D4663185B
:10AB3000D70C1307900F13055004E362F7F88357FF
:10AB4000E401E36EF7F68D471D45E31AF9F637E9A0
:10AB500000E083290900B70720002320F918B3F982
:10AB6000F9000F1000009305800C0545EFC01EC0D2
:10AB70008357C4061205232444038507BD8BC98F60
:10AB80002316F406231E94002320391189A8137775
:10AB9000D90FE301F7F611476315E90478489316D6
:10ABA0007700E3C406F40347C400E310F7F48357C7
:10ABB000C40185DF9DF89305800C0545EFC01EBBE1
:10ABC0008357C40612058507BD8BC98F2316F4066B
:10ABD00039A07C48370700FF7D17F98F7CC80145F5
:10ABE000F9BD9307D9FF93F7F70F0547E37AF7F01D
:10ABF000E38D04EE8347C400E394E7F0C1B58546D6
:10AC0000E313D7F41307D02E3DB797A7FE1F938702
:10AC100067F2F04B01114EC606CE22CC26CA4AC8B6
:10AC200052C4BE8911C67C4A13965700634E060073
:10AC30003A8AB6842E89EF6000502A8419ED83A7E2
:10AC400049051305200491C33145F2406244D244C2
:10AC50004249B249224A056182800347E50085479F
:10AC600001453D8BE303F7FE03470406418B69CFA3
:10AC70008D476304F9004945C9BFFD47E3ED97FEE1
:10AC8000231F04008D47631BF91063810410835751
:10AC9000E40117A7FE1F035787F11D45B3869700F0
:10ACA000E345D7FA0347C40015C7835604021307C8
:10ACB00000026391E602034734068D46631ED70EF9
:10ACC0008356C4011307900F13055004E36FD7F6A2
:10ACD000E36DF7F68D471D45E319F9F65C548DC712
:10ACE00083476406898B8DC3085819CD8347A50017
:10ACF00081CFEF90706A0C58194613056403B105B3
:10AD00009760FE1FE780E00D37E900E08329090026
:10AD1000B70720002320F918B3F9F9000F1000003D
:10AD20009305800C0545EFC07EA48357C406120529
:10AD3000232644038507BD8BC98F2316F406231FE2
:10AD400094002320391189A81377D90FE30AF7F269
:10AD500011476315E904784893166700E3CD06F0C0
:10AD60000347C400E319F7F08357E40189D781F45E
:10AD70009305800C0545EFC07E9F8357C4061205DE
:10AD80008507BD8BC98F2316F40639A07C48370789
:10AD900000FE7D17F98F7CC8014545BD9307D9FF9B
:10ADA00093F7F70F0547E374F7EEE38604EC834768
:10ADB000C400E39EE7EC49BD8546E31DD7F083560A
:10ADC000C4011307D02E09B75D71A6C297A4FE1F58
:10ADD000938444D603A8440586C6A2C4CAC04EDEE6
:10ADE00052DC56DA5AD85ED662D466D26AD06ECEBB
:10ADF000630808028327480513945700635204022E
:10AE00003145B640264496440649F259625AD25A10
:10AE1000425BB25B225C925C025DF24D61618280BA
:10AE20003AC632C493771500B68989C76391051075
:10AE30004945C1BF91E9A04C19E00145D9B7228528
:10AE4000EF60A0500040CDBFE30908FE4285EF60EF
:10AE5000C04FE5B77849B70700037D8F55F3034727
:10AE6000F505630487016315970103D7EA0149DB00
:10AE700003C75A036301270903C7EA0063192701BF
:10AE8000131714004E9703570700E3E3EDFAB85485
:10AE90007D141374F40F45CB93161A00B69903D79B
:10AEA0000900B2479305800C2397EA063E9A0347B0
:10AEB0000A00054523980A06A384EA06EFC01E8B04
:10AEC00003D7CA061205264405073D8B498F2396F2
:10AED000EA0603A3840603C50B00B6409644064960
:10AEE000F259625AD25A425BB25B225C925C025DBA
:10AEF000F24D61610283138B8A05194681455A859B
:10AF00009760FE1FE7808003631925011946EA85D3
:10AF10005A859760FE1FE780C0EC194681455A8527
:10AF20009760FE1FE7808001E31825F511B7FD1536
:10AF300013F4F50F094C954C054917ADFE1F130D81
:10AF40004DCE930D00089307F00FE303F4EEA247F4
:10AF5000228AB38B870003C50B00EF60C01DAA8A4D
:10AF6000E31A05EEFC4813052004E39B07E851BDF6
:10AF700097A7FE1F938707BCFC4B95C3FC4B139709
:10AF80005700635E0700B1473E858280B147F240BB
:10AF90006244D2444249B2493E8505618280011132
:10AFA00022CC26CA4AC84EC606CE3689B289AE849D
:10AFB000EF6060182A849307200471D9C947E3E839
:10AFC00099FC1547E37597FC03470506137737038C
:10AFD0005DFF8347E505DDFB7C49918BC5FBEF30C9
:10AFE000201979479D47E374A7FA8347340681EF18
:10AFF000035744089307D02E63F7E70019479307D8
:10B000005004E37637F97C4883460406CE9493E7F0
:10B01000270085843369D9007CC823139408230052
:10B0200024078147ADB797A7FE1F9387A7B0FC4BB6
:10B0300081CBFC4B13975700635407003145828046
:10B04000011122CC26CA4AC84EC606CE52C4B689C1
:10B050003289AE84EF60200E2A8413052004630435
:10B0600004107C48898B8DC38347340691EF0357C6
:10B0700044089307D02E63F9E70003576408994703
:10B080001305500463F1E70E93F7D40F054763945B
:10B09000E70EB7E700E003AA07003707200023A068
:10B0A000E718337AEA000F1000000325840A19C557
:10B0B0009770FE1FE780C0952324040A231204081A
:10B0C000B7E700E023A04711630C09067C48918B89
:10B0D000D9E38D476398F408930550104A8597701B
:10B0E000FE1FE780C0832324A40A2DCDB7E700E02C
:10B0F00084433707200023A0E718F98C0F100000C5
:10B100007C4893F7074091CF9305800C0545EFC02D
:10B11000EEE58357A40812058507BD8BC98F23155B
:10B12000F4080325840A4A86CE859760FE1FE780CF
:10B1300040CBB7E700E02312240923A0971011A801
:10B140008D4749456391F4027C4823120408F99B1A
:10B150007CC8014509A89387D4FF93F7F70F0547EB
:10B16000E379F7F63145F2406244D2444249B249AC
:10B17000224A05618280E31B09F491474945E38730
:10B18000F4F4D5B797A7FE1F9387C79AF84B4111E0
:10B1900026C24AC006C622C4AA843E8909CF7C4B77
:10B1A00013975700635907003145B2402244924437
:10B1B0000249410182802E85EF50F0772A841305E1
:10B1C000200465D413F714007C484DCB13F7170007
:10B1D00061FF034704061377370379F78988B5CCF5
:10B1E0000327C90D454593E70740418B5DDFC165E6
:10B1F0007CC8FD150145EFC0AED92314A408EFC0EB
:10B20000AFF5B70500012326A408FD150145EFC0E1
:10B210006EDA9304040A15462328A40897A5FE1F96
:10B220009385A5A126859760FE1FE78080BBA68534
:10B23000130500FBEFC06FBF2685EF8050467C48AA
:10B240000347C400A300A408DD9B93E747007CC824
:10B2500085476307F700014589BF93F7F7BF41BFF3
:10B260009305800C0545EFC06ED08357C4061205C8
:10B270008507BD8BC98F2316F406F1BF0345D4079C
:10B28000CD9B7CC89307F00FE307F5FCEFB0BEED54
:10B29000D9B717A7FE1F1307E7897C5F411106C6C0
:10B2A00022C426C24AC099C703A8C70113141801B3
:10B2B000634004080327070825CF3684B2842E890B
:10B2C00009ED81EB4945B2402244924402494101D3
:10B2D0008280EFB01F8D0145FDB78546E314D5FE92
:10B2E000B9E30297AA8731C91147A3060504231BB6
:10B2F000E500231CE50083C6B7000547E384E6FCB0
:10B3000095C8239C9702239D870201C41E04E3DB9A
:10B3100084FA238927012244B2409244024903A3BC
:10B32000870641010283D84F93161701E3D506FC27
:10B33000314551BF23AC0702E9BF0D4569B7011183
:10B3400006CE2EC632C436C23AC0EF50D05E3DCDD6
:10B3500083284505AA87314513F808206315080698
:10B36000B24517A8FE1F034878814545636DB804B0
:10B3700003C8C70A22463358C8401378180063042C
:10B3800008041795FE1F1305E57A0328850D45452A
:10B390001317C8006359070202471798FE1F034896
:10B3A000E87D6362E80292462387C70AA386B70A4C
:10B3B000A387D70A11E2014793E808102388E70A18
:10B3C00023AA17050145F240056182801305200478
:10B3D000DDBF011106CE2EC6EF50F0551307200435
:10B3E00001CD7C49314793F6270099C6B24589C9FA
:10B3F00093E707207CC90147F2403A8505618280C6
:10B4000093F7F7DFC5BF01114AC84EC652C406CE36
:10B4100022CC26CAAE89328A3689EF80605961C54E
:10B42000631E0A0085472387F19C0145F240624470
:10B43000D2444249B249224A0561828003C7E19C55
:10B4400085472A846315F7002387019C8949B7E75C
:10B4500000E084433707200023A0E718F98C0F1081
:10B4600000004165130545F5EF80605621CD834707
:10B47000A5002315F50083278411A9E3232CA4102C
:10B48000232EA410930710F8791923200500231602
:10B490004501A304F5002304350123222501834738
:10B4A000940285450145B395F500C205C181EFB011
:10B4B000AEF9B7E700E023A0971085BF8327C4113A
:10B4C00088C37DBF9797FE1F938787379C5B91C783
:10B4D00095659385555505458297B7E700E023A00C
:10B4E00097101D45A1B7094591B76F805FEF6F8039
:10B4F0009FF36F805FF86F80BFFD6F908F836F90B9
:10B500004F906F908F876F902F8B82806F90AF934B
:10B51000034301001AC06F801F836F807F8F6F808D
:10B520003F956F805F9B6F805FA16F801FA76F80CB
:10B53000FFAA03530100035E4100834E81001AC03D
:10B5400072C276C46F809FAF6F80DFC16F801FC7EC
:10B550006F809FD06F805FD46F80BFD76F80FFDC1C
:10B560006F807FE382808280130705038357050085
:10B57000110593C7F7FF231EF5FE8347E5FF93C729
:10B58000F7FF230FF5FEE313E5FE82804111194614
:10B590009305F00F06C622C42A849760FE1FE78039
:10B5A000608B1305640019469305F00F9760FE1F2A
:10B5B000E780408AB24023160400232804002307B2
:10B5C000040022444101828099473305F5027971D4
:10B5D0007000D14506D613050520EFC02EC211E537
:10B5E00003458101B250456182800145E5BF0111EB
:10B5F00022CC26CA4AC84EC606CE814401441799B9
:10B60000FE1F1309E94AD14983C7319D636AF400DB
:10B61000F240624426854249D244B24905618280A3
:10B62000330534038327090019469305F00F3E952F
:10B630009760FE1FE780809001E5850493F4F40F86
:10B6400005041374F40FC9B7411122C426C24AC0BD
:10B6500006C601449794FE1F93848445514983C7CD
:10B66000319D636AF4003E842285B24022449244B4
:10B67000024941018280330524039C401946930509
:10B68000F00F3E959760FE1FE780408B71FD05042B
:10B690001374F40FE9B79387019F884305C14111E3
:10B6A00006C6EFB06E8C23A8019E9387319D83C799
:10B6B0000700B240A388F19C410182809387319DAD
:10B6C00083C70700A388F19C82801971A2DC86DE03
:10B6D000A6DACAD8CED6D2D483C7119D2A84639E57
:10B6E000A700854503C5419DEFB0AEDA894503C586
:10B6F000419DEFB00EDAEFF01FFA93140401C18000
:10B700001949338924030A86D145930909204E85B6
:10B71000EFC0CEAE19C901442285F6506654D65406
:10B720004659B659265A0961828019469305F00F89
:10B730000A859760FE1FE780608071FDD147330462
:10B74000F402179AFE1F130AAA3603250A0022954F
:10B75000EFF0DFE3480871469305F00F9750FE1FA6
:10B76000E780406F0818130600039305F00F975009
:10B77000FE1FE780206E03260A00D1454E852296E3
:10B78000EFC0AED650082A84F14513051920EFC04A
:10B79000CED55008498CF14513052920EFC0EED4D1
:10B7A0001374F40F5008498CC14513053920EFC0BC
:10B7B000CED31374F40F5008498CC14513054920AA
:10B7C000EFC0AED21374F40F5008498C91451305A5
:10B7D0005920EFC08ED11374F40F498C1D651018D9
:10B7E000930500032695EFC04ED01374F40F498CD7
:10B7F00003C501871374F40FEFC08EC931BF411127
:10B8000022C406C60145014483C7319D6373F40019
:10B8100009C5B24022444101828022850504EFF02F
:10B82000DFEA1374F40FCDB7011122CC26CA4EC63D
:10B8300006CE4AC80144EF90AF8AD1499794FE1FC3
:10B840009384042783C7319D6369F400F240624406
:10B85000D2444249B24905618280330934038840A9
:10B8600019469305F00F4A959750FE1FE780006D2B
:10B8700019E58C40CA9503C5F500EF90AF86050425
:10B880001374F40FC1B7397122DC26DA4ED652D4C4
:10B8900006DE4AD80144EF90EF87D1499794FE1F06
:10B8A00093840421194A83C7319D636AF400F250DE
:10B8B0006254D2544259B259225A216182803309CA
:10B8C0003403884019469305F00F4A959750FE1FA0
:10B8D000E780C06615E5330544030A86C1451305B4
:10B8E0003520EFC0AE911008C1450945EFC00E915B
:10B8F0008C4014080A86CA9503C5F500EF904F8165
:10B9000005041374F40F45B7011106CEEFF03FCED6
:10B910000547A9476373A70089471306F1008545CA
:10B920001545A307F100EF00AFD4F2400561828016
:10B93000011122CC26CA4EC652C406CE4AC80144C2
:10B94000D1499794FE1F9384A416194A83C7319D49
:10B950006365F40283C7019D99C3EFF0FFEC83C7D1
:10B96000F19C99C3EFF03FF26244F240D244424965
:10B97000B249224A05616FF03FF933093403904020
:10B98000D145330544034A9613050520EFC00E87C1
:10B9900009C588404A95EFF07FBF05041374F40F82
:10B9A00075B70355250083C5419D6F00FFEF99478B
:10B9B000B385F502397122DC26DA4AD806DEA147C2
:10B9C000AA843289138425206384F6001384152009
:10B9D0007146814548083AC69750FE1FE780804768
:10B9E0005008F1452285EFC06E810DE18347E102E9
:10B9F000A5463247E51793F7F70F63E9F600BA86D5
:10BA00005008937519002685EFD04EABF250625462
:10BA1000D254425921618280797122D426D24AD0EF
:10BA2000AE842A8932848145130600020A8506D62F
:10BA30009750FE1FE78000429387518783C7070016
:10BA400023102101230EF100835781015DC4138768
:10BA5000119E03470700F99B41462302E10013872B
:10BA6000319E034707009795FE1F9385A5D61305C2
:10BA70006100A302E10003C7219E93761700D58FD2
:10BA8000F59B93762700D58FED9B93764700D58F56
:10BA90009316470093F6061093F7F7EFD58F93169A
:10BAA000470093F6062093F7F7DFD58F1207137739
:10BAB000074093F7F7BFD98F231CF1009750FE1F63
:10BAC000E780203283C7019E13F7170001CB99C48A
:10BAD0000357810113672700231CE100034761011D
:10BAE000A2850A85D98F230BF100EFD04E8FB2507B
:10BAF000225492540259456182801387719D0347F5
:10BB00000700F99B41462302E1001387919D0347FB
:10BB100007009795FE1F9385E5CA13056100A302F0
:10BB2000E10003C7819D93761700D58FF59B93762F
:10BB30002700D58FED9B93764700D58F931647004E
:10BB400093F6061093F7F7EFD58F9316470093F609
:10BB5000062093F7F7DFD58F12071377074093F787
:10BB6000F7BFD98F231CF1009750FE1FE780602795
:10BB700083C7619D91BF011122CC26CA4AC84EC617
:10BB800006CEAA8401441799FE1F130969F2D14910
:10BB900083C7319D636BF4003E842285F24062448A
:10BBA000D2444249B2490561828033053403832778
:10BBB00009001946A6853E959750FE1FE780A02FE5
:10BBC00069FD05041374F40FE1B71D71A2CC138451
:10BBD000019F1C40CEC6D2C486CEA6CACAC8D6C251
:10BBE000DAC05EDEAA892E8A8DE319E10545B9A285
:10BBF000F5DDEFF05FF8A388A19C83C7319D6366F4
:10BC0000F500EFF07FA4A388A19C03C5119D83C715
:10BC1000319DE37DF5FC1C40639D071281447D59F5
:10BC20000144D14B979AFE1F938A8AE82DA8638915
:10BC3000E402338B740303A50A0019469305F00F41
:10BC40005A959750FE1FE780602F19E983A70A00D5
:10BC5000DA979C4B6373F4003E8463F327013E89BB
:10BC6000850493F4F40F83C7319D03C7119DE3E06E
:10BC7000F4FC33092441635B090481440144514BC2
:10BC80001799FE1F1309C9E225A86388E402B38A45
:10BC900064030325090019469305F00F5695975044
:10BCA000FE1FE780A02911E983270900D6979C4B46
:10BCB00063C507006373F4003E84850493F4F40FB6
:10BCC00083C7319D03C7119DE3E1F4FC994703C588
:10BCD000119D3305F50205044E86D14523A8890040
:10BCE00013050520EFC06E80130600039305F00FC7
:10BCF0000A859750FE1FE780E0159D6703C5119DDB
:10BD00000A86930500033E95EFB03EFE83C7119D62
:10BD10005145B387A7021797FE1F130767D908433A
:10BD20005146CE853E959750FE1FE780800B23A895
:10BD3000419F03C50187EFB0BEF50145F64066445B
:10BD4000D6444649B649264A964A064BF25B2561D7
:10BD500082809047814709CE99473305F502F14526
:10BD600013051520EFB07EF81C4023A4070085477B
:10BD70001840104B19CE994703C5119D3305F502A4
:10BD8000F14513052520EFB05EF61C4023A80700FF
:10BD900085471840504B19CE994703C5119D33056F
:10BDA000F502C14513053520EFB03EF41C4023AA2F
:10BDB00007008547184050471DCA03C5119D994487
:10BDC00033059502C14513054520EFB01EF203C5AA
:10BDD000119D330595021C409145D047410613053E
:10BDE0005520EFB09EF01C4023A6070099B7B1F391
:10BDF00083C7019D99C3EFF03FA383C7F19C99C30B
:10BE0000EFF07FA8EFF05FB0D5B3797122D406D6FA
:10BE100026D283C7319D09446376F50285C59947CB
:10BE20003305F502AE847000D14513050520EFB04F
:10BE3000FEBC2A8401E919466C0026859750FE1F36
:10BE4000E78020FA2285B2502254925445618280C4
:10BE5000011122CC06CE2A842EC632C4EF408FF5C3
:10BE600005C90347C500A1472246B245631FF70035
:10BE70009387419F9C4389CF03A34700630A030034
:10BE800022856244F240056102839387819FDDB77A
:10BE9000F240624405618280797122D419443304EE
:10BEA000850226D27000AE84D14506D61304042044
:10BEB0002285EFB0BEB401C98144B2502254268518
:10BEC00092544561828019469305F00F680097509F
:10BED000FE1FE780A0066DF1035781019377D70F0E
:10BEE00089C49377F70F93E72700C207C18385447E
:10BEF000E305F7FC7000D1452285231CF100EFB06B
:10BF0000DEDE03C50187EFB0BED845BF1D71A2CCF0
:10BF10002A8419453305A402A6CACAC8B2842E8948
:10BF20007000D14586CE13050520EFB03EAD01C9A6
:10BF30000145F6406644D64446492561828019464B
:10BF40009305F00F68009750FE1FE78020FF6DF10A
:10BF50009D673E941010930500032285EFB01EAA42
:10BF600019C10545F9B70810EFF00FE06314090493
:10BF700013060003814508109750FE1FE78000FC60
:10BF80006DF113060003814508109750FE1FE780EE
:10BF900060EC854708102384F19EEFF0EFDC101071
:10BFA000930500032285EFB05ED403C50187EFB08F
:10BFB0003ECE45BF1C109008BE8683D5060036874E
:10BFC000638125039106E31AD6FE0145BDD083D6D1
:10BFD00007003E8789C69107E31BF6FE91BF2390B9
:10BFE000270183472700E38E97F623019700D5F0BA
:10BFF0002310070079BFFD57238AF19CA389019C78
:10C000009797FE1F23A607AAD1471795FE1F034542
:10C0100005843305F50201119305200406CE22CCD8
:10C0200026CA4AC84EC69760FE1FE780408F979782
:10C03000FE1F23AFA7A615C99794FE1F93844480C3
:10C0400083C7E40001441799FE1F130969A6A38959
:10C05000F19CD14983C7319D6362F40C9C44638A8F
:10C06000070C9797FE1F238707A49387319D83C7EB
:10C0700007000544414681451785FE1F1305857558
:10C08000A388F19C238B818623A8019EA380019E17
:10C09000A381019E9750FE1FE780C0DB93047007C9
:10C0A000414681451785FE1F1305C5712381919E69
:10C0B000A38981862380019E23A2019E238B019C5C
:10C0C000A38B019CA38C019C9750FE1FE78080D816
:10C0D000238C919C23AE019CA38A019C9547A38845
:10C0E000F186C147A38AF1862384019E894723896B
:10C0F000F186F24023888186A38B8186238A8186FC
:10C10000624423AC019E23AA019E2388019C2389BB
:10C11000019CD2444249B24905618280B30734038D
:10C120000325090005041374F40F3E95EFF00FC6C4
:10C1300015B7930700F81797FE1F230DF79635B72D
:10C140001971A2DCCAD8D6D2DAD0DECE86DEA6DA63
:10C15000CED6D2D40144D14A1799FE1F130949956E
:10C16000194B9D6B83C7319D636FF400F650665485
:10C17000A388F19CD6544659B659265A965A065B5E
:10C18000F64B09618280330A540303250900931991
:10C19000040193D9090105041374F40FB3846903EE
:10C1A0005295EFF0AFBE71469305F00F48009750DF
:10C1B000FE1FE78020CA130600039305F00F081046
:10C1C0009750FE1FE78000C903260900D14513855B
:10C1D00004205296EFB07EB15000F1451385142033
:10C1E000EFB0BEB05000F14513852420EFB0FEAF94
:10C1F0005000C14513853420EFB03EAF5000C1451B
:10C2000013854420EFB07EAE500091451385542035
:10C21000EFB0BEAD10109305000333857901EFB088
:10C22000DEAC03C50187EFB0BEA62DBF930705C0E6
:10C230004111C20722C406C6C183130720022E84FF
:10C240006361F70E17D70000130707D18A07BA9763
:10C250009C43BA9782879387618783C7070023002F
:10C26000F4002DA083C7019E89870DA89387119E96
:10C27000EDB79387319ED5B741469785FE1F9385CD
:10C28000655522859750FE1FE780A0B58147B240D3
:10C2900022443E854101828083C7019E858BC1B7C0
:10C2A0009387219E5DBF9387419E9C431CC0F9BF2D
:10C2B000938731875DB783C7619D7DB79387719DF4
:10C2C00069BF9387919D51BF41469785FE1F938516
:10C2D000654F45BF83C7619DD1B79387819DB5BF2A
:10C2E0009387C19DD9B79387519D85BF9387118748
:10C2F000ADB79387518795B79387019DB9BF938752
:10C30000F19CA1BFEFF0AFAE2300A40041B783C7FB
:10C310004187B1B783C7019E8D8749B783C7619DA8
:10C32000E5BF130700048947E363A7F6EFC07EA3C8
:10C330002310A400A1BF011106CE22CC26CA4AC8F0
:10C340004EC652C4EFC05EED3DE103C7219D854757
:10C350000144630FF702D1499784FE1F938444750B
:10C36000054A83C7319D6379F40233093403984049
:10C370004A978347E700639947012285EFF0EFB4BE
:10C380009C40CA972387070005041374F40FD1BF9C
:10C39000EFF0EFC62389019CEFB05EC26244F24029
:10C3A000D2444249B249224A05616FF06FD8F24047
:10C3B0006244D2444249B249224A0561828079717D
:10C3C00026D24AD006D622D44ECE52CC89472E89C8
:10C3D000B2846309F5066360F5028D476305F50CC9
:10C3E00003C4319D2285B250225492540259F2491D
:10C3F000624A456182802E85EFF0EFF783C7319D59
:10C400002A84E371F5FEF9DC1946CA852685975022
:10C41000FE1FE780009DF9B73305440383A7090099
:10C420001946CA853E9519059750FE1FE780A0A8BA
:10C430002DE105041374F40F83C7319DE36EF4FC02
:10C440003E844DB701449789FE1F93896966514A1E
:10C45000E5B705041374F40F83C7319DE372F4FE4E
:10C46000330534030A86C145130535204205418151
:10C47000EFB0CED879FD41469305F00F0A8597506D
:10C48000FE1FE780A0AB71F5CA850A85EFC05E95F7
:10C4900069F183C7319DE377F4F4A9D4A685228599
:10C4A000EFF0BF9681B7014499497DB7797126D2E3
:10C4B00006D622D4AA8402CC231E0100EF408F8F1F
:10C4C00005CD03C7318789476308F70293056500E7
:10C4D0002A84034555003008EFF07FEE83C7319D75
:10C4E0006371F5022AC6EFF02F8EB2452A86054702
:10C4F000A1462685EFF0AFCBB2502254925445614D
:10C50000828083C7318791E795452685EFC03ECE6F
:10C51000E5B70547E392E7FE8345540001462685CB
:10C52000EFF08FCFD1BF4111C1674AC006C622C408
:10C5300026C2FD172E896309F506EF40AF872A84CE
:10C54000D14421CD93056500034555000146D544EE
:10C55000EFF0FFE683C7319D6376F500CA85EFF003
:10C56000BF938144630B09022285EFF08FC335A08E
:10C57000CA852285EFF05F9211C1814405041374CE
:10C58000F40F83C7319DE365F4FE6308090017F5D6
:10C59000FFFF13054541EF40CFAAB2402244268554
:10C5A00002499244410182800144D544D9BF01111E
:10C5B000C1674AC84EC606CE22CC26CAFD172E89B0
:10C5C000B289630EF504EF30FFFED14429C1930513
:10C5D0006500034555000146D544EFF05FDE83C793
:10C5E000319D6376F5024E86CA85EFF03F92814415
:10C5F00039A84E86CA852285EFF05F9111C181442A
:10C6000005041374F40F83C7319DE364F4FEF24014
:10C61000624426854249D244B24905618280014480
:10C62000D544D5B7411122C41384419D83450400EC
:10C6300023ACA19E614506C6EFC03EC7034504007A
:10C640002244B24041016F10DFDD411106C622C411
:10C6500026C29DE9AA85AA8437450F001305052443
:10C660003375A602EFC0EEF12A8409C99307E00FE3
:10C670006306F50085452685EFC07EB72285B2406A
:10C680002244924441018280EFC07EB60144FDB74E
:10C69000138761878347070083C5019E93E707F8E7
:10C6A0002300F7006FC07EA95971A6D2B284500052
:10C6B000CAD0D2CC86D6A2D4CECE2A89368A02C29D
:10C6C00023140100EFF0BFCF83C7319D637AF50ECD
:10C6D0002A84EFE07FEF9147AA89631CFA0C03C715
:10C6E00061877917133717009146A285420441806C
:10C6F0001949330924034E862685EFF04FAB514686
:10C70000814568009740FE1FE780C0747000C145F6
:10C710004209135909011305492042054181EFB02F
:10C72000EEAD05E941469305F00F68009750FE1FF6
:10C73000E780C08019ED1305592042057008914526
:10C740004181EFB0AEAB700093F519002685EFC0C4
:10C750007EA31D65229542051010930500034181BB
:10C76000EFB0CEA915E10810EFE01FE000101309AB
:10C7700001058355040091C5034624002685EF007A
:10C78000DF821104E31789FE93F92900638709000A
:10C7900083C5419D2685EF002F9191476314FA04CC
:10C7A00003C761878947631FF7022685EFF05FEEB5
:10C7B00015A803C73187791713371700D28635B705
:10C7C000A147E31CFAFC03C731878947631CF700C4
:10C7D0000146CA852685EFF02FA4014681452685AE
:10C7E000EFF00FE7B650265496540659F649664ABC
:10C7F000014565618280011106CE2AC6EFF0AFFFC8
:10C800003245F240238AA19C05616FF06F921D7141
:10C8100086CEA2CCA6CACAC8CEC6D2C4D6C2EF8023
:10C820006F8F83C7718781CF0144514A1789FE1FDB
:10C8300013090928994A83C7319D636BF400F640B8
:10C840006644D6444649B649264A964A25618280BE
:10C85000B30944030325090019469305F00F4E95CB
:10C860009740FE1FE780806D21E9B3045403501008
:10C87000F1451385142042054181EFB02E980DED4E
:10C880000347F1039307F00F6318F7021385342071
:10C8900042055000C1454181EFB04E965008C14558
:10C8A0000945EFB0AE958325090054085000CE9598
:10C8B00003C5F500EF80CF8505041374F40FA5BF01
:10C8C000930705C05D71C207A6C2CAC086C6A2C4CE
:10C8D0004EDE52DCC183130720022A89B2846360D2
:10C8E000F75217C700001307E76F8A07BA979C43F0
:10C8F000BA97828785476384F500614409A8834716
:10C9000006000947E36BF7FE238BF186014422857D
:10C91000B640264496440649F259625A61618280C3
:10C920008547E39CF5FC03470600E3E8E5FC83C785
:10C93000019E11C793E747002380F19EC1BFED9B85
:10C94000E5BF8547E39BF5FA834706001147E36699
:10C95000F7FAA380F19E5DBF8547E390F5FA834720
:10C960000600E3ECF5F8A381F19E4DB7C147E396CD
:10C97000F5F84146A6851785FE1F1305A5E59740E6
:10C98000FE1FE780004659B78547E398F5F6034751
:10C990000600E3E4E5F683C7019E01C793E71700AD
:10C9A00061BFF99B51BF8547E399F5F483470600C2
:10C9B0002381F19EA1BF9147E391F5F41842B74757
:10C9C0000F009387F723E3EAE7F223A2E19E3DBF3E
:10C9D0008547E394F5F2834706000947E36FF7F0D4
:10C9E000A389F18625B78547E399F5F0034706004B
:10C9F000E3E5E5F083C7619D11C793E74700238B0B
:10CA0000F19C29B7ED9BE5BF8547E398F5EE834799
:10CA100006001147E363F7EEA38BF19CC5BD854784
:10CA2000E39DF5EC83470600E3E9F5ECA38CF19C6C
:10CA3000F1BDC147E393F5EC4146A6851785FE1F7E
:10CA4000130545D82DBF8547E399F5EA034706004E
:10CA5000E3E5E5EA83C7619D01C793E7170045B7A2
:10CA6000F99B71BF8547E39AF5E883470600238C5D
:10CA7000F19C69BD9147E392F5E81842B7470F0072
:10CA80009387F723E3EBE7E623AEE19C41B5E3961A
:10CA900005E6EFC06EF801E9EFE07FD6EFB00ED209
:10CAA000EFE01FE9A5B585472389F19C85B59D4732
:10CAB000E395F5E493851400194668009740FE1F3E
:10CAC000E780203203C5040050086C00EFF03F8F70
:10CAD00083C7319DAA840944E37BF5E24808EF301F
:10CAE0007FB609E52685EFE05FBE4DBF5147B384B1
:10CAF000E4029787FE1F9387A7FB9C435944BE948B
:10CB000085472387F40021B59D47639BF50A1946A5
:10CB10009385140068009740FE1FE780802C03C5B2
:10CB2000040001466C00EFF09F8983C7319D637755
:10CB3000F5049944B30495025008F14593841420F8
:10CB4000C204C1802685EFA07EEB2A8415E5130779
:10CB5000A04185476304E9009307F00F5008F145B1
:10CB60002685A307F102EFB04E9803C50187EFB009
:10CB70002E92EFF0DFC961BB0944E5BF9787FE1F26
:10CB800083C747F30944E38407D81307A041978775
:10CB9000FE1F83C737F2631FE90093E7170017876B
:10CBA000FE1FA309F7F01D46A6851785FE1F130576
:10CBB000A5EFF1B3F99B1787FE1FA30DF7EEB9B3ED
:10CBC0008547E39CF5D21307A0419787FE1F83C7D3
:10CBD00077EE6315E50093E72700F1BFF59BE1BF12
:10CBE000A38B0186EFF0BFC215B38547A38BF186F7
:10CBF000014419499309F00F7D5A83C7319DE373AE
:10CC0000F4FEB30424035008F145938414202685D0
:10CC1000EFA0DEDE05E18347F102638D37015008A6
:10CC2000F1452685A3074103EFB02E8C03C501878C
:10CC3000EFB00E8605041374F40FC1B78547E39E69
:10CC4000F5CA83470600E3EAF5CAA38AF19C7DB9D9
:10CC50008547E394F5CA834706002547E36FF7C885
:10CC6000A388F18665B18547E399F5C803470600B7
:10CC7000A546930797FF93F7F70FE3E0F6C8A38A5B
:10CC8000E18669B18547E39AF5C68347060003C785
:10CC9000019D01442388F19CE31B07C6E399B7C6B5
:10CCA000EFE01FC9ADB18547E399F5C4834706009E
:10CCB00003C7F19CA387F19C09E76394B700EFE0F9
:10CCC0003FC703C5F19CEF703FC589B18547E39627
:10CCD000F5C2834706000D47E361F7C22389F18659
:10CCE00035B18547E39BF5C0834706002388F1866D
:10CCF00031B90545EFA0DEF911B98547E39FF5BECF
:10CD000083470600238AF18611B193074002E39618
:10CD1000F5BE03C51400014693852400EFF02FEA09
:10CD200083C7319DE37BF5BC19443304850203C7F7
:10CD30000400A1471374F40F6310F704090413747B
:10CD4000F40F420441805008F1452285EFA01ECB2C
:10CD5000E31505BA9385840048086D469740FE1F89
:10CD6000E78020085008F1452285EFA01EF803C592
:10CD70000187EFA0FEF151B60504D1B71787FE1F5A
:10CD8000035707AD930740046D44E3F2E7B88547C6
:10CD9000E395F5B683470600E3E1F5B691CF9787B3
:10CDA000FE1F938727D09C435544E38207B683C771
:10CDB000019E93E7870049B683C7019E93F7770FDB
:10CDC000A5BE1787FE1F0357A7A8930740046D440D
:10CDD000E3FFE7B28547E392F5B283470600E3EE4F
:10CDE000F5B0F9DB9787FE1F9387C7CB9C4355446B
:10CDF000E38F07B083C7619D93E7870009B193076D
:10CE000000040944E3E527B1E39385B083D504002A
:10CE10004A85EFC08EC92A84DDBC1D7186CEA2CCA6
:10CE2000A6CACAC8CEC6D2C4D6C2DAC05EDE62DC2A
:10CE3000834725005147E91793F7F70F636BF70214
:10CE400017C700001307C7228A07BA979C432A8492
:10CE5000BA9782878354A5000346C5008346D50050
:10CE6000268532C636C4EF30EFF4AA87A246324692
:10CE700019E18544A9A203C7C700A14713053400DF
:10CE8000631AF7029387419F9C43A68589C79C43F9
:10CE900099C38297F9BF9387C19D8843EFB07EEE17
:10CEA00069D99307E00FE306F5FC85452685EFC0B9
:10CEB0000EB4C1B79387819F9C43A68599C39C43B9
:10CEC000E9FB9387419ED1BF8355A5002E852EC4D3
:10CED000EF304FEEAA8751DD03C7C700A147130506
:10CEE00034001306C4009306C401A245631AF70078
:10CEF0009387419F9C43B5DF9C47A5DF829795BFF1
:10CF00009387819FC5BF034915006319091C834797
:10CF10006500858B6385071C9387019F9C43639005
:10CF2000071C8145514668089740FE1FE78080F244
:10CF30004C48DDC183C765011946C105A305F1024F
:10CF400068089740FE1FE780C0E9834764000357E5
:10CF5000810268088987858BD98F2314F102EFE05D
:10CF60009FC1A388A19C83C7319D6366F500EFE054
:10CF7000AFEDA388A19C83C9319D83C7119D63E355
:10CF8000370383C7418791C705476395E706EFF0ED
:10CF90002F9B9787FE1F9387A78A9C5B81C7854538
:10CFA00021458297A2856808EFE03FC2AA845549CF
:10CFB00063170512894503C5419DEF90FEC8F640F1
:10CFC000664426854649D644B649264A964A064BC3
:10CFD000F25B625C25618280035544008544EF303A
:10CFE0006FDD71DD83475500194693056500A30584
:10CFF000F102B9B70947E39EE7F88144FD5A014AB7
:10D00000514C178BFE1F130BABAA25A8B38B8403BF
:10D0100003250B0019469305F00F5E959740FE1F00
:10D02000E780C0F101ED83270B00DE979C4B637313
:10D03000FA003E8A63F45701BE8AA689850493F4F8
:10D04000F40F83C7319DE3E3F4FC330A5A4163597B
:10D050000A04FD54514B178AFE1F130A6AA5B70B29
:10D0600000801DA8B30A690303250A001946930529
:10D07000F00F56959740FE1FE78040EC19E9832793
:10D080000A00D6979C4B63F6FB0063F49700BE84BE
:10D09000CA8905091379F90F83C7319DE364F9FC47
:10D0A00083C7319DE3F7F9EED144B3849902178920
:10D0B000FE1F1309E99F032509002695EF308FD83D
:10D0C00019E54E85EFE06FE0EFE09F86D9B5832745
:10D0D0000900BE9485472387F40065BD01490346D6
:10D0E0001400035544008545EFE09FD6E30309D8BB
:10D0F0004A868D4503554400EFE09FD59DBB03470D
:10D1000015009947631AF70203554500EF308FCA9F
:10D11000AA841DC183C7218709476389E7020D4798
:10D120006380E70205476399E7008345550003558F
:10D1300044000146EFE05F8E0346140089455DBF61
:10D140000146814513050041EFF08FF783554400F8
:10D1500003C504001546EFC06E8CF9BF930545006A
:10D16000034535000146EFF08FA583C7319DE3727B
:10D17000F5D099473305F5021306C4009145130510
:10D18000552042054181EFA05EB603C50187EFA09F
:10D190003EB0C5B183C7519D0355450081C783C5C6
:10D1A000118731B383C7618799E3954509B3EF30A0
:10D1B0006FC0AA84E30F05CA8347A400858B85CB83
:10D1C00003455500854763F4A7028357C40093F7CE
:10D1D000072091EF700893856400EFF04F9E83C79E
:10D1E000319D6396A7008D4503554400C9B183C5A1
:10D1F00054000355440013068400EFE0FF8101460C
:10D200008145CDBD03554500EFF04FAA9DB10355B3
:10D210004500EFF04F9283C7618793F7F707238BA1
:10D22000F18681B979719397050122D406D626D269
:10D230004AD04ECEC1872E8463DE070803C5419DC8
:10D24000EF90AEDEAA8431C5834705001307100BAB
:10D25000638BE7041307000D6387E7021307000BD6
:10D260006396E70203474500F9476317F700035544
:10D2700025008145EFF02FAB83C544001385840062
:10D28000EFF0EE9F21A0EFF05FB901C52685EF908A
:10D29000AECDA164A18CB25022542685025992547D
:10D2A000F2494561828083474500EDF303568500CE
:10D2B00083556500035525002384019EEFF02FAFB1
:10D2C00083C7819EE1D703C501872384019EEFA018
:10D2D0003E9C6DBF93F7250085C381450145EFE076
:10D2E000DF8E9344240083C7419D854511E1894524
:10D2F0003E85EF907E9545B793F715006384070C44
:10D300001389019F832709009384C19E83D9470015
:10D310009C4099EFC1651387C19F894617C60000DD
:10D320001306C61FFD150545EFF03EF023A6A19E8E
:10D330008C40134414009DE983270900014685456C
:10D3400003D5470093140401C180EFE07FB0832729
:10D35000090001468D4503D54700EFE07FAF03C5C7
:10D360000187EFA0FE92EFE00FB335B79308F00FFF
:10D37000094881471307E100740003D6C19F4E8519
:10D38000EF00EFC011ED0346D1008347C100220634
:10D390005D8E19C69C404E8583D5A700EFF02FA166
:10D3A0008840C165814603D6C19FFD15EF000FB2CD
:10D3B0009314040123A6A19EC1803DDD854503C5CC
:10D3C000419D05BF93F745008144E38607EC93C474
:10D3D0004500D1B503472500F14763ECE73017C698
:10D3E0000000130626CE93162700B2969C424111E8
:10D3F00022C406C626C2B2972A84828783471500B4
:10D40000C5EF41469775FE1F938505701775FE1F82
:10D410001305456D9740FE1FE780E0A93DED1776A7
:10D42000FE1F1306266CC1450945EFA01E8C17761A
:10D43000FE1F1306266CC1450D45EFA01E8B03C5CC
:10D440000187EFA0FE84930534001775FE1F1305B6
:10D45000E56C19469740FE1FE780A09885478545F3
:10D460001775FE1F0345156A1777FE1F2328F766F9
:10D47000EF908EFD9777FE1F9387476688439387CB
:10D4800001A09C43BDCB03A3070063080306A2854C
:10D490002244B24092444101028341469775FE1FE7
:10D4A000938585621775FE1F1305C5649740FE1F9F
:10D4B000E78060A02DD541BF99471777FE1F232F26
:10D4C000F7604DBF034715008347350039E709472B
:10D4D000639AE7029777FE1F938747609C438145D5
:10D4E000014593F7F7F093E707021777FE1F23270D
:10D4F000F75EEFD09EDBA300A400B240224492442A
:10D50000410182800547814501456395E700EFD0E1
:10D51000BEC9D5B7EFD03EB9F9BF0947E38FE7FCE5
:10D520009777FE1F9387875B884341991365650052
:10D530009777FE1F23A4A75A99B7834715009774BE
:10D54000FE1F9384A459ADEF8D47631DF7049777B1
:10D55000FE1F83C7A756139787016187635F070084
:10D5600093F7F70789451775FE1F0345B5591777D8
:10D57000FE1F2305F754EF902EED9C40914613F7C4
:10D58000F700631AD700C19B93E757001777FE1F78
:10D590002326F75485A88946E301D7F6C19B93E774
:10D5A0002700EDB798409777FE1F238707509546D1
:10D5B000937707FF3D8B6311D70693E74700F9B7D1
:10D5C0009C40C19B93E76700D1B71777FE1F1307F5
:10D5D000E7501C4383461500BA84C19B95E693E748
:10D5E00047001777FE1F232BF74E0356A500930520
:10D5F0004500034535009146EFF00F8B9777FE1FEE
:10D60000238C074A8840A5BD13071003E39CE6FA64
:10D610001777FE1F2302074A93E7370085BFEFF015
:10D62000CFFF9777FE1F9387674B9C43154793F671
:10D63000F700C19B13E53700E39CE6EE13E52700F6
:10D64000C5BD9776FE1F938666499C42034615002A
:10D65000B68493F7F7F021EECD466313D70493E732
:10D6600007011777FE1F232BF7469777FE1F83C707
:10D67000574B139787016187635F070093F7F7079D
:10D6800091451775FE1F0345F5471777FE1FA30A3F
:10D69000F748EF906EDB9C40370500015D8DC5B308
:10D6A00093E707021777FE1F232AF742EDB793E7A8
:10D6B0000703CDBF9776FE1F938646429C427D7638
:10D6C0001306F60FF18F034615000DE26D46631C3D
:10D6D000C70093E707101777FE1F2321F7409C42EE
:10D6E0003705000265BF93E70720F5B793E70730DA
:10D6F000DDB7828003470500930610096307D70052
:10D700009307000D6305F7048280834615003947AF
:10D710006391E60483564500056713075740639AF3
:10D72000E60218459307F007830537006383F50287
:10D73000938701A09C4391CF03A34700630B030091
:10D740008347270003451700A2075D8D02836FF012
:10D750007FC8828001119397050126CA06CE22CC8C
:10D76000C187AE8463DB070C1775FE1F034595392F
:10D77000EF90AE8B2A8419C99777FE1F83C7F733C2
:10D7800089EFEFF03FF72285EF801EFE2165258DA2
:10D79000F2406244D244056182808347050013074A
:10D7A000000D6390E7068347250081E7EFF09FF4C3
:10D7B00009A81547639FE7000347C500A147E39207
:10D7C000E7FCA2851775FE1F0345A535EF904E8E29
:10D7D00075BF2147E38CE7FC99466395D7008347E3
:10D7E0007500F1BF1D47E39EE7F803554500EF20A4
:10D7F0007FDC51D90347C500A1472285E313F7F821
:10D80000C9B71307200AE38EE7F613071009E39F51
:10D81000E7F803471500B947E31AF7F8035745003F
:10D82000856793875740E313F7F818458347270028
:10D8300003451700A2075D8D5DBF9397150163DE59
:10D840000700138641A091451145EFA00ECA03C5FC
:10D850000187EFA0EEC311651DBF93F71500C5CF7B
:10D860009777FE1F83C74725A5CBEF302F83977788
:10D87000FE1F83C7A7006364F5068D472302F100EE
:10D880009777FE1F9387572383C707004C001775B0
:10D89000FE1F034535272306F1009777FE1F938768
:10D8A000A72783C70700A306F100EFD0AECA0DC5B6
:10D8B0009777FE1F938787228843419913656500F8
:10D8C0009777FE1F23ACA720938701A09C4389C7AD
:10D8D0009C4399C38145829713C5140055BD977722
:10D8E000FE1F9387871D83C7070019469775FE1F84
:10D8F0009385051D2302F1009777FE1F9387471E2E
:10D9000083C7070013056100A302F1009730FE1FD3
:10D91000E780204DB5B793F72500A1C79777FE1F85
:10D9200083C7C719858B9DCB1775FE1F0345951DB2
:10D93000EFD06EF105C59777FE1F9387271A8843AE
:10D940001375F5F09777FE1F23AAA718938701A0F8
:10D950009C4389C79C4399C38145829713C5240082
:10D9600005BD93F745000145E38407E29777FE1F65
:10D9700083C7371B8DCF1775FE1F0345B518EFD032
:10D980002EF015C59777FE1F938747158843FD77BF
:10D990009387F70F7D8D9777FE1F23A1A714938799
:10D9A00001A09C4389C79C4399C38145829713C5B5
:10D9B0004400F9BB397122DC06DE2A842ECE32CC3B
:10D9C00036CA3AC83EC6EF20FFBE05C9F2456246D8
:10D9D000B247D24642472314B1022315C1022C108C
:10D9E0003E8622852316D1022317E102EF205FAB8A
:10D9F0000145F2506254216182805145DDBF011121
:10DA000006CE9777FE1FA381A70091C52E8532C64B
:10DA1000EFE05FC132469777FE1F9387270C9C4348
:10DA200095EF19C223A0C1A0F2401776FE1F03464E
:10DA300006099775FE1F83C5E50C1775FE1F034584
:10DA4000750C938741A01777FE1F1307A70A9776D7
:10DA5000FE1F9386260905616FE0AED5F24045456D
:10DA6000056182809777FE1F83C747E181EB61459F
:10DA700082806145B240224441018280411122C42A
:10DA800006C61774FE1F0344F4079307F00FE31252
:10DA9000F4FE17050000130525CCEF901EA21777A2
:10DAA000FE1FA301A706E30685FC23A001A097772C
:10DAB000FE1F23A5070291471777FE1F2304F704D3
:10DAC000EFB06EB1414681451775FE1F1305850104
:10DAD0009730FE1FE7800038414681451775FE1FCD
:10DAE000130545019730FE1FE780C03623A201A031
:10DAF0009777FE1F238307FC9777FE1F238207FE7D
:10DB00009D471776FE1F1306E6FDC14509451777A9
:10DB1000FE1FA303F7FA9777FE1F238F07FEEF90F0
:10DB2000FEED1776FE1F1306E6FCC1450D45EF908E
:10DB3000FEEC41469775FE1F9385C5FA1775FE1FCB
:10DB4000130585FC9730FE1FE780A0294146977595
:10DB5000FE1F938525FA1775FE1F1305E5F697300E
:10DB6000FE1FE7800028138641A091451145EF90E4
:10DB7000FEE8014501B7FD571777FE1FA304F7F82C
:10DB80001777FE1F130707E8A302F7002303F70028
:10DB90001777FE1F230807F605479776FE1F238D8C
:10DBA000E6F023A201A019479776FE1F2396E6F21E
:10DBB0000567130707C89776FE1F2394E6F21777C9
:10DBC000FE1F2300F7F68D471777FE1F230907EE88
:10DBD0001777FE1FA30307EE1777FE1FA300F7EECC
:10DBE0001777FE1F2301F7EE194681451775FE1FB3
:10DBF000130505ED1733FE1F6700C325930705D0F6
:10DC00004111C20722C406C6C1835D472E84636BDF
:10DC1000F71017B70000130727528A07BA979C43DB
:10DC2000BA9782879777FE1F83C7C7ED2300F4005A
:10DC300035A041469775FE1F9385C5EA228597302A
:10DC4000FE1FE780001A19A841469775FE1F9385AD
:10DC500065EAEDB7938741A09C439CC18147B240E0
:10DC600022443E854101828019469775FE1F9385A7
:10DC7000E5EAE9B79777FE1F83C707E445BF2E851E
:10DC8000EFD00EEFE1BF2E85EFD0EEF0C1BF97775A
:10DC9000FE1F83C787E259BF9777FE1F83C747E4FC
:10DCA00071B719469775FE1F938585E141BF977738
:10DCB000FE1F83C777E09DBF9777FE1F83C7C7E529
:10DCC000B5B79777FE1F938767E19C4385B7977732
:10DCD000FE1F83C7C7DE99BF9777FE1F83D7C7DFB5
:10DCE0002310F400A5BF9777FE1F83D787DFCDBF32
:10DCF0009777FE1F83C797DC15BF9777FE1F83C7F3
:10DD000087DC2DB72E85EFD04EEC89BF9777FE1FAD
:10DD100083C7C7DA93F7F70711BF9777FE1F83C74B
:10DD200057E029B7130700048947E36AA7F2EFB069
:10DD30004E832310A4001DB79307F5CFC207AE860C
:10DD4000C183D9452A8763EAF52E17B80000130866
:10DD5000A8448A07C2979C43411106C6C297B28560
:10DD6000368582874147E147639EE6024146177543
:10DD7000FE1F130525D79730FE1FE780800615A0EC
:10DD80004147E1476390E60241461775FE1F1305C0
:10DD900065D6D5B71147E1476396E6001C4223A23A
:10DDA000F1A08147B2403E85410182800547E147AD
:10DDB000E39AE6FE034706009777FE1F83C7C7CFA7
:10DDC0009776FE1F238AE6CE95C7814761FF1777B6
:10DDD000FE1F1307A7D0184389463D8B6305D70064
:10DDE0009546E311D7FC1775FE1F0345B5D1EFD05B
:10DDF000AE8D45BF81475DD71777FE1F130707CE4E
:10DE000018436306A7003D8B7517E36DE5F885455C
:10DE10001775FE1F034515CFEF801EE359B7930713
:10DE2000C01C63E8D72063060620B24041016FD0D2
:10DE30008EA79307C01C63EED71E630C061EB2406C
:10DE400041016FD06EB60547E147E39DE6F4034715
:10DE50000600A946E3E8E6F49777FE1F238FE7C4A0
:10DE600089B70547E147E39FE6F2034706008D4681
:10DE7000E3EAE6F29777FE1F2384E7C61DB719474A
:10DE8000E147E391E6F219461775FE1F130545C3F6
:10DE9000DDB50547E147E397E6F0034706009D46F9
:10DEA000E3E2E6F09777FE1FA388E7C0DDBD0547F4
:10DEB000E147E399E6EE034706008D46E3E4E6EE2C
:10DEC0009777FE1F238AE7C4E9BD0547E147E39B37
:10DED000E6EC834706001777FE1F2302F7BED1B595
:10DEE0000947E147E390E6EC035606000567130790
:10DEF000A7C79306A6FFC206C182E365D7EA977754
:10DF0000FE1F239BC7BC71BD0947E147E39CE6E8C0
:10DF10000356060005671307A7C79306A6FFC206A8
:10DF2000C182E361D7E89777FE1F239CC7BA95BDEE
:10DF3000834506001776FE1F0346E6B89777FE1F57
:10DF4000A38EB7B60145EF60BF9DA1BD0346060095
:10DF50009775FE1F83C595B69777FE1F2385C7B6B5
:10DF6000D5B79307C01C63E6D70C61C6B240410128
:10DF70006FD0AEB30547E147E396E6E2834706007C
:10DF80001777FE1F034787B3058B9776FE1F2387FE
:10DF9000F6B293F6170011C7E39506E0EFD04E8D69
:10DFA00009B5E38006E01777FE1F130727B3184370
:10DFB0008945398BE31E07E493E707F81777FE1FBF
:10DFC000230EF7AEF9BB0547E147E39DE6DC834747
:10DFD00006001777FE1F0347D7B49776FE1FA3826C
:10DFE000F6B411C7E39F07DAEFD02E8B5DBBE38A4F
:10DFF00007DA1777FE1F130767AE18431377070F6B
:10E0000019C3914531B593E707F81777FE1FA30AA7
:10E01000F7B041BB9307000463EFE70089458947E8
:10E02000E392B6D8B240835506003A8541016FB0FD
:10E03000CEA7E14785BB8947B5B39307000463E9E1
:10E04000A700894589476396B60083550600C5B782
:10E0500089473E8582806F60FF8C411106C6EF8044
:10E06000A00F1715FFFF13050505EF900EC5EF0074
:10E070007FEE17B5FEFF13056530EF900EC4EFB0CD
:10E080008EA917E5FEFF13052544EF900EC3EFE0C0
:10E09000CEC01745FFFF1305059BEF900EC2EF3072
:10E0A0003FB017F5FFFF13052518EF900EC1EFE005
:10E0B0008FF41705FFFF13050554EF900EC0EF0016
:10E0C0000FD0B24041016FF0FF999777FE1F938701
:10E0D000E7A51777FE1F1307E7A49C4318430145E4
:10E0E0006313F700828083D6670081E683D64700FA
:10E0F00036959C43F5B79767FE1F938767748C43EB
:10E100001767FE1F0357077441111386052297777F
:10E11000FE1F23ADC7A0938785FFBA970565977645
:10E12000FE1F23A1F6A006C61D0593563700637493
:10E13000E500930600203307D6001775FE1F232540
:10E14000E59E23A0E522E1162312D6002313060044
:10E150001CC3998FE1172312F70023130700EFF078
:10E16000DFF6B2409767FE1F2393A76841018280C4
:10E170009777FE1F9387879B1777FE1F1307879A52
:10E180009C43144301456393F600828003D76700E4
:10E1900011E703D747006373E5003A859C43E5B771
:10E1A0009777FE1F938787989776FE1F93868697AB
:10E1B0009C4390422A87B305B5406314F6003A8524
:10E1C00029A8938687009C43E369D7FEE377F7FE8F
:10E1D0002E85E3E4D5FEE3F2F5FE828083C70500D9
:10E1E0002300F50083D72500A300F50083D7250081
:10E1F000A1832301F50083C74500A301F500114564
:10E20000828023A601A023A401A0828029C14111FC
:10E2100026C206C622C4AA8401458DC52E84228545
:10E22000414697B500009385E5FC9730FE1FE780D7
:10E2300040BB83C7040005452306F40083C71400D0
:10E24000A306F400B2402244924441018280014579
:10E250008280011122CC26CA06CE0947AA843284C4
:10E260006383E50441468147639BC500638FE600F5
:10E270006397B6001DA841478147638FE600F240CF
:10E280006244D2443E85056182808A852285EFF012
:10E29000FFF741468A8521A88A85EFF03FF741467E
:10E2A0008A85228531A0E398B6FC2E86A285268534
:10E2B0009730FE1FE78020C0AA87D1B723A6A1A070
:10E2C0008280011122CC0354650006CE26CA4AC8BA
:10E2D0004EC641C083298500AE842A8803C909003F
:10E2E000814713178901618763550702B1470545C7
:10E2F00063FA870451144204035528004180338790
:10E300008900A2864E868545EF30AFDEB337A00088
:10E3100085077D1413556900420405891379F903B3
:10E3200041802380F400A380A40023812401239250
:10E330008400014719C01387190098C409476383F3
:10E34000E7000145F2406244D2444249B2490561C6
:10E3500082800545C5BFC167F917630AF502D94731
:10E3600063F7B702011122CC2EC606CE2A84EF0035
:10E370005FABB2456368B50022856244F240056137
:10E380006F20AFC9F24062440545056182800545B2
:10E390008280C167F9176314F5006F009FA84111CF
:10E3A00006C6EF204FB611E15D45B24041018280C3
:10E3B00039714ED656D25AD006DE22DC26DA4AD839
:10E3C00052D4AA8A2E8BB28949EF36C6EFF07FFC71
:10E3D0009145EF009FB5AA844D492DC9B246054A23
:10E3E000238034010544630A0B00B68513851400AD
:10E3F000029B0505131405014180E20993D9894167
:10E4000063D30902C1455685EF202FBE654905E952
:10E4100033868400A2852685EF30CF9E2A8905E1C8
:10E4200031044204418091472C085685231CF10099
:10E4300026CE231D8100EF10FFC32A8901C963077F
:10E440000A0026859730FE1FE780805CF2506254F8
:10E450004A85D2544259B259225A925A025B2161DA
:10E460008280BA84014AADBF011122CC26CA4AC8B3
:10E470004EC606CE2A893284B689EFF07FF3AA848D
:10E4800005E19387C1A09C4381CF05476317E40052
:10E4900003C4090005041374F40FA2854A8582970A
:10E4A000F240624426854249D244B24905618280E5
:10E4B000AE860147054697050000938565D26FF04B
:10E4C000BFFA83D705002300F50083D70500A18399
:10E4D000A300F5000945828083C725000547230076
:10E4E000F50003D505006397E7000A050505420519
:10E4F00041818280C9473305F502CDBF03D50500B0
:10E500000A0542054181828083D725002300F5005A
:10E5100003D5050083D725003305F502050542051F
:10E520004181828003D50500828003D50500828069
:10E5300003D50500828083D725002300F50003D58D
:10E54000050083D725003305F50205054205418105
:10E55000828083D705002300F50083D70500A183BF
:10E56000A300F50083D725002301F50083D72500FC
:10E57000A183A301F50003D54500110542054181A2
:10E58000828083D705002300F50083D70500A1838F
:10E59000A300F50003D525000905420541818280CD
:10E5A00089471145639BF6008347160083460600A2
:10E5B0000145A207D58F2310F700828003D70500FD
:10E5C000D947AE8663FAE70001470D46970500007C
:10E5D000938565EF6FF05FE909458280114563938C
:10E5E000A60283471600834606000145A207D58F81
:10E5F0002310F7008347360083462600A207D58FF5
:10E600002311F700828083C725000547FD1793F784
:10E61000F70F6361F70483D705008DCF011122CC7A
:10E620002A84C84106CE15C12EC68945EFF05FB7D2
:10E630002A8722856244B246F240154697050000BB
:10E640009385C5E905616FF03FE2F24062440945F8
:10E6500005618280094582809547114563F9D70697
:10E66000411122C426C24AC006C683471600BA8496
:10E6700003470600A2073284D98F2390F400834712
:10E6800036000347260093054400A207D98F239143
:10E69000F40089472382F400094613855400368923
:10E6A0009720FE1FE780E0739307A9FF2394F400EF
:10E6B0009947631BF90023A60400B2402244924408
:10E6C00002490145410182801904C0C4FDB782801E
:10E6D00083D705008DCF011122CC2A84C84106CEF4
:10E6E00015C12EC68545EFF0BFAB2A87228562444F
:10E6F000B246F2401D4697050000938565E005612E
:10E700006FF09FD6F2406244094505618280094559
:10E71000828099476395F6048947411106C6230212
:10E72000F7008347160083460600B285A207D58FFF
:10E730002310F70083473600834626000346470030
:10E74000A207D58F130557002311F70091059720D5
:10E75000FE1FE7800069B240014541018280D14738
:10E7600011456394F600C1474DBF828083D70500F1
:10E770008DCF011122CC2A84C84106CE15C12EC6E8
:10E780008945EFF0FFA12A8722856244B246F24014
:10E79000254697050000938565D705616FF0DFCCAE
:10E7A000F2406244094505618280094582808947BB
:10E7B0001145639BF600834716008346060001451A
:10E7C000A207D58F2310F7008280011122CC2A8462
:10E7D000C84106CEAE86014719C52EC68545EFF065
:10E7E0003F9CB2462A8722856244F2402D46970517
:10E7F0000000938565D305616FF01FC711456393D2
:10E80000A60283471600834606000145A207D58F5E
:10E810002310F7008347360083462600A207D58FD2
:10E820002311F7008280011122CC2A84C84106CE30
:10E83000AE8611C52EC68545EFF09F96B2462A8753
:10E8400022856244F240354697050000938525CE27
:10E8500005616FF07FC193F71600114589EB894779
:10E860006387F60085822312D70010C3014582809A
:10E87000011122CC2A84C84106CE15C12EC6854579
:10E88000EFF01F922A8722856244B246F2403D464D
:10E8900097050000938505CA05616FF0FFBCF24043
:10E8A000624409450561828083D705008DCF01113F
:10E8B00022CC2A84C84106CE15C12EC68945EFF068
:10E8C0003F8E2A8722856244B246F240454697052C
:10E8D0000000938585C605616FF01FB9F240624460
:10E8E00009450561828009458280854763FCD7021E
:10E8F0002304A700A304B70083471600834506003E
:10E90000A207CD8F2310F7009387E6FF2311F700AE
:10E9100089476386F600090650C301458280232299
:10E920000700E5BF11458280014781464D4681457C
:10E930006FF09FB38D47114563FBD70283471600E5
:10E9400083450600A207CD8F2310F70083473600CA
:10E9500083452600A207CD8F2311F7009387C6FFBA
:10E960002312F7006386A600110610C701458280B6
:10E9700023240700E5BF011122CC2A84884506CE56
:10E98000AE8611C52EC69545EFF09F81B2462A8707
:10E9900022856244F2405D46970500009385A5BB41
:10E9A00005616FF07FAC854711456397F60083479B
:10E9B000060001452300F700828001478146654635
:10E9C00081456FF07FAA011122CC2A84C84106CE6E
:10E9D000AE86014719C52EC68D45EFF06FFCB246D5
:10E9E0002A8722856244F2406D4697050000938590
:10E9F00085B905616FF0DF9B011122CC2A84C841E3
:10EA000006CEAE86014719C52EC68D45EFF04FF9EB
:10EA1000B2462A8722856244F24075469705000077
:10EA2000938565B605616FF0BF98814717A8000010
:10EA30001308487D1306F00F3307F80083460700DC
:10EA40001397060141836364E5006393C6008280E7
:10EA500083D605006365D7002390E5008280850793
:10EA600093F7F70FD1BF41119397050122C406C652
:10EA700026C2C1872E8463D50702EF701EDBAA84ED
:10EA800009CD83470500054793C707086364F7006E
:10EA9000EF50F0572685EF703ECD2165218D29A8D6
:10EAA00093F7150099CF9767FE1F9387A708FC5728
:10EAB00091C3829713451400B2402244924441010D
:10EAC000828093F7250099CB9767FE1F938787066F
:10EAD000BC5B91C3829713452400F9BF93F785006F
:10EAE00081CF9767FE1F9387E704FC5FBC5B91C3F0
:10EAF000829713458400C9B793F7450081CF976784
:10EB0000FE1F93872703FC5FFC5791C38297134531
:10EB100044005DB793F7050291CF9767FE1F938777
:10EB2000670183A7070983A7070991C38297134544
:10EB3000040259B793F7050191CF9767FE1F93879A
:10EB400067FF83A7070983A7C70891C38297134567
:10EB500004019DB7939725010145E3DF07F497660C
:10EB6000FE1F83C696FD1766FE1F034606FD9765CA
:10EB7000FE1F83C575FC1765FE1F0345E5FBEFA06F
:10EB8000BFF1096521BF411113068012814522C4DE
:10EB90002A841765FE1F1305E5F906C69767FE1F51
:10EBA00023A007F09767FE1F23AC070A9720FE1FDC
:10EBB000E780402A0145EF3000150145EF30E01CA9
:10EBC0003707D70731079766FE1F23AFE6F637C72B
:10EBD0000C0C130707149766FE1F23A9E6F637C728
:10EBE000D707130707149766FE1F23A3E6F671776E
:10EBF000130707149766FE1F239EE6F49767FE1F10
:10EC0000A38587BE9767FE1F9387C7F27D4681461F
:10EC100003A7070D23A2D70E23A0C70E83A7470D76
:10EC2000B7762D049386F61F558F93E7E70997660D
:10EC3000FE1F23A9E6FC9766FE1F23A9E6FC976644
:10EC4000FE1F23A3F6FC1767FE1F2323F7FC97671D
:10EC5000FE1F83C7C7BF1767FE1FA30BF7F8176711
:10EC6000FE1FA30BF7F8F977FD171767FE1F231692
:10EC7000F7FC1767FE1F2313F7FCFD471767FE1FFE
:10EC8000230FF7FA9767FE1FA38207EE9307303032
:10EC90001767FE1F231DF7EC1767FE1F231AF7ECFB
:10ECA000EF807EA89767FE1FA387A7E89307C01C85
:10ECB0001767FE1F231DF7EE9767FE1F83D787B8E0
:10ECC000A9831767FE1FA309F7EE9767FE1F9387B7
:10ECD00027B783D707011307B00F6374F7009307B3
:10ECE000B00F1396070141821767FE1F2319F7E63D
:10ECF0001767FE1F2317F7E69306E6001397360003
:10ED0000420741839765FE1F239CE5E49765FE1F3C
:10ED1000239AE5E4ED456373B600ED471766FE1FE1
:10ED2000231BF6E213068014BA876374C7009307A7
:10ED300080141767FE1F2311F7E21767FE1F231FBA
:10ED4000F7E085471767FE1FA305F7E2B707030043
:10ED50009387C71C1767FE1F232EF7E09767FE1FD8
:10ED600023AC07E0B7170706938707441767FE1F12
:10ED70002326F7E0B70716008E06938707901767DC
:10ED8000FE1F231CD7DC1767FE1F232FF7DCEF8045
:10ED90001FD8EF407069EF808F802244B24041015C
:10EDA0006F606000411106C622C426C21767FE1FAD
:10EDB000034727DC9767FE1F83C7B7DB6369F7004C
:10EDC00001442285B2402244924441018280AA84B7
:10EDD000930510201305800B9730FE1FE78020B4A9
:10EDE0002A8479DD1306800B81459720FE1FE7807A
:10EDF000600681E4C1572304F4009767FE1F9387E0
:10EE000067D3B84F2DEF1767FE1F232F87D61767DD
:10EE1000FE1F232D87D61767FE1F232B87D623209F
:10EE2000040005479766FE1F2385E6D40547A30423
:10EE3000E400130700F9A305E4001767FE1F13079A
:10EE4000E7BD145358531765FE1F0345A5A074C4AE
:10EE500038C87D57230BE40083C7A704A30EE4063C
:10EE60002304A4062306F40AEF80EFB18347640667
:10EE7000A30AA40093E737002303F40699B7F84FD9
:10EE800000C31767FE1F232587D02320040003C774
:10EE9000E703050741BF011152C4176AFE1F130A99
:10EEA0006ABA83270A0006CE22CC26CA4EC656C2AC
:10EEB000130780074AC82A84F8D30945EF808FE5F5
:10EEC0009769FE1F938949B583A70900976AFE1FBA
:10EED000938A8ABC37063300D8579305300205451C
:10EEE000719B13671700D8D798431377F7CF98C350
:10EEF00098431377F7CF1367072098C303A70A0037
:10EF00001447D18E03260A0014C7B7060300938660
:10EF1000862534CA5457F59A54D70347E4079376A5
:10EF2000F7079843137707F8558F98C3EF801E842F
:10EF300064449D472308F400230FA4062380F400B3
:10EF40008547A38104002381F4007C4893F70720C0
:10EF50009DCB9147A381F4008347E40A8346D40AFA
:10EF600078449A07D58F2302F70083C7240081468F
:10EF700085072381F4000346040B8345D40A034527
:10EF8000E40AEF802FC17C4893F70740B1C303C761
:10EF900034007C4483C6240013678700A381E40007
:10EFA0000357A408B697A381E70083C724007844D9
:10EFB0008346F4073E978357A4089206A183BD8B2E
:10EFC000D58F2302F70083C7240089072381F4002B
:10EFD00003C62400035744089307D00F918F976608
:10EFE000FE1F938626B563D1E724834504080547B1
:10EFF000930780426385E500856793878784794717
:10F000009387371AB3C7E70283C6860793E60601DC
:10F010009765FE1F238CD5B883260A00C1658CC670
:10F020003387E7020607B8D283C6340093E60601A9
:10F03000A381D40078448346E4073297A301D70024
:10F0400083C62400784436972302F70003C72400C0
:10F050007C44BA97034704081607A382E70083C7D6
:10F0600024008D072381F4008347040693F70704E7
:10F0700085C703C734007C4483C624001367070494
:10F08000A381E40003475401B697A381E70083C737
:10F09000240085072381F4008347C4070547C1176F
:10F0A00093F7F70F6366F70603C9240015469765C3
:10F0B000FE1F938585B8930739000329C4043E9940
:10F0C000A1472300F90093078002A300F90013056C
:10F0D00029009720FE1FE780C0D00347C407C1471F
:10F0E000631DF71483578408A1072311F408C5474B
:10F0F000230EF40683472408A303F900835724084A
:10F10000A1832304F90083C72400A5072381F40009
:10F1100003564408014931C203C7240068448325CB
:10F12000840A930737003E9583C73400C18B638000
:10F13000071279593309E9401379F90F4A86972064
:10F14000FE1FE78000CA8327840ACA973CDC8357E6
:10F150004408B38727412319F40603C72400937793
:10F16000F70385073E991379F90FA308240123813A
:10F17000E4007C44A380270183260A00930770F9EA
:10F18000A305F400DC42F99BDCC29767FE1F93875E
:10F1900027919C43E1C70347A40003A50900370654
:10F1A0000082BA9783C7070058557D16939587014B
:10F1B00093F7F703E185E607718FD98F5CD51307C5
:10F1C000A00383A70A006359B70AF84F3706000760
:10F1D000518FF8CF83A709000327C408814517255D
:10F1E00000001305A52E98C703270409D8C3976705
:10F1F000FE1FA38607829767FE1F238307827C4436
:10F20000BCDEEF80CE9403461401834504086244BB
:10F21000F240D2444249B249224A924A014505612C
:10F220001723FE1F6700035483C7860793F7F70E63
:10F230001767FE1F230CF79605BD035784088357F5
:10F240002408998F0947E347F7EAC94755B597203E
:10F25000FE1FE78000B90349440801B7830584060F
:10F2600003A509003706008293F7F503139797016A
:10F270005C557D16F18F91B713072002635AB700D2
:10F28000F84F370600F97D16718F3706000589B7EC
:10F29000370700F91306F7FFF84F6945718F3706F6
:10F2A0000003E347B5F2370600011DB79756FE1F6E
:10F2B000938646798C42411122C426C206C64AC0B2
:10F2C00093078007FCD19757FE1F9387E7749C43F1
:10F2D0002A8437053300D857719B13671700D8D796
:10F2E00098431377F7CF98C398431377F7CF1367F3
:10F2F000072098C31757FE1F1307077A18431047B4
:10F30000498E10C73706030013068625B0C950572B
:10F31000759A50D70347E4071376F7079843137796
:10F3200007F8518F98C364449D472308F400238055
:10F33000F4008547A38104002381F4007C4893F7FF
:10F34000074085CFA147A381F4007C440357A4085C
:10F350002382E70083C7240078440346F4073E97DE
:10F360008357A4081206A183BD8BD18F2302F70017
:10F3700083C7240089072381F40083C52400035731
:10F3800024079307E00F8D8F63D2E7080346040834
:10F390000547930780426305E60085679387878466
:10F3A00079479387371AB3C7E7021756FE1F0346FC
:10F3B000E67F9442136606011755FE1F2308C57E9B
:10F3C000416690C63387E7020607B8D283C6340089
:10F3D00093E60601A381D40078448346E4072E9780
:10F3E000A301D70083C62400784436972302F70090
:10F3F00003C724007C44BA97034704081607A38276
:10F40000E70083C724008D072381F40003562407F7
:10F4100001491DCE03C7240068442C5C93073700C4
:10F420003E9583C73400C18BADCF79593309E9408C
:10F430001379F90F4A869720FE1FE780809A3C5C7B
:10F44000CA973CDC83572407B38727412319F40666
:10F4500003C7240001459377F70385073E99137985
:10F46000F90FA30824012381E4007C44A380270131
:10F47000930770F9A305F4000346140183450408BB
:10F4800022449757FE1FA38C0758B240924402496A
:10F490009757FE1F2386075841011723FE1F670059
:10F4A000632C9720FE1FE780C0930349240723198C
:10F4B000040679BF411122C406C62A8426C24AC066
:10F4C000EF40C077835784080347C4078507231498
:10F4D000F4088D47631EF70C9147230EF4067C4811
:10F4E0001757FE1F1307076593E787007CC88347FC
:10F4F0009707898BEDDF8347970793F7C70F175758
:10F50000FE1FA305F76A9757FE1F9387A7329C43F8
:10F510008297035764089757FE1F83D7A73733078F
:10F52000F70293070032130707193357F70297576B
:10F53000FE1F9387A735DC43B306E500368663E4F8
:10F54000A60063E4F6003386F640232CC4089756E1
:10F55000FE1F83C65630636AD604158E9306D40701
:10F56000A285170500001305E517EF70EEDB228575
:10F57000EFF07F929754FE1F9384C45BEF705FF1AE
:10F5800083C78407C18BCDC383C7840793F7070262
:10F59000E5DF83C78407228593F7F70C1757FE1F13
:10F5A0002306F760EFF09FD0E1BF958F3E967DB7C1
:10F5B0001759FE1F13090928832709008297AA8477
:10F5C000832709008297E38DA4FE83270900832403
:10F5D0008409829763E0A4063385A4409757FE1FF1
:10F5E00083C777279754FE1F83D4C42A63E3A700F9
:10F5F00029E983576408130700321756FE1F1306C4
:10F60000E628B3879702504293870719B3D7E702DA
:10F61000032784093E97BA866364F7006364C700D2
:10F62000B306C740232CD408B24022449244024976
:10F63000410182809757FE1F93874725DC43BE9484
:10F6400061BF9757FE1F83C7775693E71700175779
:10F65000FE1FA30DF75437470F0013070724B335D8
:10F66000E5029757FE1F9387E73D03A90700B707F9
:10F67000080026862324F90081463305E502EF7051
:10F68000201106052326A9061757FE1F1307874AD0
:10F6900083479707898BEDDF834797071756FE1F30
:10F6A0001306C61E504293F7C70F1757FE1FA30F2E
:10F6B000F74E8357640813070032B3879702938786
:10F6C0000719B3D7E702032784093E97BA86636414
:10F6D000F7006364C700B306C740232CD40841BDBC
:10F6E0008347C507B1CB411122C406C626C249478C
:10F6F0002A84639CE702035725088357850863160D
:10F70000F7029304050A15469755FE1F9385E552A7
:10F7100026859710FE1FE780C06C2685EF40207875
:10F720009147A300A408230EF40622852244B24088
:10F73000924441016FF01FD882808347E501411157
:10F7400022C406C69907A308F5007C451147230883
:10F75000E5002380E7007C45034715012A84A38048
:10F76000E70083475503858B91E7034745038947A6
:10F770006319F70078448347070093E707042300E1
:10F78000F700684493056403194609059710FE1FA6
:10F79000E780206568440356E4014C542105971026
:10F7A000FE1FE7800064930730F9A305F400B24020
:10F7B00022444101828041114AC01759FE1F13099A
:10F7C00069378327490B06C622C426C299E305453B
:10F7D00005AAAA84EF70DFCB8327490B8297EF40FD
:10F7E000201D2A846DD5DC50AC482324F50803C7BE
:10F7F000B4009307A009631BF71085472300F51495
:10F8000083C734062303F514A303F51483C7F50057
:10F8100003C705010148A2074207BA9703C7E500DD
:10F820001546F905BA9703C735FF13058413620718
:10F83000BA97232CF40883C755FF03C765FFA207B7
:10F840004207BA9703C745FFBA97232EF40883C728
:10F8500075FFA30BF40283C795FF03C785FFA207BB
:10F86000D98F231CF40283C7B5FF03C7A5FFA207E6
:10F87000D98F231DF40283C7D5FF03C7C5FFA20795
:10F88000D98F231EF40283C7F5FF03C7E5FF232E9C
:10F890000413A207D98F231FF4028147232CF412EB
:10F8A0009710FE1FE780E053B84883473702FD8B6F
:10F8B000A30AF40203473702ED1793F7F70F1583F6
:10F8C0002308E4022D476368F7028357A403056702
:10F8D0009306A7C7E917C207C18363EEF6008356F4
:10F8E000C4039307301F63E8D7008357E40313076B
:10F8F00007C8637EF70203558400EF40E029014505
:10F90000B240224492440249410182808327890DFA
:10F9100013971701E35C07EEFC4403C7070083C796
:10F920000500F98F9583858B2300F514C5B58327D2
:10F93000890B228582978327090E03558400294667
:10F9400093F7072091E3054693050008EF50C005A3
:10F950008327890D13971701635907000355840006
:10F96000514693050008EF50200483274905FC4BBE
:10F9700013974700E35D07E403C58400A38B0400ED
:10F98000494693050008EF50200291B5411122C469
:10F9900006C626C24AC09757FE1F83C7B7192A84D6
:10F9A0008DEB0347040185476316F70E8347D403A5
:10F9B00003475404858B631DF70C194693056404B3
:10F9C0001305E4039710FE1FE780E04EB334A00058
:10F9D00091A883475504CDC78347B5041307000496
:10F9E00093F7070C639EE708085921C513096404BF
:10F9F000CA851305A502EF50400D8547AA84631AF6
:10FA0000F502085889472302F40483473500194654
:10FA1000CA8593E72700A302F40451059710FE1F3F
:10FA2000E780203CB24022442685024992444101AD
:10FA300082800347040185476304F7048347040673
:10FA4000918B9DEF8347C40385EF130544049730E2
:10FA5000FE1FE78020A608D805C589472302F404C5
:10FA60008347350019469305640493E72700A302F2
:10FA7000F40451059710FE1FE780A03685445DB75A
:10FA80008347C403898B91DF1C5883C7170091FB00
:10FA9000814449BF83470406918B89FB8347D40087
:10FAA00013F717000DC3834634010D47639DE6002D
:10FAB00068402C442244B240924402494101172339
:10FAC000FE1F6700A389898BD5DB03473401954767
:10FAD000E316F7FAF1BF41119757FE1F2388070C71
:10FAE00022C4930710F906C6A305F5009757FE1F19
:10FAF0009387C71680430DC085451755FE1F0345E4
:10FB0000D5CEEF706EEE930710273305F5022283F2
:10FB10002244B24041010283B2402244410182802A
:10FB20008347A50199C70347A5006314F7006FF049
:10FB30009FFA0347950111CF8346A5006382E60231
:10FB40002305E50089451755FE1F034515CA6F704B
:10FB5000AE8FF1DF0347A50079FB2305F500DDB784
:10FB6000F9D7E5BF2C49314783C7150093F7F70351
:10FB70002309F5006386E700930700083E8582802D
:10FB800083C705000D47BD8BA309F500E396E7FE8B
:10FB900041114AC01309650322C419462A84A105EC
:10FBA0004A8506C626C29710FE1FE780C0309147DF
:10FBB0000DC52C4813056404194683C70500890543
:10FBC0009987858BA302F4049710FE1FE7806021BC
:10FBD0002285EFF0BFDB09E9A147B24022449244FD
:10FBE00002493E85410182801305000483044401DB
:10FBF000EF902E9762056185E3C0A4FE64449D47A3
:10FC00002308F4002380F40085472381F400A381B6
:10FC1000F400CA851946138544009710FE1FE7803B
:10FC2000401C83C7240003C734000149990793F798
:10FC3000F70F136787002381F400A381E400784461
:10FC4000BA970357C406A381E70083C7240078440A
:10FC5000834614063E978357C4069206A183BD8B44
:10FC6000D58F2302F70003C7240009071377F70F86
:10FC70002381E4008356E401D5CE834704067959F5
:10FC800093F7070491C375593309E9401379F90FC4
:10FC90006372D90A03463406751985461379F90F3C
:10FCA000930780426305D600856793878784F9466A
:10FCB0009387371AB3C7D7021756FE1F034606EFBE
:10FCC000136606019755FE1F2382C5EE1756FE1FC9
:10FCD000130646D71042C1650CC6B386D702860606
:10FCE00034D283C6340093E60601A381D400744461
:10FCF000034624063697A301C70083C62400784430
:10FD000036972302F70003C724007C44BA970347C1
:10FD100034061607A382E70083C724008D072381DA
:10FD2000F4005C54CA973CDC8357E401B387274155
:10FD30002319F4068347040693F7070485C703C70E
:10FD400034007C4483C6240013670704A381E400C5
:10FD500003475401B697A381E70083C724008507B2
:10FD60002381F40003C524000356E4014C54930797
:10FD7000350068443E952DCE636CC9069710FE1F72
:10FD8000E78020060349E40103C724009377F703C3
:10FD900085073E99A30824012381E4008347540387
:10FDA000858B91E70347440389476319F70078443B
:10FDB0008347070093E707042300F7007C4483454B
:10FDC0001401A380B70003453406930790F9A305F7
:10FDD000F400EF70EFC803461401834534060D4567
:10FDE0009720FE1FE7800098EF708FEA8147F5B3F8
:10FDF0004A869710FE1FE780C0FE79B72C4913078B
:10FE0000200283C7150093F7F7032309F500639CCD
:10FE1000E714411122C406C626C283C70500154750
:10FE20002A84BD8BA309F500639CE7021946A1054E
:10FE3000130565039710FE1FE780E0079147630EE7
:10FE400005102C4819461305640483C7050089056D
:10FE50009987858BA302F4049710FE1FE78060F852
:10FE60002285EFF0BFB2A1476DC99754FE1F93845E
:10FE7000E4A19C4082979307E5013E87D44063E468
:10FE8000A70063E4D7003387D7406444A147230821
:10FE9000F40058D02380F40085472381F400A38127
:10FEA000F400194693056403138544009710FE1F60
:10FEB000E78020F383C7240099072381F40083C7D8
:10FEC000340093E72700A381F4008347540481CBD7
:10FED00078448347070093E707F82300F7001946A3
:10FEE000930564041385A4009710FE1FE78060EF5C
:10FEF00083C72400990793F7F70F13F7F703050754
:10FF0000A308E4002381F40083475403858B91E721
:10FF10000347440389476319F70078448347070080
:10FF200093E707042300F7007C4483451401A38072
:10FF3000B700034534069307A0F9A305F400EF705A
:10FF40002FB203461401834534060D459720FE1F4A
:10FF5000E7804081EF70CFD38147B2402244924482
:10FF60003E8541018280930700083E8582804111D1
:10FF70004AC01759FE1F1309E9AC8327090022C4A0
:10FF80001307800706C626C2F8D32A840945EF70F6
:10FF90006FD89757FE1F938727A89C439755FE1F3E
:10FFA000938585AFD857719B13671700D8D7032661
:10FFB000090058421367170058C21757FE1F13074E
:10FFC00027AE1843630A07188346A400370500824A
:10FFD0007D15369703470700D45713188701137709
:10FFE000F703135888416607E98E558FD8D79306D3
:10FFF000A003984163DE0617744F37050007C98ECA
:020000022000DC
:1000000074CF98431377F7CF98C398431377F7CFFC
:100010001367072098C39841B70533001447CD8E66
:1000200014C7B70603009386862534CA5457F59A39
:1000300054D7034724069376F7079843137707F8B6
:10004000558F98C337C7898E130767ED98C7375701
:100050005500644413075755D8C39D472308F4003F
:100060002380F40085472381F400A147A381F40095
:100070007C440357C4062382E70083C724007844E6
:10008000834614063E978357C4069206A183BD8B10
:10009000D58F2302F70003C524009307E00F09055D
:1000A0001375F50F2381A40003562407898F63CFAE
:1000B000C7047C442C5C0D053E959710FE1FE7801D
:1000C00040D203C72400834724079376F7038507AC
:1000D000B697A308F4002381E40083475403858B7B
:1000E00091E70347440389476319F700784483473E
:1000F000070093E707042300F7007C44034714013B
:10010000A380E700930780F9A305F4008327090083
:100110007844B8DF9747FE1F83C7077881EB814596
:10012000171500001305853AEF706EA203461401FF
:100130008345340622449757FE1FA382078EB240A0
:10014000924402499757FE1F238C078C01454101B9
:100150001713FE1F6700036103088406370500823A
:100160007D151377F80393169701D857698FB5BD9E
:100170009306200263DA0601744F370500F97D15F6
:10018000E98E37050005A5BDB70600F91385F6FF12
:10019000744FE948E98E37050003E3C208E73705E5
:1001A0000001B1BD397152D4175AFE1F130A8A8952
:1001B00003260A0022DC26DA06DE4AD84ED693074A
:1001C00080077CD29757FE1F938707859C43B7050E
:1001D00033002A84D857719B13671700D8D79843E8
:1001E0001377F7CF98C398431377F7CF1367072098
:1001F00098C31757FE1F1307278A18431447CD8E3D
:1002000014C7B70603009386862534CA5457F59A57
:1002100054D7034725069376F7079843137707F8D3
:10022000558F98C364459D472308F5008546238074
:10023000F400A38104002381D4008347F5050D4712
:100240006385E7001947639BE74C8547A381F4006A
:10025000194693056403138544009710FE1FE78039
:1002600040B883C7240099072381F4000347F405AD
:1002700099476316F70483C734001385A40093E7F6
:100280002700A381F40083475403898B6382071EF0
:100290000C5883C72501638D071C1946D10597109B
:1002A000FE1FE78000B478448347070093E707F810
:1002B0002300F70083C7240099072381F40083C734
:1002C000340003C7240093E78700A381F4007C4433
:1002D000BA970357C406A381E70083C72400784474
:1002E000834614063E978357C4069206A183BD8BAE
:1002F000D58F2302F70083C72400890793F7F70FF0
:100300002381F4008356C40163860618034704065C
:1003100079591377070411C3755978483309F9409F
:100320001379F90F118B01C739191379F90F814925
:10033000637FD90883463406751905471379F90F89
:10034000930980426385E6008569938989847947AA
:100350009389391AB3C9E9029756FE1F83C60685E9
:1003600093E606011756FE1F2302D68483260A0051
:10037000416690C63387E9020607B8D203C7340046
:1003800013670701A381E400784483462406BA97E3
:10039000A381D70003C724007C44BA972382370186
:1003A00003C724007C44BA97034734061607A38288
:1003B000E70083C724008D072381F4001C54CA97EB
:1003C0003CDC8357C401B38727412319F4067C48DA
:1003D000914613F7C700630BD700B1466318D720C7
:1003E000834614060347F4076392E620A18BCDCB26
:1003F0009747FE1F938707449C438329840982976C
:100400001747FE1F1307874863E9A908B7470F007E
:100410003385A94093870724B335F5020356870037
:1004200081463305F502EF60A036AA89B7074B0075
:10043000138749ED9387B7C763EAE71A49468145B1
:1004400068009710FE1FE780E0A0B7C703009387FE
:1004500037FC63CD370DBD09F947B3C9F902B2477F
:100460007977F98FCE0993D93901B3E93701FDA026
:100470008347D40381CB78448347070093E707F889
:100480002300F70019469305E4039710FE1FE78049
:1004900040950DB5814901491DBF5C43BE99BDB76B
:1004A00083C7340083463406C18B9DC3F947054793
:1004B000B389F902835724076399E6009387870776
:1004C0008587BE999389492995B793870707D5BF33
:1004D00083C724000357C40105463E979307070FBF
:1004E0006395C6009307870F85871747FE1F03474D
:1004F000F76B136717001746FE1FA309E66A032769
:100500000A00370608009389875210C7938757540B
:100510007946B3C7C702B387C70286077CD783472C
:1005200014062300D408A30FF40609B7B7872500E3
:10053000138737ED634637031307C01293896909A0
:10054000B3C9E902B24789661387F6FFD58F33F73F
:10055000E900F979B3F93701B3E9E9004EC619A802
:1005600063C837178357C1006977F98F1167D98F2F
:100570002316F1008357640868446C001397070141
:100580008357C100D98F3EC68327040A0327C408B6
:100590003EC88327440A13168700618393F6F70148
:1005A0009747FE1F83C737599D8B9607D58FD18FED
:1005B0003ECA832704094946A2075D8F83578408F2
:1005C0003ACC231EF10083C724008D073E95971077
:1005D000FE1FE780008183C7340093E70702A381F1
:1005E000F40083C72400C9072381F400834704066D
:1005F00093F7070485C703C734007C4483C62400EF
:1006000013670704A381E40003475401B697A3814D
:10061000E70083C7240085072381F4000356C40143
:1006200061EA014983C624008347E40513F7F60312
:1006300005073A999A07D58FA30824012381F4006E
:1006400083475403858B91E7034744038947631924
:10065000F70078448347070093E707042300F70077
:100660007C4403471401A380E700930760F9A305C6
:10067000F400784483270A00B8DF9747FE1F83C73A
:10068000A72181EB814517150000130525E4EF60D4
:100690001ECC03270A009747FE1FA38207389747FF
:1006A000FE1F238F07365C43014593E717005CC3A9
:1006B00003461401834534069710FE1FE780800A25
:1006C000F2506254D2544259B259225A2161828066
:1006D000B787DAFF93876709BE998347D10093F7FD
:1006E000F7F993E70706A306F1009307C012B5B325
:1006F00003C524000C549307350068443E95636994
:10070000C9009700FE1FE780C06D0349C40119BFEF
:100710004A869700FE1FE780C06C29B71387E7FF62
:100720001377D70F6310071CA381D40093056503CB
:100730001946138544009700FE1FE780806A83C72F
:10074000240003C734009749FE1F9389A93E9907E7
:1007500093F7F70F136787002381F400A381E40068
:1007600078440149BA970357C406A381E70083C7B9
:1007700024007844834614063E978357C4069206A5
:10078000A183BD8BD58F2302F70083C62400914738
:10079000890693F6F60F2381D4000347F405631C02
:1007A000F70A83470406795993F7070491C37559EB
:1007B0008357C4013309D9401379F90F637DF908D0
:1007C00003463406751905471379F90F93078042DC
:1007D0006305E60085679387878479479387371A8F
:1007E000B3C7E70203C68907136606019745FE1FD4
:1007F000238EC53A03260A00C1650CC63387E7027B
:10080000060738D203C7340013670701A381E40049
:10081000784403462406BA96A381C60083C6240002
:10082000784436972302F70003C724007C44BA9724
:10083000034734061607A382E70083C724008D0709
:100840002381F4001C54CA973CDC8357C401B3874E
:1008500027412319F4068347040693F7070485C745
:1008600083C7340003C7240093E70704A381F4007F
:100870007C44BA9703475401A381E70083C724004F
:1008800085072381F4000347F4059147631AF704B1
:100890000356C40131C603C524000C549307350028
:1008A00068443E956368C9029700FE1FE780605365
:1008B0000349C4010347F4059147631CF72483C728
:1008C000890793F7070F93E757001747FE1F230F7A
:1008D000F72C89BB4A869700FE1FE7808050D9BF5E
:1008E0000149C9BF93F7B70F0547E39CE7D2A3813E
:1008F000F400930565031946138544009700FE1F15
:10090000E780204E83C7240099072381F40083C722
:10091000340093E72700A381F4008347D40381CBFD
:1009200078448347070093E707F82300F7008347DD
:1009300054031385A400898B6383071A0C5883C75B
:100940002501638E07181946D1059700FE1FE78021
:10095000404978448347070093E707F82300F700EE
:1009600083C7240003C734009749FE1F9389891C5D
:10097000990793F7F70F136787002381F400A3818A
:10098000E40078440149BA970357C406A381E700FD
:1009900083C724007844834614063E978357C406D1
:1009A0009206A183BD8BD58F2302F70083C6240056
:1009B0008547890693F6F60F2381D4000347F40593
:1009C000631CF70A83470406795993F7070491C318
:1009D00075598357C4013309D9401379F90F637DE1
:1009E000F90803463406751905471379F90F93077B
:1009F00080426305E60085679387878479479387FC
:100A0000371AB3C7E70203C689071366060197457D
:100A1000FE1F238DC51803260A00C1650CC6338747
:100A2000E702060738D203C7340013670701A38122
:100A3000E400784403462406BA96A381C60083C620
:100A40002400784436972302F70003C724007C442F
:100A5000BA97034734061607A382E70083C724002A
:100A60008D072381F4001C54CA973CDC8357C401D2
:100A7000B38727412319F4068347040693F7070435
:100A800085C783C7340003C7240093E70704A38105
:100A9000F4007C44BA9703475401A381E70083C75D
:100AA000240085072381F4000347F405854763107C
:100AB000F7060356C40121CE03C524000C54930746
:100AC000350068443E95636EC9029700FE1FE780BB
:100AD00040310349C4010347F4058547F9BB834707
:100AE000D40381CB78448347070093E707F82300BA
:100AF000F70019469305E4039700FE1FE780602E78
:100B000085B54A869700FE1FE780A02DE9B7014909
:100B1000D9B783C7890793F7070F93E7670075B3C2
:100B200001115AC0174BFE1F130BCB0083274B0A32
:100B300006CE22CC26CA4AC84EC652C456C26393B9
:100B4000075A2A840945EF60FF9C1749FE1F1309C5
:100B500069EF03260900930780079749FE1F9389D1
:100B6000A9EB7CD283A70900174AFE1F130ACAF219
:100B7000B7053300D857DA8A719B13671700D8D7A7
:100B800098431377F7CF98C398431377F7CF13673A
:100B9000072098C303270A001447CD8E14C7B70651
:100BA00003009386862534CA5457F59A54D7834652
:100BB000A40013F6F607944393F606F8D18E94C377
:100BC0005C4393F7F7EF5CC30100010003270A00C1
:100BD0005C4393E707105CC38347E4007844BD8B14
:100BE0002308F4002300F7001D476444639BE73E9D
:100BF0008547A38104002381F4000347F4058D4653
:100C00006313D7288357C401639407187C4811479E
:100C1000B18B638FE71631476398E70003471406EB
:100C20008347F4076306F7168547A381F400194646
:100C300093056403138544009700FE1FE780601A44
:100C400083C72400990793F7F70F2381F400034724
:100C500004061377070415C303C73400136707049A
:100C6000A381E4007844BA9703475401A381E700C5
:100C700083C7240085072381F4009747FE1F23873D
:100C800007F283C624008347E40513F7F60305073C
:100C90009A07D58FA308E4002381F400930740F955
:100CA000A305F40083475403858B91E7034744036E
:100CB00089476319F70078448347070093E70704DF
:100CC0002300F7007C4403471401A380E700832638
:100CD0000900DC4293E71700DCC29747FE1F9387A9
:100CE00027DC9C436388073A0347A40003A5090057
:100CF00037060082BA9783C7070058557D1693952B
:100D0000870193F7F703E185E607718FD98F5CD5EB
:100D10001307A00383270A00635CB738F84F370630
:100D20000007518FF8CF03A70900B7C7898E9387B3
:100D300067ED1CC7B7575500938757555CC3894764
:100D40001747FE1FA30FF7CC9747FE1FA38907CCB9
:100D50009747FE1F238607CC7C4483444406814585
:100D60001705000013058576BCDEEF604EDE0346F6
:100D700014016244F2404249B249224A924A024B6B
:100D8000A685D244014505611713FE1F6700839DA8
:100D9000A147A381F4008357C4062382F40083573C
:100DA000C406034714067444A1831207BD8BD98F70
:100DB000A382F60003C62400054709061376F60F42
:100DC0002381C40083C78A0783260900631AF708B2
:100DD000034784019307E6008E07231AF4069387DE
:100DE000C708B387E702F94509451748FE1F230FD7
:100DF000A8DA416588C6938707FBC207C18393873A
:100E00007716B3C7B70213970701B387B7024183B9
:100E10008607BCD283C7340093E70701A381F4009F
:100E20007C443E968347240693E70704A301F6001B
:100E300083C624007C44B6972382E70083C624003F
:100E40007C4421837D8BB697834634069606558F66
:100E5000A382E70083C724008D072381F40015B522
:100E6000B852F94705833357F702BC52EC528583D9
:100E7000FD8BAE97FCD28D479746FE1F2388F6D296
:100E80004207418341BF19466318C70A0357C4018B
:100E900045E7A381F400138544009305640397009C
:100EA000FE1FE78000F483C724001385A400990780
:100EB0002381F40083C7340093E72700A381F40063
:100EC00083475403898BB9C70C5883C72501B9C31D
:100ED0001946D1059700FE1FE780A0F078448347AC
:100EE000070093E707F82300F70083C7240099075A
:100EF00093F7F70F2381F4000347040613770704E1
:100F0000E30D07D683C63400784493E60604A38134
:100F1000D40091BB8347D40381CB78448347070037
:100F200093E707F82300F70019469305E4039700B9
:100F3000FE1FE78000EB55BFA147A381F400835754
:100F4000C4062382F4008357C40603471406704482
:100F5000A1831207BD8BD98FA302F60003C624001C
:100F6000054709061376F60F2381C40083478B07D4
:100F7000832509006315F704034784019307F600EE
:100F80008E07231AF4069387C708B387E702F9464A
:100F900009451748FE1F230BA8C0416588C59387E4
:100FA00007FBC207C18393877716B3C7D70213978E
:100FB0000701B387D70241838607BCD1A1BDB851D1
:100FC000F94705833357F702BC51E8518583FD8B00
:100FD000AA97FCD19747FE1F238AD7BC42074183BB
:100FE00015BD0547639CE708B147A308F400834794
:100FF0005403898BADC30C5883C72501A9CF19466B
:10100000D105138584009700FE1FE78080DD7844BA
:101010008347070093E707F82300F7006844194661
:101020009305640309059700FE1FE78080DB83A713
:101030008A0D13971701635D07008347E400B98B9E
:1010400081EB78448347070093E707022300F7000A
:10105000930720F9B1B18347D40399C783C704002C
:1010600093E707F82380F400684419469305E403E6
:1010700021059700FE1FE780C0D64DB70356C40177
:101080000C54138584009307660093F7F703A308B5
:10109000F400C5B78305840603A50900370600825E
:1010A00093F7F503139797015C557D16F18FB9B946
:1010B00013072002635AB700F84F370600F97D1670
:1010C000718F37060005B1B9370700F91306F7FF2E
:1010D000F84F6945718F37060003E344B5C43706FE
:1010E000000181B1F2406244D2444249B249224AED
:1010F000924A024B0561828041119747FE1F9387F8
:1011000067A322C4A05306C605478346C400639064
:10111000E60283C7870711476315F7002285EFE0D2
:101120009F9B22852244B24041016FF07F9FB240D5
:101130002244410182809747FE1F9387A79FBC4F9F
:1011400099E33E85828003C78700E30CA7FE9C439A
:10115000C5BF011106CE22CC26CA4AC84EC6EFF042
:101160009FFD11E90149F24062444A85D244424957
:10117000B24905618280834755032A8489EF194665
:101180009745FE1F938585A9130564039700FE1FED
:10119000E78020C5B5A80547639EE7009747FE1F77
:1011A00083C767994949E1D319469745FE1F93853F
:1011B00045A7D9BF1C59A1EB8347C503230A0502E4
:1011C00091EB034754038547230AF4028947E31749
:1011D000F7FC75B71305C5039710FE1FE78040287D
:1011E00008D815C1EF3030150C5883C7A50081CF42
:1011F0008947230AF4021946B105130564039700D1
:10120000FE1FE78000BE034744038947E31BF7FA4C
:101210009747FE1F83C717929DCB8347C40385CB97
:1012200083473404130700041305C40393F7070C22
:101230006394E70E9710FE1FE780C02708D81C585C
:1012400099C783C7270181C78947230EF402034941
:10125000C400E31909F085478349E4002306F4003C
:10126000A304F4009747FE1F2386078C9737FE1FC1
:1012700083C7775E93940701231BF40613F7F900E5
:101280009947C18063F6E7040357C4011735FE1F71
:101290000345657937460F0093173700AA97130562
:1012A000A00F3357A7029387970E1735FE1F0355DC
:1012B000655E13060624814691042607BA97B3A5F6
:1012C000A7023305F502EF50A04CAA94231B940605
:1012D0008357E40623180406A9C70345640193074E
:1012E000F00F6307F500EF501EE8FD57230BF400E5
:1012F0000356E406930664011206A2851715000042
:1013000013052597EF50DECA85451735FE1F0345A7
:10131000D54DEF507E9381BD9710FE1FE78040149E
:1013200031BF8547E392F9FE034564019307F00F4F
:101330006307F500EF503EE3FD57230BF40005660D
:1013400093066401130606804DBF411122C42A840E
:10135000094506C6EF600F9CEF608F932285230638
:101360000400A3050400A3040400EFE0CFF68545C4
:101370001735FE1F03457547EF509ED78945173532
:10138000FE1F03459546EF50BED603456401930703
:10139000F00F6307F500EF501EDDFD57230BF4003F
:1013A000B2402244410182802C49411106C622C428
:1013B00026C24AC083C715007D4793F7F703230968
:1013C000F500E91793F7F70F637BF7009304000824
:1013D000B24022442685024992444101828083C75B
:1013E0000500BD8BA309F500F51793F7D70FF9FF9B
:1013F0002A841946A105130565039700FE1FE7809F
:1014000080AB914471D52C4885472302F40483C7EF
:101410000500194689059987858BA302F4041305F5
:1014200064049700FE1FE780C09B2285EFE00FD683
:1014300085472A89E31CF5F8034734019547631F64
:10144000F702EF00B0689737FE1F83C72743637723
:10145000F50283470401E36BF9F69737FE1F938784
:10146000673D9C438144829748D02285EFE0AFB42A
:10147000E31025F72285EFF05FED99BF8347040164
:1014800081C71947E394E7F413050004830444017A
:10149000EF703E8D62056185E3CAA4F22285EFE01C
:1014A000CFA983451401034544068144EF505FDB17
:1014B00003461401834544060D459700FE1FE7804F
:1014C000602AEF50FFFC29B7397126DA9734FE1FE6
:1014D0009384446622DCA0504AD84ED652D456D2C9
:1014E0005AD05ECE62CC66CA06DE314B978A0000C7
:1014F000938ACAD2914B1739FE1F13092952973983
:10150000FE1F938929540D4C930C7009130A440152
:101510008347B4009387E70693F7F70F6366FB18DA
:101520008A07D6979C43D697828701469305500237
:101530000145EF509FDD1306500281450545970098
:10154000FE1FE780202283473900858BD1C32848BE
:101550008146528681459737FE1FA382074C97002C
:10156000FE1FE780001701E52285EFF0FFE3034748
:10157000B40093073009E30DF7F8EF507FF12285AF
:10158000EFE00FDAF2506254D2544259B259225A63
:10159000925A025BF24B624CD24C216182808347AB
:1015A0002900858B95C39737FE1F238A07468347FB
:1015B000040105476375F7001947E390E7FC9307BB
:1015C000B0F9A305F400A9B783A70900FC53A9F358
:1015D0009737FE1F238607444DB783472900858B25
:1015E0006388073C9737FE1F238B0742938401A132
:1015F000EF501FEA9C409DCBDC438DCB89472302F3
:10160000F10083475404130561001946A302F10059
:1016100083474401930564042306F10097F0FD1FFE
:10162000E780207C9C404800DC4382978347740617
:1016300089CF834554040345840013066404EF9066
:10164000FFF183477406898B9DFB2285EFE0AFC8CD
:1016500015BF03453406014693055002EF50FFCAFB
:10166000834534061306500205459700FE1FE780A8
:10167000600F83473900858B638107342848814692
:10168000528681459737FE1FA38B07389700FE1FB0
:10169000E780200401E52285EFE04FF60347B40020
:1016A0009307A009E306F7E6EF509FDE79BF0345F5
:1016B0003406014693055002EF503FC5834534067A
:1016C0001306500205459700FE1FE780A0098347D7
:1016D0003900858B6383072E2848814652868145D1
:1016E0009737FE1FA38D07329700FE1FE78060FE2D
:1016F00001E52285EFE00FC70347B4009307900987
:1017000055B783472900858B6384072A9737FE1FC7
:1017100023870730EF50DFD783C784070947630764
:10172000F70083C784070D476315F70283A60900F6
:1017300003574407BC521307C712858363FBE700B6
:10174000930750F9A305F400BC528583E39207DCAC
:10175000EDBD034794018347A4011DCF8346A40038
:101760006305D7286387F6002305E4002285EFF0A0
:101770002FBB8347790093F7F70FE39B07D883C705
:10178000840709476307F70083C784070D47E31EF3
:10179000F7EA930750F935B5E9DF0347A40071FB79
:1017A0002305F400E1B783C78407E39EFBFE22858F
:1017B000EFE05F9FB1BB83472900858B638A071EDB
:1017C0009737FE1F238D072483C78407C18B85C7E6
:1017D000EF501FCC83C7840793F70702E5DF83C769
:1017E0008407228593F7F70C1737FE1F2300F73C79
:1017F000EFE0EFF731BB83C79407858B91C7EF50BC
:101800003FC99307E0F975BB83C784071547BD8BB4
:10181000639DE700EF00902B9737FE1F83C70706F5
:10182000E374F5E89307D0F969BB83C784071947C8
:10183000BD8BE39BE7E69307C0F961B383472900BB
:10184000858BE38707CC9737FE1F238A071C83C746
:101850008407C18B89CBEF50BFC383C7840793F73D
:101860000702E5DFADBF83C79407858BC9FB83C73C
:1018700084071547BD8BE387E7FA83C784071947B9
:10188000BD8BE38AE7FAEF50BFC0EDB9230E8407A2
:101890002285EFD03FC28347B400E38B97C7DDB109
:1018A00083473900858B85CBEF509FBE9737FE1F4E
:1018B0009387871698433C57ED9B3CD79737FE1F7D
:1018C000238307163717004083578701C607C58350
:1018D000231CF7009DBB83A70900FC53E39A07C2B2
:1018E000EF501FBB9737FE1F9387071398433C5752
:1018F000ED9B3CD79737FE1F238707123717004011
:1019000083578701C607C583231CF7009737FE1F3F
:10191000238807101DBB83472900858BD1CB9737C0
:10192000FE1F238E070E83C78407C18B9DC383C709
:10193000840793F70702E5DF2285EFE04FE383C7D3
:10194000840793F7F70C1737FE1F2301F726EF5094
:101950003FB42285EFE02F98938401A19C409DCB5A
:10196000DC438DCB89472302F100834754041305E0
:1019700061001946A302F100834744019305640402
:101980002306F10097F0FD1FE780A0459C4048002A
:10199000DC43829783477406858BE38507BE8345C6
:1019A00054040345840013066404EF903FBBD9BE82
:1019B00083A70900FC53E39D07B49737FE1F2381DB
:1019C0000706DDB19737FE1F83C76705858BF5D7FF
:1019D0009737FE1F23850704EF509FAB2285EFD07A
:1019E0009FDD2285EFF07F9671BEE38407D84DBB63
:1019F00041119737FE1F9387E71322C4E04B06C6B9
:101A000026C2630A04248346C40005476395E6247E
:101A10009736FE1F83C6F6001547638BE60017371F
:101A2000FE1F1307A7FF034777008D46639DE6005F
:101A30002244B24092441735FE1F034515DB85450D
:101A400041016F506EA083C7070083560402173709
:101A5000FE1F23218714850793F7F70F1737FE1F03
:101A6000230AF70C130700643347D70263C8E70063
:101A7000EF505ED69737FE1F238E070A0347E40018
:101A80009D476317F7048347940685CF8356040761
:101A900063E6F6028345840093073004A30BF40049
:101AA0001305300493F6F60F0146EF90FFAA228546
:101AB0002244B240924441016FF03F8985062318C9
:101AC000D406930530020545EF505ECA2301A406F3
:101AD00085471737FE1F230BF70C034784018D47FB
:101AE0006319F70AEF407EF70D8901ED9307700245
:101AF0002305F40093075002A30CF400930760023F
:101B000031A885476310F508930760022305F400A8
:101B100093075002A30CF40093077002230DF40006
:101B20000347E40085479734FE1F83C414CC631831
:101B3000F70E0356040285452685EF50CEB0834745
:101B40005403898BEDC78347C403F5C30C58E5C123
:101B500083C7A500E9CF8947230AF4021946B105D6
:101B60001305640397F0FD1FE780A0270347C40710
:101B7000894763E2E70C22852244B2409244410146
:101B80006FE01FFA930750022305F40093077002D9
:101B9000A5B789468347F4006319D70213F71700E6
:101BA00011CF130750022305E400898B81CF9307DF
:101BB0006002A30CF400230D04009DB7930760029C
:101BC0002305F40093077002EDB79DC313F71700C8
:101BD00001CB930750022305F400A30C0400E1BFDE
:101BE000898B81C793076002FDB793077002E5B741
:101BF00083479401130740026365F700930750027F
:101C000001A8850793F7F70F13077002E368F7FE43
:101C1000A30CF400834794012305F40069BFB94580
:101C20000545EF50BEB4035604022A9629B78547EE
:101C3000230AF40225BF9737FE1F9387A7BF9C4353
:101C400083248409829763EDA40083576407338556
:101C5000A440E372F5F2B2402244924441018280F2
:101C60009737FE1F938787C2DC43BE94F9BF0111EB
:101C700022CCFD5706CE230BF5008357E5062A84B8
:101C800085C783460507834585009307C003A30BDB
:101C9000F50001461305C003EF901F8C22856244B6
:101CA000F24005616FF06FEA8347E5000547BD8BA1
:101CB0006386E70083470506918BEDD39737FE1FB8
:101CC000938747E783A7070E93F7072085C302C4CE
:101CD00002C202C08148014881470147814605464A
:101CE00081451305C003EF90DF844DBF02C08148DA
:101CF0000148814701478146054681451305C003D8
:101D0000EF901F8161BF9737FE1F23A9A7F4828040
:101D1000411106C69737FE1F83C737AD89EB17D52C
:101D2000FFFF130585D4EF504EF9EFC0DFE597D7DD
:101D3000FFFF938767071737FE1F232FF7E497F7F7
:101D4000FFFF938747411737FE1F2329F7E4B2406F
:101D500097070000938707CA1737FE1F2322F7E46F
:101D600097F7FFFF938787391737FE1F232CF7E27A
:101D70004101828011C98327050A93E707082320C0
:101D8000F50AFD572303F50282809737FE1F23AB28
:101D9000A7EC82809737FE1F9387C7D9BC4B9C570F
:101DA00099E33E85828003D78701E30CA7FE9387E2
:101DB0008705FDB7011122CC06CE2A8403456502B2
:101DC0009307F00F2E866309F5002EC6EF50AEB9CB
:101DD0003246FD572303F4028347A40203578404C9
:101DE0009306640293E707062305F402835704046D
:101DF000A285F240BA972313F40462441705000049
:101E0000130585F705616F50AE9A011122CC06CEFD
:101E10002A84034575029307F00F2E866309F500A7
:101E20002EC6EF504EB43246FD57A303F40293067C
:101E30007402A2856244F240171500001305C5E53F
:101E400005616F50EE96011122CC06CE2A8403451F
:101E500085029307F00F2E866309F5002EC6EF501A
:101E60008EB03246FD572304F40293068402A28505
:101E70006244F240171500001305A5E405616F5098
:101E80002E93B7074801ED079735FE1F83D5A5CCE4
:101E90001736FE1F0356E6CC1737FE1F035787CCB5
:101EA0009736FE1F83D666CB232EF51A2320F51C0A
:101EB000231CB51A231AC51A231BE51A231DD51A8C
:101EC0006D48AE876373B800ED47939507012314FF
:101ED000F51C6D48C181B2876373C800ED472312BA
:101EE000F51C13068014B6876374D600930780141C
:101EF0002315F51C93068014BA8763F4E600930754
:101F000080142313F51C2307B5048280034765144E
:101F100089468357A51C631ED70283568514938771
:101F200087E899C6B3C7E702938757FD214731A0D9
:101F30002147B3C7E702938757FDB3C7E7020357AB
:101F4000851CC207C18363F3E7003E872307E504CE
:101F5000828085466316D7009387C7FB1147F1BF80
:101F6000938707FBE1B78357451B0357051C4111B6
:101F700006C663F3E7003E87931807018357251CC5
:101F80000357651B93D808016373F700BA8713984A
:101F900007018356C51B8357851B1358080163F33C
:101FA000D700BE860357A51B8357E51B1393060175
:101FB000135303016373F700BA8783467514C2078E
:101FC0000947C183639AE6000566130606A942879E
:101FD0006370C802328729A80327051093164701AA
:101FE00063CC06000566130686844287E36406FF19
:101FF0001318070113580801834665140947639EA7
:10200000E6060357A5039306204E3307D70293F63F
:10201000F80F9A061386F63C9386C64F6344060172
:102020009306C812158F63D3E7003E874207056603
:102030004183130606A9BA876373C700B287C20734
:10204000C1830356451C13F7F80F9376F30F6316FD
:10205000E6040356651C631206050356851C631EC1
:10206000D6020356A51C631AF602230E0506EFF0EE
:10207000FFE90945B240410182800327051093160C
:102080004701E3C006FC056613068684BE856373BC
:10209000F600B2859397050165B70546230EC50680
:1020A0002312E51C2313051D2314D51C2315F51C31
:1020B000EFF0DFE501457DBF0357A51B8357E51B07
:1020C000411106C66373F700BA8703466514139778
:1020D000070189464183631BD6068566938606A958
:1020E0006373D700B6871397070141838357A51CF5
:1020F0006387E70085472315E51C230EF506035784
:10210000651B8357251C6373F700BA870346751454
:1021100013970701894641836317D6048566938622
:1021200006A96373D700B6871397070141838357C6
:10213000651C6387E70085472313E51C230EF5061E
:10214000EFF0DFDCB24001454101828085671386F4
:102150008784E37DE6F88326051093870780F58F53
:10216000D1F7328761B7856713868784E371E6FC10
:102170008326051093870780F58FD5FB328745BFEF
:102180000357A50495470356E503B307F7028356A3
:10219000A50393D537406355B600118F93173700C9
:1021A000B3C7D702C207C1832314F50482808327F3
:1021B00045110D469306F00F03C707000D8BA306CC
:1021C000E5006314C70083C62700A30BD50003C72F
:1021D0000700418B2309E50083C71700230BF50097
:1021E00082808347C500CD9B2306F500828083272C
:1021F00045110347C50083C70700935637408987B9
:10220000B58F858B99C7134787002306E5000145E5
:10221000828005458280832745110347C50083C717
:102220000700935627408D87B58F858B99E7134715
:1022300047002306E500014582800545828083270B
:10224000450E85072322F50E91E78327850E850726
:102250002324F50E8327850E93F7070891C785473A
:102260002322F50E2324050E8347A50293F70704C6
:1022700091CF8357050403578504BA972313F504B8
:102280008327450A93F7F7BF2322F50A8280832725
:10229000C50E85072326F50E91E78327050F8507D1
:1022A0002328F50E8327050F93F7070891C7854765
:1022B0002326F50E2328050E8347A50213F70704EE
:1022C00009C793E707022305F50282809737FE1FAF
:1022D0009387478683A787090145054791E3828055
:1022E00083C6B7006393E60005059C43C5BF411153
:1022F00022C491452A84014506C6EF502EC7231BF0
:10230000A4041737FE1F0357E78D854763F1E706DF
:102310000355A41C8357641C37460F00130606247C
:10232000AA97938787571725FE1F0355A556B3A570
:10233000A70281463305F502EF4080458357040428
:102340000357E4058355840505461D8F3307B702FF
:10235000832704091383F5FF130E80023E97972706
:10236000FE1F9387277D83A8870963666600B240B6
:102370002244410182803308C603C687FD563A983D
:1023800081E7231BC404E5B76314F4001C40F5DBAC
:1023900083AEC7086398BE0083A60709B306D8407A
:1023A000B3F6B60263E4A6009C43D9BF090675BF25
:1023B0001737FE1F03570783854763F1E70A41116B
:1023C00022C48357651C2A840355A51C37460F0079
:1023D00013060624AA97938787571725FE1F0355D0
:1023E000654BB3A5A702814606C63305F502EF404B
:1023F000203A034654059727FE1F9387A77383A8A7
:1024000087097D1685461303800263E6C600B24045
:102410002244410182803387660283270409FD55E7
:102420003E97C68781E7231BD404D5B76314F40015
:102430001C40F5DB03AEC7080328C408631A0E016D
:1024400003A80709B305E84063640701B305074122
:1024500063E4A5009C43F9B7850645BF8280172732
:10246000FE1F03572778854763F5E70E411197272D
:10247000FE1F9387276C22C403A4870906C626C2C1
:10248000A28789EB09EC230E0500B2402244924456
:102490004101828003C7D7016DFB9C43DDB7631404
:1024A000A40000406DD08347B400D5E30327C408DF
:1024B0008327C508630DF7080347C5019307000884
:1024C000AA84631DF7048357A403194693050008E3
:1024D000231AF506231BF5068357C403231DF504B1
:1024E0008357E403231EF50403558500EF20C04BFA
:1024F0008547A38EF40083C7C40193F7F707238EA3
:10250000F400130584062244B240924431469305F8
:10251000F00F410117F3FD1F6700C3938357A50315
:10252000194693050008231AF406231BF406835763
:10253000C503231DF4048357E50303558400231EBC
:10254000F404EF2060468947A30EF4005DBF00400D
:1025500015BF230E05008280411126C206C622C483
:102560001727FE1F035707688547AA8463F8E71AF1
:1025700083278510898B6383071A9727FE1F93870C
:10258000675B83A78709BE85ADED03D6841C014434
:102590007D581306260205862D067D55A5EB630E94
:1025A00004108347B4000357A403D5EB8947231CC9
:1025B000E404A30AF40403570406835704042285A1
:1025C000BA97C1071D8B998F231FF4048357C40347
:1025D000231DF4048357E403231EF404EFF03FD1DA
:1025E0008327440A93E717002322F40A8547230A26
:1025F000F4008D47A30EF400B240224492444101FE
:10260000828003C7D5016DFB8C41BDBF98436394A5
:10261000970051D7BA8783A6070903A7040963E285
:10262000E6023387E64083A6C40863F4E600337706
:10263000D7026376A7003A856373C700BE859C43C3
:10264000B1BF158F83A6C70863F4E6003377D702BE
:10265000E37707FF3A88E374C7FE3E84CDB783D79C
:10266000A403B3F7E702C9FB9D46994763F5E6006B
:10267000935717008D070567231AF406130707C839
:102680008A076353F700BA87231BF4068357C403F2
:102690000355840013065002231DF4048357E403FA
:1026A00093050008231EF404C947A30EF400224436
:1026B000B240924441016F20202FADC103D7A40343
:1026C00083D7A503B3F7E702B1EB8387C40163D7D0
:1026D00007049D46994763F5E600935717008D0759
:1026E0000567239AF406130707C88A076353F700A0
:1026F000BA87239BF40683D7C40303D5840013064B
:102700005002239DF40483D7E40393050008239E1D
:10271000F404CD47A38EF400EF200029238E04009B
:10272000E1BD9727FE1F23A107549727FE1F23A370
:10273000074A835765081726FE1F0356A615032769
:102740000509B387C70237460F009306F623130621
:102750000624AA85B697B3D7C7021726FE1F0346DD
:10276000960F3E96636EC7003306C74003A7C508A1
:10277000938695021705FE1F130505986F40CEBA84
:102780009727FE1F93878710DC433E97F1BF97275B
:10279000FE1F9387274D9843011126CA06CE22CCEF
:1027A0004AC84EC6AA8441CB3E891727FE1F03574D
:1027B000674385476311F70803D464089727FE1F12
:1027C00083D7470D032505093304F402B7470F00EB
:1027D0001387F723938707249729FE1F9389090BF3
:1027E0003A943354F402636C85069727FE1F93874F
:1027F00067049C433304854082976366A406098C72
:102800006353040001441725FE1F0345D5040581C9
:1028100003290900637D8504098C37450F001305E2
:102820000524B335A40203D6890081463305A402EA
:10283000EF3010760299930700FB2387F40083C7DB
:10284000940262448545F240D2444249B249B3956C
:10285000F500C205C181014505616F40EEBE83A749
:1028600049003E9559B783A749003E9449BF0145A9
:10287000D1B7411106C6EF10A01319C983278511DE
:10288000014581E7B240410182809C430505D5BFE7
:102890007D55CDBF9727FE1F9387C72983A7470A7A
:1028A000411122C426C206C62A84AE846396A700BC
:1028B0009727FE1F23A207328327041281CB0355DB
:1028C0008400014693050008EF20000E835744045E
:1028D00081CB035584004D4693051008EF20C00CB2
:1028E00003558400154693051008EF20E00BB24015
:1028F000230A94042305040023080400224492447C
:102900000145410182808347A500638307388357CF
:102910000508411122C406C626C285072310F50802
:102920008347F500230C05002A8413F7270005E7E9
:1029300003570504954763E4E700014501A89305A3
:10294000E003EFF03FF5A305A4020945B24022449D
:1029500092444101828013F7070239CF93F7F7FDC4
:10296000A307F5008327050A0347B500A305050261
:1029700093E747002320F50A8547631FF702835733
:10298000A5031306204E03274509B387C7029726E0
:10299000FE1F83C646EC93860605B3D7E7020347BE
:1029A00075033307C702B697C207C1832312F50820
:1029B0008607BA972311F50883471401858BF5CB59
:1029C0008357E40503570404639FE7288357C40330
:1029D0008355C405034584022310F4068347540538
:1029E000231FB4029205A30BF40283576405F91563
:1029F000231CF4028357A405231EF402EF404EAEBD
:102A00008346B40023100408835784031727FE1F4E
:102A1000035747E86398061EB387E702130700329F
:102A20001726FE1F130686E6504293870719B3D771
:102A3000E70203270409D1073E97BA866364F700CB
:102A40006364C700B306C740835784052328D408AE
:102A5000231DF4028347D40181C72285EFF05F95DF
:102A60008357A4031727FE1F0357C7E293060032BC
:102A7000B387E7022311040233D6D702B3F7D70294
:102A80009306204E2326C408B387D702B3C7E702B4
:102A90002310F402835704042312F4028347F40042
:102AA00093E70702A307F40083471401F99BA308E7
:102AB000F40083471401898BB9C70357E412835785
:102AC0000404B306F740139606016343061A631C19
:102AD000F7028147014893048413232CF412232E18
:102AE0000413154693058412268597E0FD1FE780A1
:102AF000402F2685EF10A03A83471401A306A412A5
:102B0000F59BA308F4008347140113F7070135C7A9
:102B10008356C414035704043386E6409315060114
:102B200063C80514639BE604BD9BA308F4008347B8
:102B3000A41499C7898B6387071485472303F4146A
:102B40008347B41499C7898B638107148547A3030E
:102B5000F4142285EFF04FD68347C40799C7832723
:102B6000040A93E707102320F40A8327040AA30525
:102B7000040293E707202320F40A8347140113F784
:102B8000070221C31727FE1F1307C7FA384B130686
:102B90008005834647001857B386C602369783568A
:102BA000C701035704043387E64013160701634A3D
:102BB00006000357C4146316D70093F7F7FDA30864
:102BC000F4008347A40293F70704E38807D603576A
:102BD000640483570404E312F7D603470401930700
:102BE000A0046315F70085472308F40083278410A9
:102BF000C18BE38407D48327440A93E70740232249
:102C0000F40A25BB8346441783558405A18A99CECF
:102C100003560404835664170355A403918EB386A8
:102C2000A602B3C6B602B296231BD41695CBB30741
:102C3000F702130700321726FE1F130626C550425F
:102C400093870719B3D7E702032704093E97BA868B
:102C50006364F7006364C700B306C7402328D40841
:102C6000231DB402F5BB998F13970701E35307E4C3
:102C7000930580022285EFF0FFC1A305A40213058E
:102C80008002E9B12303041465BDA3030414D1B584
:102C90000545828005C541119305200222C406C660
:102CA0002A84EFF03FBFFD57A305A40223080400C8
:102CB000A303F402B24022444101828082800DC904
:102CC000411122C406C68347F5002A849305E00318
:102CD000898B91C3A145EFF0FFBBFD57A305A4026B
:102CE000230804002304F402B240224441018280FC
:102CF00082808327050A797122D406D626D24AD04B
:102D00004ECE52CC56CA2A84638B073613F727005F
:102D100019CBF59B2320F50A035585001946930529
:102D20000008EF1070488327040A13F747004DC7C7
:102D3000ED9B2320F40A8347A40293F7070491CF65
:102D400083278410C18B99C78327440A93E70740E0
:102D50002322F40A2285EFF0AFC20347B40085476F
:102D60000346440183562406631AF76C8357A40371
:102D70001307204EB387E70203274409B3D7E702BE
:102D80001727FE1F034727AD13070705BA97C2078A
:102D9000C1830347B4022312F40886072311F40801
:102DA0009307000819C393070004230EF40019E6E3
:102DB0008347A40293E717002305F40281EA035531
:102DC00084000D4693050008EF10103E2311040601
:102DD000230A0400A30E04008327040A13F78700C4
:102DE0000DC303558400DD9B2320F40A154693058B
:102DF0000008EF10703B8347A40293E747002305C8
:102E0000F4028327040A13F7070139C7BD9B232067
:102E1000F40A8347D40403558400214689C7A306D6
:102E200004041306000393051008EF10F0378347DE
:102E3000C40489CF83278410C18B89CB8355A40414
:102E400022859205C205C181EFE0DFF68347A40227
:102E500093E717002305F4028327040A13F70704F6
:102E600015CB0347F40493F7F7FB2320F40AA1479B
:102E700063FBE7008347B40099E78327440A93E79D
:102E800007012322F40A03558400314693051008F4
:102E9000EF1090318327040A13F7070245CB8346CE
:102EA000B40093F7F7FD2320F40A0327C410832707
:102EB000841099EA1377070801CB0327440A3706E1
:102EC0004000518F2322E40A93F707026383075AD5
:102ED000ADE28357641B0357641C6304F702834607
:102EE000741409476391E6580567130707A9637AC5
:102EF000F7008327440A056713070780D98F232229
:102F0000F40A8357A41B0357A41C6304F7028346E7
:102F100064140947639CE6540567130707A9637A9D
:102F2000F7008327440A056713070780D98F2322F8
:102F3000F40A03558400114693050008EF10D026CB
:102F40008347A40293E717002305F4028327040AAA
:102F500013F7071005C70355840093F7F7EF2320F5
:102F6000F40A230E04061D4693050008EF10D02333
:102F70008347A40293E717002305F4028327040A7A
:102F800013F7070809CF0355840093F7F7F72320B9
:102F9000F40A1306700593051008EF10F02083273C
:102FA000040A13F7072031C393F7F7DF2320F40A4D
:102FB00083476414230F0400A29703856716A301B7
:102FC000A414EF40EFA32301A4142285EFE01FF423
:102FD00003558400314693050008EF10F01C834729
:102FE000A40293E717002305F4028327040A13972A
:102FF00027016357070079777D17F98F2320F40A9B
:103000008327040A13970701635A070483450403BF
:103010001725FE1F034535B2EF40EEEC8357A4039E
:103020001307204E232AA408B387E70261777D1790
:10303000B3D7A7021725FE1F0345E5811305050534
:10304000AA972312F4088347A40293E717002305E5
:10305000F4028327040AF98F2320F40A8327040A41
:10306000858B91CF8347A40283454405228593E74E
:1030700017002305F402EFF0FF81A305A4028307E4
:10308000141685C70307440399463306F74063D9EE
:10309000C63E8327440AB7061000D58F2322F40AC0
:1030A000F557A302F416A300E4168347A41613F7FA
:1030B000270045C3830644030307241663DCE600A8
:1030C0000327440A37061000518F2322E40A1147D0
:1030D000A302E41603073416635CD7000327440AEF
:1030E00037061000518F2322E40A7157A302E41619
:1030F000030704161306F007630CC7020346D41631
:103100000345E416158F62076187B306A640635531
:10311000D73893F607016391063893F7F7F893E7EA
:1031200007012305F4168357041785072319F4169E
:103130008357241799CFFD17C207C1832319F416AB
:1031400089EB035584001306000293050008EF1075
:10315000B0058347A400B9C38327041299CF8347DE
:10316000A40181EF03558400014693050008EF1088
:10317000B00301E58547230DF4008357440499CF3C
:103180008347140381EF035584004D4693051008CF
:10319000EF10900101E58547A308F4028347441727
:1031A00013F7070179C7BD9B230AF4168327440A46
:1031B000898BE1E303470401D547630CF70A834792
:1031C0001401898BDDE78144814901498D4A130A45
:1031D00050021397840161879377370009872297FC
:1031E0000347D7178607B397FA007D8F638BE700F5
:1031F000268605458145EF306019B3E9A90033699A
:10320000B9008504E39744FD032584138325C41383
:10321000337535012AC4B3F5250128002EC6EF0009
:1032200010488347541363EEA700034544037D57BA
:103230008547591562052C0061853AC43EC6EF40AA
:10324000CFBE03278413A2476317F7000327C413D5
:10325000B2476300F70215462C001305841297E06D
:10326000FD1FE78000B88327440A93E72700232245
:10327000F40A83464417A54713F796006316F7042C
:1032800003570404835764176360F704B307F740D8
:1032900013960701634A0602834754171306000A70
:1032A0000507B387C7020356A403DD9A230AD41681
:1032B000B3C7C702BA97231BF4168327440A3707FC
:1032C0008000D98F2322F40A8347A402E1CB918B9B
:1032D00091CF03460401C165938505A02285EFE0E7
:1032E000DFB28347A402ED9B2305F4028347A402C7
:1032F000858B8DC3034574029307F00F6307F500B8
:10330000EF307EE6FD57A303F4028347A402F99B46
:103310002305F4028347A402898B91CF8355E403EC
:10332000034584029205F915EF309E9B8347A40262
:10333000F59B2305F4028347A402A18B85C3835523
:10334000E4030D4622859205F915C205C181EFE01F
:10335000DFAB8347A402DD9B2305F4028347A4026D
:1033600013F7070101CF0345640293F7F7F823052C
:10337000F402EF305EDFFD572303F4028347A4021B
:1033800013F7070201CF8355A4040345640293F7A2
:10339000F7FD2305F4029205EF309E948347C401A4
:1033A00093F7070C89CB0347B40085472285631543
:1033B000F712EFF06F9A83570404A5CB130740066A
:1033C000B3F7E702BDE39727FE1F938767899C4306
:1033D000898BA1C79714FE1F93848446985815CFF4
:1033E0009717FE1F83D70776C2079715FE1F83D551
:1033F0008575DD8D254502979C589715FE1F83D551
:103400004574294582979C58831524032D4582973E
:103410009C5883054403314582979717FE1F2392DA
:1034200007729717FE1F23AF0770B25022549254B1
:103430000259F249624AD24A4561828093070004E8
:10344000230EF40019E68347A40293E7170023052F
:10345000F402E39F0696035584000D469305000889
:10346000EF108054B5B21307801451B413078014C1
:103470007DB48327440A7D771307F77FF98F45BC16
:10348000998FE3D4F6C28327440AB7061000D58F7C
:103490002322F40A8D4731B18346B4168345C416FE
:1034A0003388B600635BE80013F80704631708006D
:1034B00093F7F7F893E70704ADB12A96E34AC7C636
:1034C0008D8EE3C7E6C613F70702E31307C693F72B
:1034D000F7F893E70702B1B1EFE07FF8E9BD01111A
:1034E0009717FE1F9387076522CC03A4070A26CAF5
:1034F0009717FE1F83D7073A8354640803250409EE
:103500004AC8B384F402B7470F001387F7239387A1
:10351000072406CE4EC652C456C21719FE1F130901
:10352000E936BA94B3D4F402636195049719FE1F87
:103530009389493083A70900B3049540829763EAD1
:10354000A402898C63CB040283570404A30F0400F4
:1035500085072310F404834704146395071222851A
:1035600097F0FD1FE780C0BE1DA2832749003E954E
:1035700075BF83274900BE94E9B783A709008297E6
:1035800003278408636AE50A198D8357E403171734
:10359000FE1F035727308E07B387E7021307003259
:1035A00093870719B3D7E70263EDA708374A0F00DF
:1035B000930AFA23130A0A24835704048507231065
:1035C000F4048347041491E7228597F0FD1FE780F8
:1035D00020B82285EFF02FB3631105268326040956
:1035E0008327C40803274900B6973E8563E4D700C4
:1035F00063E4E7003385E7408347F40183546408BC
:103600002328A4088507A30FF4009717FE1F83D76C
:103610006728B384F402D694B3D44403636C95044E
:10362000B304954083A70900829763E9A404338516
:10363000A440E34305F809BF83274900998F3E95CD
:10364000A9B7A1452285EFF0EFA4A305A40297171F
:10365000FE1F9387E71E03A307036300031E624454
:10366000F240D2444249B249224A924A894515451C
:1036700005610283B3049740AA946DB7832749007C
:10368000BE9475B7228597F0FD1FE780C0B62285EE
:10369000EFF06FA76313051A835764081715FE1F11
:1036A0000355451FB7460F00B387A7021386F623BD
:1036B0009386062403270409230B0402032A4900E6
:1036C000B297B3D7D7026363F718B307F7408326DF
:1036D000C4082324F408814AB387E600BE8463E467
:1036E000D70063E44701B38447418357040223288A
:1036F0009408B1CB835604040357440237460F00A5
:103700002312D4023387E640B387E702035724022B
:103710001306062481468145BA97C207C1833385C3
:10372000A7022311F402EF30A00611CD2695B33481
:103730009500AE94AA8763949A0063644501B30729
:1037400045412328F40883A709008297AA8483A708
:1037500009008297E30D95FE83A70900832484085E
:10376000829763EAA40E3385A4406304051083574F
:1037700064089719FE1F83D9E911B7440F00B38776
:1037800037031387F42393840424BA97B3D797029B
:103790001717FE1F0347370CBA9763ECA70CB33516
:1037A0009502035924024E86814633059502EF2087
:1037B000307E330AA9003305390337460F0013065C
:1037C000062481468145EF20B07C05C1B3379502C0
:1037D0004E868146B385B4023385A402BE95EF20A0
:1037E000307B3305A9402311A4023545EF309FD229
:1037F0009717FE1F23A0873E0347B4008547631039
:10380000F706930700FD2307F40081459717FE1F75
:10381000938707468843060AEF307EB3954717170C
:10382000FE1FA300F7209717FE1F9387A7219C4335
:103830003707100098C723A84707F2406244D244D4
:103840004249B249224A924A05618280B306470141
:10385000B387F640ADBD83274900BE9429B79307CF
:1038600010FC2307F40081459717FE1F9387471A22
:1038700055B79717FE1F23AF07348347940285453A
:103880006244F240D2444249B249224A924AB39534
:10389000F500C205C181014505616F30EEBA4111E5
:1038A00022C406C62A8483278411DDEF83270412ED
:1038B000F1EF0325041109C597E0FD1FE7804015CE
:1038C000034574029307F00F6304F500EF30BE89DF
:1038D000034564029307F00F6304F500EF30BE88E0
:1038E000034584029307F00F6304F500EF30BE87B1
:1038F000034594029307F00F6307F500EF30BE868F
:10390000FD57A304F4020355840079249717FE1F82
:1039100083D7472DB1E79717FE1F23A707349717C3
:10392000FE1F9387A7F6DC431717FE1F232AF72AEB
:103930009717FE1F9387C7F09C479DC39717FE1FDD
:10394000938787EA885309CD97E0FD1FE780400CF5
:103950009717FE1F23AA07EA9717FE1F23A807EA57
:10396000B240224441018280C84309C597E0FD1F4F
:10397000E780000A8327841103D7A700136707F0A5
:103980002395E7009C43232CF41031BFC84309C59D
:1039900097E0FD1FE780C0078327041203D7A70025
:1039A000136707F02395E7009C432320F412FDBD25
:1039B0009717FE1F9387071883A7870999E33E850A
:1039C000828003D78700E30CA7FE9C43C5BF9717EF
:1039D000FE1F9387271683A7870AC1669715FE1FC8
:1039E00083C5F5E60147FD1603D6A7006309A600C7
:1039F0006307D6000507C107E3D8E5FE81473E858A
:103A000082809717FE1F9387E71283A7870AC9E36F
:103A10001715FE1F0355E514130515029717FE1F12
:103A200083C7F7E215858507160592073E9542057F
:103A3000411141819305B02006C697E0FD1FE78044
:103A400000EE05C59716FE1F83C676E013871600A5
:103A50009717FE1F23A4A71812072A97814713065A
:103A600040F5930520F563D5F600B2404101828010
:103A700099EB2315B50058C18507C207A3040500BB
:103A8000C1834105CDB72315C50023220500EDB73D
:103A900082804111930530261305001D06C622C4FD
:103AA00026C297E0FD1FE78080E71306001D8145D1
:103AB0002A8497D0FD1FE780E039014515C8971487
:103AC000FE1F9384240783A6840995CA36878547F9
:103AD00003568700630EF60618437DFB2314F4009B
:103AE000A9EB228597E0FD1FE78080F20355840053
:103AF000B24022449244410182803687D1BF85473B
:103B00002314F4001717FE1F2322870C1717FE1F1C
:103B10002320870C1717FE1F2316F70CEFF07FEEFC
:103B200083A7C40923A0070023050400230704007A
:103B300075BF83A7C40980C39717FE1F23AA8708F0
:103B400083D7040B85071717FE1F231DF708C9BF6E
:103B5000138717009317070113160701C183E35E4C
:103B600006F88147A5BF9717FE1F9387A7FC03A5FB
:103B7000870A11CD411106C697E0FD1FE78040E995
:103B8000B2409717FE1F23AB0704410182809717AD
:103B9000FE1F23A507048280411122C41714FE1FB3
:103BA000130444F98326840906C60147B687A5C7CE
:103BB00003D687006317A60615EF98429716FE1FD7
:103BC00023A6E6003E8597E0FD1FE78060E483279B
:103BD000C40923A007009717FE1F83D7A7009DE7FE
:103BE000EFF07FF89717FE1F23A207FEB240224492
:103BF000410182808326C4096397F6009716FE1F51
:103C000023A8E6FCC1B7944314C36DBFFD17171773
:103C1000FE1F2319F7FC9717FE1F83D7A7FCF9F7A0
:103C2000C1B73E879C4361B7714681451715FE1F9A
:103C30001305C5F917D3FD1F6700C3218327C508E6
:103C400003568508797193D60701BD8EC206C182DD
:103C5000358E1357764093575640898B058B5D8F71
:103C600093573640918B5D8F93571640A18B5D8F94
:103C700093171600C18B5D8F9317360093F70702D9
:103C80005D8F931756009355860093F707041E0621
:103C90005D8F1376F60F518F93D7554013D635406D
:103CA000118A898BD18F13D67540D18F13D61540C9
:103CB000218AD18F13961500418AD18F1396350032
:103CC00013760602D18F13965500137606049E05CF
:103CD000D18F93F5F50FCD8FA20745465D8F330742
:103CE000C70222D42A8426D252CC56CA032A040AF6
:103CF000832A440A5AC806D6369742074183935707
:103D00007740135557400989858BC98F1355374024
:103D10001189C98F135517402189C98F13151700B1
:103D20004189C98F1315370013750502C98F131503
:103D3000570093558700137505041E07C98F137725
:103D4000F70FD98F13D5354013D755401189098BFB
:103D5000498F13D57540498F13D515402189498F57
:103D6000139515004189498F139535001375050288
:103D7000498F13955500137505049E05498F93F5DA
:103D8000F50F4D8F2207D98FB387C7024AD04ECE89
:103D90005EC662C4B697C207C18313D7774013D5F6
:103DA00057400989058B498F13D537401189498FB1
:103DB00013D517402189498F139517004189498FE1
:103DC0001395370013750502498F1395570093D546
:103DD0008700137505049E07498F93F7F70FD98F56
:103DE00013D5354013D755401189098B498F13D509
:103DF0007540498F13D515402189498F13951500BA
:103E00004189498F1395350013750502498F139524
:103E10005500137505049E05498F93F5F50F4D8FD9
:103E20002207D98FB387C702130650025285D68561
:103E3000B697BD8E93940601C18033F6C402137BFE
:103E4000F60FEF20E05105891DE983471408014969
:103E50008149B3849702130C5002C1804A8652856F
:103E6000D685EF20E04F0589937BF90F11C5638656
:103E70003403850993F9F90F0509E31189FF230F2D
:103E80006407B250225492540259F249624AD24A0B
:103E9000424BB24B224C456182805E8BCDB783474B
:103EA00015000347250083464500A2074207BA973D
:103EB00003470500FD8A0548BA9703473500930577
:103EC000000201456207BA9701473316E8007D8E6C
:103ED00001C605051375F50F0507E318B7FE814701
:103EE000214633D7F640058B01C705051375F50F3D
:103EF0008507E398C7FE8280011152C656C4032A83
:103F00008513832AC51322CC26CA4AC806CE2A8422
:103F1000A30B0512A306051281441309500226863D
:103F20005285D685EF20C043058911C58347D41239
:103F30008507A306F4128504E39324FFF24062444C
:103F4000D2444249324AA24A056182801717FE1FB5
:103F5000034737AD9547630BF7009717FE1F93870D
:103F6000E7AB83C777000D47631FF7009717FE1F66
:103F700083C757AB63970714930770101717FE1F7B
:103F80002312F7AA828001119717FE1F938787BA21
:103F90000D4526CA4AC806CE03A9070922CC4EC63B
:103FA0009714FE1F938444A7EF30CFD69840B7C72D
:103FB000898E938767ED1CC7B75755009387575570
:103FC0005CC30347A9039307F00F6305F700FD5790
:103FD000230DF9029719FE1F9389C9A603A70900AB
:103FE0008547A30CF9025C430145014693E717009E
:103FF0005CC3930720FB2303F9009D471717FE1F9F
:10400000A301F7A29717FE1F238A07A0930550026A
:104010009717FE1F238607A01714FE1F1304C4A7BB
:10402000EF30AFAE184001455C57F59B5CD7834736
:104030005900944013F7F7079C4293F707F8D98F7C
:104040009CC29717FE1F83C7278591C79717FE1F2E
:104050009387C7C18843EF30EEB09840B70633006E
:104060001C4393F7F7CF1CC31C4393F7F7CF93E799
:1040700007201CC31C409847558F83A6090098C78A
:104080003707030013078715B8CA1717FE1FA309C0
:1040900007981717FE1FA3030798054798C2D84330
:1040A0001377F7EFD8C30100010018405C4393E792
:1040B00007105CC3F2406244D2444249B2490561F0
:1040C00082808280411126C29704FE1F9384C471AE
:1040D00022C42A8403C53400C14506C6EF304E8190
:1040E00003C5340093050002EF308E809717FE1F42
:1040F000A38907922302040023130400B240224440
:1041000092444101828041119717FE1F938787A235
:1041100022C406C61717FE1F0347D79003A407093A
:104120009717FE1F9387878F01CF9716FE1F83C6B1
:10413000668F0D476396E6001717FE1FA304078ED0
:1041400003C77700A1466387E60003C77700994657
:10415000639DE60083C777001717FE1F2304F78CC3
:1041600085471717FE1FA30FF78AEF306FB222851E
:10417000EFF05FF513063002930500080145EF00EC
:10418000B002034504049307F00F6307F500EF2026
:104190009EFDFD572300F404B24022444101828079
:1041A00001458280411106C6EFF09F80B240133571
:1041B00015000605410182806FF0DFFE411106C641
:1041C000EFF00FFF0DC10357C5058356A505035634
:1041D00065078355450703558500EF700FB5014509
:1041E000B240410182800945E5BF011106CE22CCD3
:1041F000EFF00FFC59C10346B50005472A84971715
:10420000FE1F938727936316E604B853094515CF1D
:1042100003460403834657048358E4030358C40346
:104220008357A403835584000345B402130767042E
:1042300032C00546EF70CFAD8347F400A3050402FA
:10424000014593E71700A307F400F24062440561BB
:10425000828003A7070909456DDB8346570783580A
:10426000E4030358C4038357A40383558400034520
:10427000B4021307670702C075BF0945F9B70111FA
:1042800022CC06CE2A84EFF0AFF22DCD8347B502C3
:104290000347A51523138100A302F1008347951559
:1042A000A304E1002304F100A9E38347D515030724
:1042B000F5152306F100830735142305F100631D6E
:1042C000F7008947A305F1004800EF70CFA9014529
:1042D000F2406244056182800307E5156314F7002C
:1042E0008547CDB7A3050100C5B78347051623054C
:1042F000F1008347B515A305F10083475516230642
:10430000F100D9B70945E9B7011122CC06CE2A84BC
:10431000EFF00FEA29CD83070516A3048100218061
:10432000230581001307F007638FE7020347450366
:10433000998FA305F1008347A51613F7070101C75D
:104340002306010039A093F7070281CF8547230692
:10435000F1002800EF700FA10145F24062440561B1
:1043600082808947EDB7FD57A305F100D1BF09450C
:10437000EDB7411106C6EFF0AFE319C98345051447
:1043800003558500EF70CF9D0145B2404101828009
:104390000945E5BF9375F50F01112E8506CE22CC98
:1043A0002EC6EFC05FD90DC12A8483460507B245EA
:1043B000034575010546EF702F9A0145A30B0400D4
:1043C000F2406244056182800945DDBF411106C6A5
:1043D000EF704F98B240014541018280411197072B
:1043E000FE1F9387277522C4E05F06C6094511C8E2
:1043F0000355240CEF70CF959307F00F2311F40CA5
:104400000145B2402244410182809707FE1F9387F5
:104410006772FC5F99CB41111385070C06C6EF70DC
:10442000EF92B240014541018280094582804111ED
:1044300006C622C4EFF0CFD70DC9834675140346D4
:1044400065142A84835585000345B5028506050653
:1044500093F6F60F1376F60FEF700F8F0145A30555
:104460000402B2402244410182800945DDBF397116
:1044700006DE22DC26DA4AD8EFF08FD3630A05166F
:104480008346B50005472A849707FE1F9387876AEE
:104490006391E60CA4530945D9C483C74404194663
:1044A000898BC1CB8C5883C7A500C1C7B10528082B
:1044B00097D0FD1FE780E09283C7540413896404FA
:1044C0001946898BB5CFCA85081097D0FD1FE780A4
:1044D00040918C5819469105281097D0FD1FE78010
:1044E0004090834704038358A40383C654040346BF
:1044F000B400835584000345B4023EC48357E403EB
:104500001308010238103EC28357C4033EC03C0862
:10451000EF702F828347F400A3050402014593E75F
:104520001700A307F400F2506254D254425921619B
:1045300082808145280897D0FD1FE780A091ADBFFC
:104540008145081097D0FD1FE780C0901946CA85A5
:1045500061B783A407090945F9D483C744061946FE
:10456000898BB5C393856406280897D0FD1FE78023
:10457000408783C74407138964071946898BB9CBE1
:10458000CA85081097D0FD1FE780A08583A5440841
:1045900019462810910597D0FD1FE780808483A7D6
:1045A000440883C7370093E72700A38AF40683589B
:1045B000A40383C654070346B4008355840003450F
:1045C000B40202C425BF8145280897D0FD1FE780AB
:1045D000608845B70810814597D0FD1FE780808728
:1045E0001946CA85281097C0FD1FE780807FC1B794
:1045F000094515BF411106C6EFF08FBB0DC103572A
:10460000651C8356451C0356A51C8355851C035504
:104610008500EF60DFF10145B2404101828009452C
:10462000E5BF411106C622C4EFF08FB80DC92A8438
:104630000357C5058356A5050356650783554507EA
:1046400003558500EF603FEE83471401014593E772
:104650004700A308F400B24022444101828009458A
:10466000DDBF411106C6EFF0AFB40DC18347851918
:10467000034675199305F51803558500A2075D8E4D
:10468000EF603FEA0145B240410182800945E5BF44
:10469000411106C622C4EFF0AFB10DC12A84130642
:1046A0000510835585000345B502EF605FE70145BE
:1046B000A3050402B2402244410182800945DDBFC6
:1046C000411106C622C4EFF0AFAE05CD0347B502D7
:1046D00085472A846314F700A30505020345B40245
:1046E0000357C4058356A4050356840583558400E7
:1046F000EF60BFE20145A3050402B240224441013C
:1047000082800945DDBF01111375F50F06CEEFC09C
:104710009FA239C99707FE1F9387C74183A7070E3A
:1047200093F707209DC302C402C202C0814801481A
:10473000814701478146054681451305C003EF6067
:104740005FDF0145F240056182808346D503130790
:10475000E50302C0814801488147054681451305AC
:10476000C003EF60FFDAF1BF0945E9BF9707FE1FFD
:104770009387473C03A70709094529CB83A7070E61
:10478000011106CE93F707208DC302C402C202C0F6
:104790008148014881470147814601468145EF60D4
:1047A0005FD9F240014505618280835807020358B2
:1047B000A7018357070583465707014602C0130721
:1047C000670781450945EF60BFD4E1BF828001459D
:1047D00082800145828001458280014582800145B9
:1047E00082800145828001458280014582800145A9
:1047F0008280014582800145828001458280014599
:10480000828001458280014582800145828041117C
:1048100006C622C403470500930700086315F70284
:104820000347150093065002854763E4E606975751
:1048300000009387E7A10A073E971C430355250014
:1048400082978147B9A09306100885476313D70460
:1048500003471500CD466308D70E63E3E602A14681
:10486000630DD708B146630DD70A95466313D70287
:1048700003552500EFF0CF932A8415E9894711A845
:1048800093060003630FD70E63EAE600E946630F61
:10489000D70CB24022443E854101828093077005C7
:1048A000630FF70E930717F0B337F000DDB78327D8
:1048B000851195C7035645040506420641829C436F
:1048C00013071600420741839DE72312C40401CA5F
:1048D000835584000545EF609FC2231204040345FD
:1048E000B4020346440583558400EF601FC022854F
:1048F000EFE0FFFAB9B73A86D9B703552500EFF0D4
:104900002F8B2A8425DD0346C50483558500034586
:10491000B5023336C000EF609FBDA305040215B792
:1049200003552500EFF0CF882A8429D903572505A0
:10493000835605050346F504835585000345B502F6
:10494000EF603FBBD9BF03552500EFF06F862A8487
:1049500015D50356450401CA835585000545EF600A
:104960001FBA23120404A3080402E1BD0355250065
:10497000EFF00F84E30405F00345B502EF607FB864
:10498000C9B503552500EFF0AF822A84E30805EE90
:10499000835585000345B502EF60FFB6BDBF0355E3
:1049A0002500EF609FB671BD011122CC37E400E015
:1049B00026CA04404AC806CEB70720002EC632C415
:1049C0002A89FD8C2320F4180F1000001145EF10E8
:1049D000DEDE1DC5B2452246231125012300B500A8
:1049E000A300C500232094106244F240D2444249FF
:1049F000AA851705FE1F034555DF05616F105EEBA5
:104A000023209410F2406244D2444249114505618A
:104A1000828041114AC037E900E026C283240900A0
:104A200006C622C4B7072000FD8C2320F9180F10FA
:104A30000000EFE0FFF711E9232099100945B2408B
:104A40002244924402494101828083270512230DAA
:104A500005002A84A5C70347F500058B19EF035508
:104A60008400014693050008EFF01FF439C9B7E749
:104A700000E023A097100145D9B7D44303C6C7006F
:104A800083C58700035585008906EF603FA805E5CB
:104A90008327041203D7A700A3840700136707F036
:104AA0002395E7009C432320F4128357240481C7F5
:104AB000FD172311F40483270412D5F323110404F2
:104AC0007DB78547230DF4005DB7797122D406D6F2
:104AD00083C735002E8423160100A307F10083C786
:104AE0004500100802C02307F10083C755008A85DE
:104AF00002C2A306F10002C402C802CA02CC02CE5E
:104B0000EF200FAB0347F101834704000145631019
:104B1000F7020347E1018347140001456319F700D9
:104B20000345D101834724001D8D13351500B25074
:104B30002254456182809707FE1F9387A7FF83A7B2
:104B4000870C91E382806384A700DC5FDDBF4111A5
:104B500022C406C68347A5002A8491C79305C500D1
:104B60006905EF1040638347240191CB930544010D
:104B70001305A4022244B24041016F10C061B2404B
:104B8000224441018280AA862E86AA85170500004C
:104B90001305C5006F20CEC19707FE1F938787F9C5
:104BA00003A7870C411126C206C622C4BE8411E7A2
:104BB000B24022449244410182806304A700585FBE
:104BC000FDB78347A5002A8491C79305C5006905F1
:104BD000EF10605C8347240199C7930544011305D6
:104BE000A402EF10405B22852244CC58B24092448C
:104BF00041016FF05FF901114AC81709FE1F13093F
:104C000069F322CC0324890C26CA4EC652C456C26C
:104C100006CEAA84014A93094500854A631D040E05
:104C2000930520251305000497D0FD1FE78020CFB2
:104C30002A841D4561C883C7340019469385440002
:104C400013054400A301F40097C0FD1FE78060191D
:104C5000938AA40141468145568597C0FD1FE78090
:104C6000E02D79ED9309A401D68541464E8597C084
:104C7000FD1FE780202985472305F4008347340082
:104C80009305C4004E8593E72700A305F400EF10B9
:104C900080509384A40241468145268597C0FD1F1C
:104CA000E780C0294DE19307A402A6853E854146D1
:104CB000BE8497C0FD1FE780E02485472309F400E8
:104CC0008347340093054401268593E72700A30911
:104CD000F400EF10404CA300040083254903228513
:104CE000EFF07FEA63140A069707FE1F23A887F0F8
:104CF000232E04028347490C014585071707FE1F31
:104D0000230CF7EEF2406244D2444249B249224AAF
:104D1000924A056182800347340083C734006305EB
:104D2000F700228A405CDDBD4146CE851305440074
:104D300097C0FD1FE7802018E31555FF4945D9B7F7
:104D400023050400B9B72309040071B7232E8A0292
:104D500045B741119707FE1F9387C7DD22C403A4FF
:104D6000870C26C206C64AC0FD5419ECB240224444
:104D70009707FE1F23A407E89707FE1F238E07E669
:104D8000924402494101828003450400EF20AEBDF8
:104D90000329C40323009400228597D0FD1FE780D8
:104DA00020C74A84D9B79707FE1F9387A7D82382C5
:104DB000070C23A4070C6F10C047411126C206C67A
:104DC00022C4EFE01FCDAA843DC5EFE07FBE2A8458
:104DD00063060512930710112315F500930700FBD6
:104DE0002307F50085472308F5009707FE1F83D7A3
:104DF00027A6A5073E85C207C18313074010637429
:104E0000F7001305401013170501418393070004B1
:104E10006374F700130500044205930530254181B2
:104E200097D0FD1FE780A0AF2328A41019E90355F0
:104E30008400EFE07FD6B2402244268592444101AF
:104E400082809707FE1F938767BDDC53228523135B
:104E50000414232AF4109707FE1F9387A7CD03A6F7
:104E6000870D83A6C70D03D7A70383C7A704232CE9
:104E7000C40E232ED40EA307F414FD572310F404FC
:104E80002313F4022314F4028347E4022324C410FE
:104E90002326D41093E707FC2307F4028567938742
:104EA00087BB2315F4042312E414EFD08FB3170546
:104EB000FE1F0345259A2301A414EF20CFACD14750
:104EC000A306F41693078002A305F4169307006F58
:104ED000231FF4149307F0072300F416F577938744
:104EE000A7EB2311F416A301A4142303A416A30310
:104EF000A4169707FE1F239307C435BF854425BF1B
:104F0000411122C42A84834504031705FE1F03456B
:104F100095C2A307A40206C626C2EF20CEFC835783
:104F2000A4031708FE1F0358E896930600323307C0
:104F3000F8029704FE1F83C40492232AA408335660
:104F4000D7023377D7029306204E2326C40837466C
:104F50000F0013060624B387D702B3D7A70233077F
:104F6000D702BE94835784039384C417C204850771
:104F7000C1802312940833470703B387D702231055
:104F8000E4028146858FB3B5070333850703EF102D
:104F90003000832784089706FE1F9386268FD4420D
:104FA000AA9733B5A7002E9501E53E8763E4D700A5
:104FB0003387D740834774032328E4081307204E20
:104FC000B387E70286042285BE9423119408EFC0BC
:104FD0005FEB2285EFD0CF9A8355E40322859205BB
:104FE000F915C205C181EFC01FE62285EFE0DFF0B1
:104FF0009707FE1F23A287BE9707FE1F938747C60A
:105000009C43898B85C39704FE1F938464839C58BB
:1050100091CB83258409354582979C588325C40903
:105020003945829722852244B24092449707FE1F59
:10503000239907B09707FE1F23A607B041016FD041
:105040004FEE0357050889468357450863F3E6008A
:105050000947B397E7002313F5086F20AEF7011156
:1050600022CC26CA4AC806CE4EC652C48347650320
:10507000034735012A848507230BF5021709FE1F14
:105080001309499C8347C5009704FE1F9384C49865
:10509000631A075A13070004A309E5000347150123
:1050A000BD9B93E737002306F50093178701A30DF7
:1050B0000500E18763D907001377F707A308E50028
:1050C000EF10FF9739A88327850A93F62700BDC6FE
:1050D000F59B2324F50A83270510918BA9CFEFF0C8
:1050E000BEB90347B40185476310F70683278411CF
:1050F0000347C400DC432380E70083278411034770
:105100005401DC43A380E7000327841183270900AF
:105110005843B8DF9C40B70680009843558F98C32A
:10512000D857719BD8D7F2406244D2444249B24921
:10513000224A05618280EFF0DEB165B793F6170071
:105140008DC6F99B2324F50A832704110347C40065
:105150002380E7008327041103475401A380E7005D
:1051600083270900032704116DB783490501054A08
:105170006398491DF9C713F7070119C7BD9B23247D
:10518000F50AEFF03EF6B1BF13F7070201CB93F734
:10519000F7FD2324F50AEF00AF89A1B713F7070441
:1051A00001CB93F7F7FB2324F50AEFF07EB215BF8E
:1051B00013F7070809CB93F7F7F72324F50A22859D
:1051C000EF100F8139BF13F7072009CB93F7F7DFF3
:1051D0002324F50A2285EFF0DEC221B713F707403A
:1051E00001CB93F7F7BF2324F50AEF00EFA0D5BD5D
:1051F00013974701635C07007D771307F77FF98FEB
:105200002324F50A2285EFF03ED0E1BD1397370144
:10521000635A07007D777D17F98F2324F50AEFF095
:105220009ED1C1B513972701635A070079777D177F
:10523000F98F2324F50AEFF0DEDE65B52324050A95
:1052400021B78327450A638E071A93F6070481CA9C
:1052500093F7F7FB2322F50AEFF05E9759B593F623
:10526000071081CA93F7F7EF2322F50AEFF09EECBF
:105270008DBD93F6072099CA4D8B631F070E93F7D8
:10528000F7DF2322F50AEFF0FEEFA1BD93F607400A
:1052900081CA93F7F7BF2322F50AEFF09EA091B5DC
:1052A0009396470163DB06007D771307F77FF98F3D
:1052B0002322F50AEFF07EA32DB59396370163DC28
:1052C00006004D8B55EB7D777D17F98F2322F50A6C
:1052D000EFF09EAA39B513971701635A070071774B
:1052E0007D17F98F2322F50AEFF0DEBADDBB1397A5
:1052F000E700635A070001777D17F98F2322F50A2B
:10530000EFF0DEBDF9BB1397B700635B070037070B
:10531000F0FF7D17F98F2322F50AEFF01ECAD1B3F3
:1053200013978700635B0700370780FF7D17F98FAE
:105330002322F50AEFF0DEF96DB32322050A29B521
:10534000638C09029306600463EF36071307500469
:1053500063F9E9141307A002638AE91C6367370342
:10536000930710026380F91A63EA3701ED476387F8
:10537000F914F547638AF914228599B3930750020B
:10538000638FF91C93077002F5B7130760036389F5
:10539000E914636B37019307E0026384F91E9307F6
:1053A0001003E380F9DEC9BF13070004638CE9082A
:1053B000930710046387F90A93078003E39EF9FAC1
:1053C000EF10EFE719AA9307A0056387F91E63E1C1
:1053D0003705930750056385F90263EB370193079F
:1053E000B0046388F91C93071005E38AF9DC69B7F8
:1053F00093076005E380F9DE93078005E39EF9F6E5
:10540000228597C0FD1FE7802071E30C05CCADB766
:105410009307B00663ED37019307A00663FBF920FD
:1054200093076006E39AF9F4EFF01EFD99A0930745
:105430006007E389F9DC93076008E39FF9F2EFF076
:105440005EBE05A813974701E35807F27D7713075F
:10545000F77FF98F2324F50AEFF01EAB2308340100
:1054600049B18347B5028DC705476398E700EFF060
:105470003EDC85472308F400ADB183270510918BEE
:10548000D5C3BD472306F4022285EFF0EEFED5B763
:10549000EF10EFDA8327040A93E727002320F40AAA
:1054A000C9BFEF10CFD98327040A23084401231171
:1054B000040693E747002320F40A25B1EFF02EE518
:1054C000D947230AF40431B92285EF104FD7832737
:1054D000040A93E717002320F40A2308040011B1FB
:1054E00097C0FD1FE7804063E30D05BE8547A30617
:1054F000F4042285EFF06EEB8347C404F99B230686
:10550000F404C5B683278510858B81C7EFF01EB8DC
:10551000C9BEE947A305F50283270510918B99C3FE
:105520008D478DB72285EFF0CEF2A1B7EFF04EE1B7
:105530008347D40491CB41469305C40A1305C40C98
:1055400097C0FD1FE780E0898347C4042326040E2B
:105550002328040E93E717002306F40459B6832783
:105560000510918B81CF8D472306F502EFF0CEF029
:1055700083471401DD9BA308F400E5BDEFF06EED59
:10558000C5BF8347C5042322050E2324050E93E7D8
:1055900027002306F504EFF0CEDC83471401A305B2
:1055A0000402DD9BA308F4008327040A93E70701A4
:1055B000F5B5EFF0EEF175BD8347A51499CB8346A1
:1055C0006514331ADA006306FA0013670701A308AB
:1055D000E5000347B41411CF834674148547B3978D
:1055E000D7006388E7008347140193E70701A30806
:1055F000F4008347E40199CF83471401C18B99EBF1
:105600008327040A93E707202320F40A2285EF105A
:105610000FC385B583071416F5DB83274410898BE8
:10562000F5D78327440A37071000D98F2322F40ABD
:10563000F1BFEF10CFC08327040A05671307078067
:10564000D98FA9BD17F7FD1F0357C74F050797F659
:10565000FD1F2399E64E03278511E30407A893E76E
:1056600007012306F500B5BC83474517858B63808A
:1056700007108347651393D63700AA9683C5061390
:1056800013F7770033D6E540058A79CA397122DCF1
:1056900006DE26DA4AD84ED652D456D25AD05ECE3C
:1056A00062CC66CA2A84034545037D57FD475915D8
:1056B00062052C0061853AC43EC6EF101FF7032631
:1056C000841322478326C413B247718FF58F631466
:1056D000E6006387F6062800EFE06FFC894763F178
:1056E000A706294681451305D41797B0FD1FE7800B
:1056F0006076224AB24A81490D4C854C930B500288
:1057000093948901E1844E865285D68513DB24402B
:10571000EF0010458D88229B058986040309DB175D
:105720000DCDB3949C00B3649900A30E9B1685091C
:10573000E39879FD8347441793E78700230AF4161B
:10574000F2506254D2544259B259225A925A025BD0
:10575000F24B624CD24C21618280B3149C00E1B7C1
:105760008547B397E700CD8F2388F6128280828029
:105770005D71A6C297F4FD1F9384C43BA2C403A429
:10578000040ACAC04EDE52DC5ED60179B7090300B6
:10579000216AB74B0F0056DA5AD862D486C666D251
:1057A0006AD06ECE814A7D19138B89157D1A138CB0
:1057B000FB238347E4001307000D639CE72297FC5B
:1057C000FD1F938C2C2883A70C0098430D8B0DC7CD
:1057D00017F7FD1F230F0704B84B1377F78FB8CBCC
:1057E00098431367870098C39C438D83858B89C733
:1057F000010001000100010097C0FD1FE780805FEC
:105800008347C404858B89C7A2850545EF101F8196
:1058100097FDFD1F938D4D2003A70D0017FDFD1F64
:10582000130D8D275C57F19B93E717005CD797F713
:10583000FD1F9387E726944383270D006389061491
:1058400003466413B29683C606005057370500829C
:10585000939586017D1593F6F603E606698ED18E43
:1058600054D7E1859306A00363D6B612F44F3706EA
:105870000007D18EF4CF832784091CC78327C4096E
:105880005CC303A70C005C4393E717005CC383551C
:10589000441C95470356641C91050345741417F77F
:1058A000FD1FA300F718C205930710FD2307F4009E
:1058B000C181930700FC17F7FD1F2301F716EF10B6
:1058C000DFA40346741485468357240803576408ED
:1058D000631CD60E938757030607BA9703A70C00DD
:1058E000544733F6260150C70F10000003A70C00E1
:1058F00037060200860710C7130600F897F5FD1F4C
:105900002380C5127CD354C797F7FD1FA38A0710C5
:1059100003A60C0097F7FD1FA382071085471CC242
:105920008346C40483A70D0003270D00858AC5C2E2
:105930009443B705330093F6F6CF94C3944393F69C
:10594000F6CF93E6062094C31447CD8E14C79386F2
:10595000891734CA5457F59A54D78346641313F6FB
:10596000F607944393F606F8D18E94C35C4393F7FD
:10597000F7EF5CC30100010003270D005C4393E7D0
:1059800007105CC397C0FD1FE780C0D01DB58346DC
:10599000241465BD9306200263DAB600F44F37067F
:1059A00000F97D16F18E37060005E1B5B70600F95E
:1059B0001386F6FFF44F6945F18E37060003E34A7C
:1059C000B5EA3706000175B59387970431B794435C
:1059D000B705330093F6F6CF94C3944393F6F6CF0E
:1059E00093E6062094C31447CD8E14C7232866057A
:1059F00095B71307100D6394E75E97F7FD1F83C7F4
:105A0000E701858B97FCFD1F938C4C01638D074E3E
:105A100083C70C00E207E18763D9070C8347F400D2
:105A200017FDFD1F034D2DE393F7070285C3835731
:105A3000A4031307204EB387E70203274409B3D713
:105A4000E70213070D05BA972312F408035544081B
:105A500017F8FD1F035808E437460F001305950497
:105A6000B325050381461306062442C683ADCC0147
:105A70003305A802EF00D0518327C408324833858C
:105A8000A7403307B50197F7FD1F938727E0BA8535
:105A9000D4436364A7006364D700B305D7400327EA
:105AA00004096360B71603566408835724080D8FF2
:105AB00013151600AA97B387070313850B24E297E3
:105AC000B3D7A7026366F700B387F64063F4E70035
:105AD0002328B408420D93571600135D0D0163E4AB
:105AE000A7132313F408231004088345C4040325D3
:105AF00044119306240313064403858997C0FD1FB0
:105B0000E78020BD97F7FD1F238DA7F0834744034F
:105B100003C76404998F230AF40283C76C00858B42
:105B20006395072C8347A40293E727002305F4021B
:105B300083C70C00E207E18763D30702834764133E
:105B400013D7370093F6770022978547B397D7008E
:105B50008346071393C7F7FFF58F2308F712834790
:105B6000F400898BE9C32285EFC06FE84DED8347D0
:105B7000F400A309040093E74700A307F400832778
:105B800084118DCF0347B40115CB03C79700058B54
:105B900015E703D7A700C843136707F02395E7006D
:105BA00097C0FD1FE780C0E6835744048507231292
:105BB000F404832784119C43232CF410834754015D
:105BC00081CB8347C404898B81C72285EFC02FE72F
:105BD0008347040113072002639AE7028327040A1C
:105BE000A305040293E787002320F40A83471401E6
:105BF00093E78700A308F400930740022308F4000A
:105C00001DA036974DB52313A409F1BD1307000657
:105C10006393E70C85472308F4008347A40293E7C6
:105C200017002305F40283C76C00898B638F070E6E
:105C30008347C404858B638A070E834794018507D5
:105C4000A30CF4008347F40013F7270029E793E738
:105C50002700A307F400930700F8230EF4008357EE
:105C6000A4031307204EB387E70203274409B3D7E1
:105C7000E70217F7FD1F034707BE13070705BA978B
:105C8000C207C1832312F40886072311F40897F78B
:105C9000FD1F23A307F4228597F7FD1F238007D854
:105CA000EFF0EFBB83455401034564149105EF10F9
:105CB0002FDB83475401638707208347C404898B04
:105CC00063820720A2850145EF104FAD630C0512DA
:105CD000EF100FFCE5A413077006639EE70297F729
:105CE000FD1F938767D398433C57ED9B3CD797F7AD
:105CF000FD1F238A07D23717004083578701B377E8
:105D0000FA00231CF7008347C40093F7F7FD23062E
:105D1000F4008547E5B57147E397E7F08327040A68
:105D200093E717002320F40AFDBD2285EFC0AFCE14
:105D300011F9A30C04002285EFC06FC7834714013B
:105D4000A18B85CF834764018DCB834774010947BD
:105D500093F7B70F6383E7029307D003230AF40492
:105D6000930770022308F4008347C404858BE38BF8
:105D700007EC2285EFC0AFD1F1B58347D4000D47C2
:105D80006397E70483477401130780026373F70284
:105D9000834774011D476388E702A306F402832743
:105DA000840A228593E717002324F40AEFE09EDD9E
:105DB00019A88A07173700001307070EBA979C43E4
:105DC0002285829771F583476401D9FFA5BD99CBE0
:105DD00083476401E38807E6228597C0FD1FE780BB
:105DE000C0E6AA8AE3900AE6F9BF834784018507E3
:105DF000230CF40083D7E400850717F7FD1F231257
:105E0000F7D489B597F7FD1F938707C19843B70665
:105E100033001C4393F7F7CF1CC31C4393F7F7CF12
:105E200093E707201CC397F7FD1F9387E7C69843A6
:105E30001C47D58F1CC797F7FD1F9387A7C09C43AE
:105E400013878927B8CB97F7FD1F9387E7BC9C433F
:105E5000B70680009843558F98C3D857719BD8D701
:105E6000930720FD2307F40097F7FD1F83C7C7A200
:105E7000E39A07B083270412E38607B00347F400D0
:105E8000058BE30107B0D44303C6C70083C5870071
:105E9000035584008906EF506FE7E31505AE8327AD
:105EA000041203D7A700136707F02395E7009C436C
:105EB0002320F41283572404E38607ACFD17231133
:105EC000F404C9B497F7FD1F938707B59843B70645
:105ED00033001C4393F7F7CF1CC31C4393F7F7CF52
:105EE00093E707201CC397F7FD1F9387E7BA9843F2
:105EF0001C47D58F1CC797F7FD1F9387A7B49C43FA
:105F00001387892581B797F7FD1F9387A7B39C4314
:105F1000FC53E390078A97F7FD1F238307B0EF1028
:105F20002FD783C70C002285E207E18763D40720BF
:105F3000EFF02F9183D724012285850717F7FD1FE6
:105F40002313F7C0EFF04FF283570404A5CB1307D8
:105F50004006B3F7E702BDE397F7FD1F938747D0ED
:105F60009C43898BA1C797F4FD1F9384648D985837
:105F700015CF97F7FD1F83D7E7BCC20797F5FD1F25
:105F800083D565BCDD8D254502979C5897F5FD1F8F
:105F900083D525BB294582979C58831524032D451D
:105FA00082979C58830544033145829797F7FD1FDC
:105FB000239907B897F7FD1F23A607B82285264423
:105FC000B64096440649F259625AD25A425BB25BD5
:105FD000225C925C025DF24D61616FC04FFB130762
:105FE000200DE397E7CE97F7FD1F83C737A3858B77
:105FF0006385071497F7FD1FA38207A28327040A6E
:1060000013972701634E070E228597C0FD1FE78077
:10601000C0D185476316F50E8355441C0356641C96
:10602000034574149105C205C181EF100FAE83477B
:10603000C40497FCFD1F938CECA017FDFD1F130DEE
:10604000AD9D858B97FDFD1F938D0DA5BDCFA285C1
:106050000545EF00BFFC03270D00B70633001C43C6
:1060600093F7F7CF1CC31C4393F7F7CF93E70720B1
:106070001CC303A70D001C47D58F1CC783A70C00AA
:1060800013878917B8CB930710FD2307F40083A764
:106090000C00D44733F72601D8C70F10000003A720
:1060A0000C00B70702001CC7930700F817F6FD1F86
:1060B0002308F69683270D009C439D83858B95CFFF
:1060C000930760197CD354C775B803270D00B70632
:1060D00033001C4393F7F7CF1CC31C4393F7F7CF50
:1060E00093E707201CC303A70D001C47D58F1CC7CF
:1060F00083A70C0023A8670579B79307E01BD9B7DE
:10610000EF100FB9834794018DC793F7070F81CB29
:106110009305D0032285EFC0EFF7A305A40297E70C
:10612000FD1F9387E7719C5B89C795451305500850
:1061300082972285EFC0FFBB51B597F7FD1F93876C
:1061400067909C43FC53639607E697F7FD1F2389EE
:10615000078CEF10EFB3F1BF411106C6EFB05FBB84
:1061600097F7FD1F9387079D17F7FFFF130727C5B5
:1061700023AAE70AB24017F7FFFF1307A7D823ACFB
:10618000E70A97F7FFFF9387E75E17F7FD1F2321C5
:10619000F7AE41018280397122DC3704400026DAF3
:1061A0004ED6AE84AA899305E4FF054506DE4AD89B
:1061B000EF104EE0498C131704014183218393179C
:1061C000840013590401D98F231601001379F90FA4
:1061D00010088A854E852317F100A306210102C00D
:1061E00002C202C402C802CA02CC02CEEF00BFD76C
:1061F0008347E1010347D101A3818400A20742073D
:10620000BA970347F101218023828400BA97F250A4
:1062100062542380F40013D78700C183A382240132
:10622000A380E4002381F4004259D254B259216181
:1062300082800111194697E5FD1F9385E56117F5E9
:10624000FD1F1305A59D06CE22CC26CA4AC891641F
:106250004EC697B0FD1FE780C0B89385F4FF014597
:10626000EF100ED32A84FD550145EF10AED4A2875E
:10627000FD147D5933F79700B366E500F9C6631442
:1062800025016304970C17F7FD1F2301F79AA183DB
:1062900093E707FC9169416417F7FD1F2326A79830
:1062A00017F7FD1FA304F798FD1917F9FD1F130930
:1062B00069887D14CE850145EF108ECDAA84FD55E9
:1062C0000145EF102ECFB3679500EDD7FD5763144E
:1062D000F500E38134FF97F7FD1F239AA7949357A6
:1062E000050117F7FD1F2305F7949357850117F74D
:1062F000FD1FA30FF79297F7FD1F238C9792A180A4
:1063000093F4F40397F7FD1FA38597928317890EE3
:1063100042054185618DE18F6312F5020317C90FB4
:106320008317A90E618FE18F631AF7000317E90F36
:106330008317C90E618FE18FE30EF7F6F2406244D6
:10634000D2444249B24905618280A6850145EF10D9
:106350002EC42A84FD550145EF10CEC5A28719BF72
:1063600011CE93070002918F635BF0003355C50097
:10637000B397F50033D6C5005D8DB28582801305D5
:1063800006FE014633D5A500B285CDBF11CE9307D9
:106390000002918F635BF000B395C500B357F50021
:1063A0003316C500DD8D32858280930506FE0146D9
:1063B000B315B5003285CDBF014863C6050E63DB5A
:1063C00006003306C040B337C000B306D0401348C0
:1063D000F8FF9D8EB6873283AA8EAE886391061829
:1063E00063FCC50C41676361E61EB7070001636586
:1063F000F63693568601E147173700001307C7EEBC
:10640000369703470700BA97130700021D8F19CB71
:10641000B395E500B357F5003313E600B3E8B700D2
:10642000B31EE50013560301B3D7C8029316030148
:10643000C18213D70E01B3F5C8023385F602C20537
:10644000B3E8E50063FAA8009A981387F7FF63E4BE
:10645000680063E9A832BA87B388A840B3D5C802F8
:10646000C20E93DE0E01B3F8C802B386B602C208AC
:10647000B3E8D80163FBD8009A981387F5FF63E56A
:106480006800F91563E3D800BA85139507014D8DAF
:106490008145630908003305A040B337A000B30568
:1064A000B0409D8D82803305A040B337A000B30576
:1064B000B0409D8D7D5821B701E605433353D3028B
:1064C0004167636AE30EB7070001636BF3289356D5
:1064D0008301E14717370000130707E136970347A9
:1064E0000700BA97130700021D8F65EB931803018D
:1064F000B3866540135F030193D80801854513D720
:106500000E01B3D7E603B3F6E60333861703C206DC
:10651000558F637AC7001A979386F7FF6364670005
:106520006365C726B687118FB356E703C20E93DEA5
:106530000E013377E703B388160342073367D701A9
:10654000637B17011A971386F6FF63656700F916D8
:1065500063631701B28613950701558D1DBF63E173
:10656000D504C16763E1F604B707000163E2F61ED4
:1065700093D886016147973700009387E7D6C6977F
:1065800003C30700930700023A93B3876740E9EB20
:1065900063ECB61C3335C500134515008145D5BDE8
:1065A00081450145FDB59307F00F63F2D71C93D8E1
:1065B00086002147C9B71307F00F9A86E37C67F07E
:1065C00093568300A14739B71307F00FB286E375DE
:1065D000C7E293568600A14705B53313E30033D6CF
:1065E000F500135F0301335EE603B396E500B3578E
:1065F000F500DD8E9318030193D80801B31EE50062
:1066000093D50601B377E6033387C803C207CD8F5E
:1066100063FBE7009A971306FEFF63E3671663F1D7
:10662000E716791E9A97998F33D6E70313970601D9
:106630004183B3F7E7033385C80293960701D98EE8
:1066400063FBA6009A969307F6FF63E7661263F56D
:10665000A61279169A9693150E01898ED18D45B59D
:1066600033576600B396F600D98EB3D8650013DFB2
:106670000601B3DEE803139E060133536500135E83
:106680000E01B395F500B365B30013D705013316BA
:10669000F600B3F8E8033303DE03C20833E7E8008B
:1066A000637B670036979388FEFF6369D70C637737
:1066B000670CF91E3697330767403353E703C2056B
:1066C000C1813377E703B3086E024207D98D63FBBC
:1066D0001501B6951307F3FF63EED50863FC1509A2
:1066E0007913B695C20E416FB3EE6E001307FFFF2C
:1066F000B3F6EE0013D30E01718F4182338EE602A2
:10670000B3851541B386C60293580E013307E302E1
:10671000BA96C6963306C30263F3E6007A9613D39D
:1067200006011A9663E2C5026385C5007685814538
:106730008DB341677D17F98EC206337EEE00B31725
:10674000F500F296E3F4D7FE1385FEFF814591B381
:1067500093D80601414705B593560601C14769B96B
:1067600093560301C147BDB3814505451DB3B688A6
:10677000014711B53A83BDB73E86F1BDC68E25BF30
:10678000328E55B5F9179A98C1B9F9171A9761BBA6
:10679000B687B2882A832E88639D061463F9C50ADA
:1067A0004167636EE61AB70700016363F6349356D8
:1067B0008601E14717370000130707B336970347F1
:1067C0000700BA97130700021D8F19CB3398E50015
:1067D000B357F500B318E60033E807013313E500BB
:1067E00013D608013355C80293960801C182935706
:1067F00003013377C802B385A60242073368F70066
:10680000637AB80046989307F5FF636418016367DD
:10681000B8303E853308B8403357C802420313539B
:1068200003013378C802B386E60242083368680081
:10683000637BD80046989307F7FF636518017917C3
:106840006363D8003E874205598D8145828001E609
:106850000547B358C702416763EAE80EB70700016E
:1068600063ECF82893D68801E14717370000130737
:10687000A7A7369783460700BE9693070002958F19
:10688000E5EB939E08013387154113DF080193DE82
:106890000E018545935703013355E7033377E7032B
:1068A000B306D5034207D98F63FAD700C6971307FB
:1068B000F5FF63E4170163E6D7263A85958F33D752
:1068C000E703420313530301B3F7E703B30ED70300
:1068D000C207B3E7670063FBD701C6979306F7FFCC
:1068E00063E51701791763E3D70136874205598DB0
:1068F000828063E2D504C16763E2F604B707000152
:1069000063E4F61E13D7860161489737000093872A
:10691000A79DBA9703C70700130E00024297330ED4
:10692000EE40631A0E0C63EDB61C3335C5001345FB
:106930001500814582808145014582809307F00FD3
:1069400063F3D71C13D786002148C1B71307F00F94
:10695000C686E37C17F193D68800A14739B71307A1
:10696000F00FB286E378C7E493568600A14799B545
:10697000B398F80033D6D50013DF0801335EE60381
:106980003397F500B356D500558F939E080193DEDB
:106990000E013313F50093550701B376E603B38771
:1069A000CE03C206CD8E63FBF600C6961306FEFF2D
:1069B00063E4161763F2F616791EC6969D8E33D6DB
:1069C000E60393170701C183B3F6E6033385CE02CE
:1069D000139706015D8F637BA70046979307F6FF29
:1069E000636817136376A7127916469793150E01FD
:1069F000098FD18D45B5B357E600B396C601DD8E3C
:106A000033D3E50013DF0601B357E303939E06017A
:106A100093DE0E013398C5013357E5003368070153
:106A2000935808013316C6013373E303B385FE029E
:106A30004203B368130163FBB800B6981387F7FFEE
:106A400063EAD80C63F8B80CF917B698B388B84065
:106A500033D7E803420813580801B3F8E803338337
:106A6000EE02C208B3E5080163FB6500B6951308A2
:106A7000F7FF63EDD50863FB65087917B695C20784
:106A8000416FD98F1307FFFFB3F6E70093D80701D3
:106A9000718F4182B38EE602B3856540B386C6022C
:106AA00013D80E013387E802BA96C2963386C8021D
:106AB00063F3E6007A9693D80601469663E2C50230
:106AC0006385C5003E858145828041677D17F98ECB
:106AD000C206B3FEEE003315C501F696E374D5FE8B
:106AE0001385F7FF8145828013D70601414831BDE8
:106AF00093560601C1477DB993D60801C147B5B386
:106B00008145054582803687014801B5428785BFAA
:106B10003E86E9BDBA871DBF328E4DB579154698C0
:106B2000D5B97915C69759BB01476314E6000145ED
:106B30008280B307E5000507B386E50083C7070039
:106B400083C6F6FFE383D7FE3385D7408280B3C781
:106B5000A5008D8B3307C50081E78D4763EEC70025
:106B6000AA876370E50A83C6050085078505A38F9C
:106B7000D7FEE3EAE7FE828093763500AA8791CAC2
:106B800083C6050085078505A38FD7FE93F63700DA
:106B9000FDB79376C7FF138606FE63F0C70683A38F
:106BA000050083A2450083AF850003AFC50083AE17
:106BB000050103AE450103A3850183A8C5019385A3
:106BC000450223A0770003A8C5FF23A2570023A4F2
:106BD000F70123A6E70123A8D70123AAC70123AC05
:106BE000670023AE17019387470223AE07FF75B7EF
:106BF00090419107910523AEC7FEE3EBD7FEE3E496
:106C0000E7F6828039713EDA2ED232D436D63AD8BF
:106C100042DC46DE9387818722CC804326CA06CE9B
:106C2000AA8409C41C4C99E32285892B0C44541076
:106C30002686228536C6EF00F01AF2406244D2441E
:106C40002161828001119387818722CC804306CE07
:106C5000AA8519C41C4C89E72AC622850523B2459A
:106C6000104422856244F24005616F00F07C0111FE
:106C700026CA4AC806CE22CC4EC652C4AA842E8941
:106C800001C51C4D91E3DD299C4C804499E3268588
:106C9000F5219727000093872777631CF402C040F3
:106CA0008357C400A18BB1C71C48A1C7FD59294A0D
:106CB0001C4483450900FD17B1E91CC463DE0706C7
:106CC0002286A94526857920FD576308F5022945C6
:106CD00035A097270000938727756314F40080443C
:106CE000C1B79727000093872770E31BF4FAC044CD
:106CF00045BFA2852685392A55D97D55F240624483
:106D0000D2444249B249224A056182801CC4050925
:106D100063D70700184C63CBE700638945011C402B
:106D20001387170018C02380B70059B7228626851D
:106D30001520E31F35F7D1B71C401387170018C083
:106D400029472380E70061B793878187AA85884315
:106D50006FF0FFF1011122CC26CA4AC806CE4EC6FA
:106D6000AA842E89328401C51C4D91E301299727FD
:106D70000000938767696319F406C0401C4C1CC46B
:106D80008357C400A18BC9C31C48BDCF1C48084011
:106D90009379F90F1379F90F1D8D5C486346F5005F
:106DA000A2852685652C2DE51C440505FD171CC410
:106DB0001C401387170018C0238037015C48638983
:106DC000A7008357C400858B81CBA9476316F900C0
:106DD000A285268561240DEDF24062444A85D244A5
:106DE0004249B24905618280972700009387C763B3
:106DF0006314F400804459B7972700009387C75E57
:106E0000E31EF4F6C0449DBFA285268521203DDD0A
:106E10007D59D9B741119387818726C2844322C403
:106E20004AC006C62A892E8489C49C4C99E32685CB
:106E3000B126972700009387275D631CF402C040AA
:106E40000317C40093170701C18393F68700B5EEBB
:106E500093F607019DEEA5472320F9001367070469
:106E60002316E4007D55B240224492440249410178
:106E70008280972700009387275B6314F400804487
:106E8000C1B79727000093872756E31BF4FAC04445
:106E900045BF918B8DC74C5889C9930744046384BF
:106EA000F5004A85892B232A04028357C400232234
:106EB000040093F7B7FD2316F4001C481CC0835749
:106EC000C40093E787002316F4001C4881EF835722
:106ED000C4001307002093F707286385E700A28505
:106EE0004A8595298357C40013F7170005C75C48E6
:106EF00023240400B307F0401CCC1C480145A5F72F
:106F00008317C40013F7070839DF93E70704231634
:106F1000F40089BF898B014791E3584818C4F1BF39
:106F200083D7C500011122CC26CA06CE4AC84EC658
:106F300013F78700AA842E8471EFD841634DE000D7
:106F4000B841634AE0000145F2406244D2444249FC
:106F5000B2490561828058547DD703A904009396F5
:106F6000370123A0040063DD060670488357C40080
:106F7000918B99C75C401D8E5C5899C33C401D8E17
:106F80005C540C50814626858297FD570357C400F8
:106F9000631DF5009440F54763E8D706B707402026
:106FA0008507B3D7D700858BA5C31C4823220400CF
:106FB0001CC09317370163D80700FD576314F50011
:106FC0009C4091E368C84C5823A02401ADDD930791
:106FD00044046384F50026853929232A0402A5B7D1
:106FE0000C500146854626850297FD572A86E31FE9
:106FF000F5F69C40A5DF75476385E7005947639424
:10700000E70423A0240181B7136707042316E400D3
:107010007D551DBF83A90501E38709F203A905007A
:107020008D8B23A0350133093941014791E3D849BC
:1070300018C4E35A20F11C540C50CA864E8626858B
:1070400082976349A0008357C40093E7070423167F
:10705000F4007DBFAA993309A940E1BF9C49A5C3AB
:10706000011122CC06CE2A8411C51C4D81E72EC603
:107070003122B2459727000093870739639CF500BA
:107080004C408397C5009DC722856244F24005614C
:107090006FF01FE997270000938707396394F50085
:1070A0000C44C5B79727000093870734E39BF5FC92
:1070B0004C44C1BFF24062440145056182800145F4
:1070C0008280411122C406C62A842316B5002317E4
:1070D000C5002320050023220500232405002322C8
:1070E000050623280500232A0500232C0500214638
:1070F00081451305C505EFB00DCB971700009387A9
:1071000067BF5CD0971700009387C7C11CD497173F
:107110000000938707C65CD4971700009387C7C801
:1071200000D01CD8B2402244410182809705000063
:10713000938505F3B1AA411126C2130680069384F4
:10714000F5FFB384C4024AC02E8922C406C69385C3
:107150004407B1262A8401CD2320050023222501DE
:10716000310508C4138684068145EFB0CDC322855E
:10717000B240224492440249410182801C4DB5E74D
:10718000411106C622C497070000938767FA1CD5F1
:10719000972700009387473B9C432324050423261D
:1071A0000504232805046314F50085471CCD2A84B3
:1071B000352848C022851D2808C42285052848C4D2
:1071C000484001469145EFF0DFEF08440546A545EC
:1071D000EFF03FEF48440946C945EFF09FEE854781
:1071E0001CCCB24022444101828082804111972709
:1071F00000009387673526C284434AC006C69C4C6C
:1072000022C42A8981E72685EFF05FF793848404FE
:107210008044DC40FD1763D607009C40B9CF844012
:10722000C5BF0317C40039E7C177850723220406C9
:107230002320040023220400232404005CC4232808
:107240000400232A0400232C040021468145130551
:10725000C405EFB04DB5232A0402232C04022324D5
:107260000404232604042285B240224492440249A5
:10727000410182801304840671BF91454A85EFF075
:107280009FEB88C049FDB1472320F9000144E1BFCD
:10729000797122D44AD052CC56CA5AC85EC606D694
:1072A00026D24ECE2A8AAE8A130485040149054BA4
:1072B000FD5B09ECB25022544A8592540259F249BE
:1072C000624AD24A424BB24B4561828004448329D0
:1072D0004400FD1963D409000040E1BF83D7C40016
:1072E000637BFB008397E40063877701A685528563
:1072F000829A3369A90093848406E1BF1971A6DAE2
:10730000AE848395E500A2DC86DE328463DC050072
:1073100083D7C40023A0060093F7070885E79307E7
:1073200000401DA0300836C6EF00902EB246E34163
:1073300005FE7247BD67F98F7977BA9793B7170043
:107340009CC2F1BF930700041CC0F6506654D6548B
:1073500001450961828083D7C500011122CC06CE88
:1073600026CA4AC8898B2E8489CF930774041CC00F
:107370001CC885475CC8F2406244D244424905615A
:10738000828074003000AA84EFF05FF7A2452A895A
:107390002685312201ED8317C40013F7072061FF12
:1073A000F19B93E727002316F400C1B7970700006D
:1073B000938707D89CD48357C40008C008C893E7B4
:1073C00007082316F400A2475CC8B24791CF831583
:1073D000E4002685EF00F02601C98357C400F19B25
:1073E00093E717002316F4008357C4003369F900AC
:1073F0002316240149B7DDC183A7C5FF411122C46B
:1074000006C626C21384C5FF63D307003E94AA8430
:10741000EF00102B938741A19C4381EF23220400AE
:1074200023AA81A02244B2402685924441016F00E4
:107430005029637EF40014403307D4006396E700BC
:107440009843DC43369718C05CC0D9BFBA87D8438D
:1074500019C3E37DE4FE94433386D700631F86009F
:107460001040B29694C33386D700E31DC7FA104389
:107470005843B29694C3D8C375B76375C400B14777
:107480009CC04DB71040B306C4006316D700144328
:107490005843B29614C058C0C0C369B78280011166
:1074A00026CA93843500F19806CE22CC4AC84EC62F
:1074B000A104B14763F5F404B14463E4B4042A8938
:1074C000EF001020938741A198433A8429E49387E1
:1074D00081A19C4399E781454A85EF00407E23AC1A
:1074E000A1A0A6854A85EF00807DFD596319350767
:1074F000B1472320F9004A85EF00B01C29A0E3DE44
:1075000004FAB1471CC10145F2406244D2444249E9
:10751000B249056182801C40858F63CF0702AD466A
:1075200063F6F6001CC03E9404C031A05C406313B7
:10753000870223AAF1A04A85EF00B0181305B40012
:107540009307440061993307F5405DDF3A94898FD2
:107550001CC05DBF5CC3C5B72287404085BF130414
:1075600035007198E30285FCB305A4404A85812F5C
:10757000E31C35FBB5BF1C46FD171CC663DA0700CC
:10758000184E63C5E700A9476394F5006FF08FFCC0
:107590001C422E851387170018C22380B7008280F3
:1075A000011122CC26CA4AC84EC652C406CE2A8928
:1075B000AE893284B304D6007D5A63149400014529
:1075C00011A8834504004E864A85EFF0DFFA0504D2
:1075D000E31545FFF2406244D2444249B249224A8F
:1075E00005618280357122CD26CB4AC94EC706CFB0
:1075F00052C556C35AC1DEDEE2DCE6DAAA89AE84A1
:107600003289368409C51C4D99E3EFF03FB79727BF
:107610000000938767DF639DF40C83A4490083D740
:10762000C400A18BE5CB9C48F5C793070002A304D7
:10763000F1029307000302D22305F10222C6930B45
:107640005002972A0000938A2AE0054C294B4A846D
:107650008347040099C36392770FB30C2441638E70
:107660000C00E6864A86A6854E85EFF07FF3FD572F
:107670006307F51E9256E69636D283470400638070
:10768000071EFD571309140002C802CE3ECA02CCE1
:10769000A309010482D48345090015465685EF00ED
:1076A000900013041900C24759E913F7070109C7ED
:1076B00013070002A309E10413F7870009C71307A2
:1076C000B002A309E104834609001307A002638006
:1076D000E608F2474A84814625460347040093059D
:1076E0001400130707FD6379E60AB5CA3ECE85A8E4
:1076F00097270000938747D36395F40083A48900FC
:1077000039BF97270000938727CEE39AF4F083A42C
:10771000C90031B7A6854E85EFF0CFEF19D57D555D
:10772000FA406A44DA444A49BA492A4A9A4A0A4B10
:10773000F65B665CD65C0D618280050411BF330583
:1077400055413315AC00C98F3EC82289A9B73247CD
:1077500093064700184336C6634907023ACE0347EB
:1077600004009307E002631FF70403471400930724
:10777000A002631BF702B2470904138747009C432A
:107780003AC663C107023ECA35A83307E04093E713
:1077900027003ACE3EC8E1B7B387670385462E84FB
:1077A000BA9725BFFD57C5B7050402CA8146814770
:1077B00025460347040093051400130707FD63766D
:1077C000E606F1F2834504000D4617250000130577
:1077D00025C8D12D11CD97270000938767C71D8D30
:1077E00093070004B397A700424505045D8D2AC89E
:1077F000834504001946172500001305A5C5130984
:1078000014002304B10245253DC19787FDFF9387EE
:10781000677F95E74247B2471377071009CF910773
:107820003EC69257D2973ED21DB5B38767038546B1
:107830002E84BA97BDBF9D07E19BA107D5B77800FD
:1078400097060000938606D626860C084E8597007C
:107850000000E7000000FD572A8AE314F5FC83D7F7
:10786000C40093F70704E39C07EA125555BD78005E
:1078700097060000938606D326860C084E85012ABB
:10788000D9BF797156CA9C49BA8A984522D426D262
:107890004ECE52CC06D64AD05AC85EC6AA892E848D
:1078A000B284368A63D3E700BA879CC003473404A6
:1078B00019C385079CC01C4093F7070281C79C40F1
:1078C00089079CC00329040013796900631A090021
:1078D000130B9401FD5B5C449840998F634CF90451
:1078E0001C408346340493F70702B336D000A5EB5F
:1078F00013063404D2854E85829AFD576303F5043E
:107900001C4011469840998B544481446397C700AA
:10791000B384E64063D3040081441C441848635494
:10792000F700998FBE94014969047D5B6398240533
:10793000014509A885465A86D2854E85829A631EDE
:1079400075017D55B250225492540259F249624A4F
:10795000D24A424BB24B456182800509ADBF330725
:10796000D40013060003A301C704034754049387FC
:107970001600A2978906A381E7049DBF854622864B
:10798000D2854E85829AE30E65FB050945B779716C
:1079900022D426D24AD04ECE06D652CC56CA5AC887
:1079A000B68983C68501930790063289AA842E84FE
:1079B00013863504638DF60263E2D70693078005CC
:1079C0006388F61863EDD7006381062293073004BD
:1079D000638EF60A930A24042301D404C9A09307F2
:1079E00030066385F60A93074006E395F6FE1C40D1
:1079F000084393F6070893054500C5C61C410CC310
:107A000063D807001307D002B307F040A301E404D2
:107A100097260000938686A429476DA89307000740
:107A20006384F61663E5D7029307E006638BF618C6
:107A30009307F006E390F6FA0C401C4313F8050890
:107A4000138547006307080608C39C438DA8930766
:107A50005007E383F6FE93078007638BF6129307C4
:107A60003007E399F6F61C43D041814593864700E1
:107A700014C383AA070056853D2101C5330555412E
:107A800048C05C401CC8A301040471A81C43930AAD
:107A90002404938647009C4314C32301F4048547C0
:107AA000D5B793F607041C410CC3B9DAC207C187E6
:107AB00081BF93F5050408C3C9D983D7070013070D
:107AC000F0066388E60E97260000938626992947DC
:107AD000A30104044C400CC463C5050008406D9923
:107AE00008C099E3B28A91CDB28AB3F5E702FD1AD4
:107AF000B69583C505002380BA00B3D5E70263F0CD
:107B0000E70CA147631EF7001C40858B91CB5840C2
:107B10001C4863C7E70093070003A38FFAFEFD1A12
:107B20003306564110C84E87CA867000A285268546
:107B3000EFF03FD57D5A631E450B7D55B250225460
:107B400092540259F249624AD24A424B45618280BC
:107B5000A382D50497260000938646900C400843E4
:107B600013F805081C411105630D080208C313F73B
:107B7000150001C793E505020CC04147B1FB0C405D
:107B800093F5F5FD0CC0A9B79C4193E707029CC192
:107B900093078007A302F404972600009386468D7E
:107BA00075BF13F8050408C3E30308FCC207C183CB
:107BB0007DBF972600009386668A214711BFAE8756
:107BC0002DB794411C43CC4913F806081385470090
:107BD0006306080008C39C438CC301A808C393F63E
:107BE00006049C43F5DA2390B70023280400B28AE8
:107BF0001DBF14485686CA8526858299E30F45F332
:107C00001C40898B8DE7B2474844E359F5F23E8525
:107C100035B785465686CA8526858299E30F65F174
:107C2000050A5C443247998FE345FAFEE9BF014AF1
:107C3000930A94017D5BF5B7011122CC06CE2A840C
:107C400009C91C4D99E732C62EC4EFF02FD3324636
:107C5000A245971700009387277B6316F6025040D2
:107C60001C46FD171CC663D00704184E63C7E70007
:107C700093F7F50F29476398E70222856244F240A3
:107C800005616FF02F8D971700009387E7796314D4
:107C9000F6001044F1B7971700009387E774E311DB
:107CA000F6FC504475BF1C4213F5F50F13871700FF
:107CB00018C22380B700F2406244056182804111FE
:107CC00022C42A842E8597D7FD1F23A507FA06C64E
:107CD000EFB05DA7FD576319F50097D7FD1F938798
:107CE00067F99C4391C31CC0B24022444101828089
:107CF000411122C42E848395E50006C6E122634922
:107D000005007C48AA977CC8B24022444101828089
:107D10008357C4007D777D17F98F2316F400EDB7E4
:107D200083D7C500011122CC26CA4AC84EC606CE4A
:107D300093F70710AA842E843289B68991C7839558
:107D4000E5008946014635228357C4007D777D17BB
:107D5000F98F2316F4008315E4006244F240CE86C6
:107D60004A86B24942492685D24405613DA841115F
:107D700022C42E848395E50006C6E528FD570357E7
:107D8000C400631BF500FD77FD17F98F2316F4007F
:107D9000B2402244410182808567D98F2316F400C6
:107DA00068C8FDB78395E50025A8411122C42A843F
:107DB0002E85B285368697D7FD1F23AD07EA06C606
:107DC000EFB0DD95FD576319F50097D7FD1F938739
:107DD00067EA9C4391C31CC0B240224441018280A7
:107DE000411122C42A842E8597D7FD1F23A407E8BA
:107DF00006C61922FD576319F50097D7FD1F938713
:107E000067E79C4391C31CC0B24022444101828079
:107E1000411122C42A842E85B28597D7FD1F23AB3A
:107E200007E406C6D520FD576319F50097D7FD1F57
:107E3000938747E49C4391C31CC0B2402244410154
:107E40008280411122C42A842E8597D7FD1F23A347
:107E500007E206C6D120FD576319F50097D7FD1F2D
:107E6000938747E19C4391C31CC0B2402244410127
:107E70008280411122C42A842E85B285368697D706
:107E8000FD1F23A907DE06C64520FD576319F5002F
:107E900097D7FD1F938707DE9C4391C31CC0B24058
:107EA00022444101828093F5F50F2A966314C500A0
:107EB0000145828083470500E38DB7FE0505FDB7C8
:107EC00082808280411122C42A842E85B285368622
:107ED00097D7FD1F23A007DA06C6B928FD576319F7
:107EE000F50097D7FD1F9387E7D89C4391C31CC02B
:107EF000B2402244410182809307800517D7FD1FBD
:107F0000232AF7D67D5582809307800517D7FD1F5A
:107F10002322F7D67D5582809307800517D7FD1F52
:107F2000232AF7D4014582809307800517D7FD1FC8
:107F30002322F7D47D5582809307800517D7FD1F34
:107F4000232AF7D27D558280F401FA00960064005E
:107F50004B0032001E0014004CB3FDFF74B3FDFF54
:107F60009CB3FDFFB4B3FDFFCEB3FDFFDEB3FDFF59
:107F700006B4FDFF2EB4FDFF46B4FDFF60B4FDFF67
:107F8000626174745F6D763A2025640A0000000017
:107F9000FE006578706572696D656E74616C0000D5
:107FA0004669726D77617265205265766973696F93
:107FB0006E000000486172647761726520526576D8
:107FC0006973696F6E0000004D616E756661637460
:107FD00075726572204E616D650000004D6F6465BD
:107FE0006C204E756D626572000000005365726909
:107FF000616C204E756D626572000000536F66748F
:1080000077617265205265766973696F6E00000052
:1080100072656376207363616E20526571206164BE
:1080200064722000253032782000000050687920EA
:108030007570646174652052783A25782054783AD6
:108040002578202E2E0A0000557064617465202565
:1080500064202D20496E742030782578202D204C06
:108060006174656E63792025640A000005010906C4
:10807000A101050719E029E71500250175019508FB
:1080800081029501750881019505750105081901A1
:108090002905910295017503910195067508150052
:1080A00025650507190029658100C0004348353959
:1080B000785F424C455F4C49425F56312E34000098
:1080C000686561642066696C65206572726F722EE6
:1080D0002E2E00004C494220696E69742065727230
:1080E0006F7220636F64653A202578202E2E2E0A49
:1080F000000000002A200000536176696E6720743A
:108100006F20466C6173683A2000000025303258B9
:10811000200000003E3E3E20466C617368204552C0
:10812000415345206661696C65642120287265743D
:108130003D2564290A0000003E3E3E20466C6173E6
:1081400068205752495445206661696C6564212056
:10815000287265743D2564290A000000566572691D
:108160006679696E6720466C6173682077726974FE
:10817000652E2E2E0000000052656164206261634E
:108180006B2066726F6D20466C6173683A20000048
:108190003E3E3E20466C6173682056455249465922
:1081A000204641494C454420617420627974652021
:1081B00025643A2077726F74652030782530325804
:1081C0002C2072656164203078253032580A000016
:1081D0003E3E3E20466C61736820564552494659E2
:1081E000204641494C45443A20636865636B73758A
:1081F0006D206D69736D6174636821003E3E3E20A1
:10820000466C6173682077726974652056455249DF
:1082100046494544204F4B2100000000444950206E
:108220006D6170206C6F6164656420746F206361A0
:108230006368652066726F6D20466C61736800002C
:108240003E3E3E20466C61736820766572696679B1
:10825000204641494C454421204C6F6164696E675A
:108260002064656661756C7420444950206D6170AE
:108270002E2E2E0044656661756C74204449502092
:108280006D6170206C6F6164656420746F20636140
:108290006368650057726974696E6720646566611A
:1082A000756C7420444950206D617020746F2046B5
:1082B0006C6173683A2000003E3E3E204661696C66
:1082C000656420746F2077726974652064656661E7
:1082D000756C74206D6170202845524153452066AD
:1082E00061696C65642921003E3E3E204661696CEF
:1082F000656420746F2077726974652064656661B7
:10830000756C74206D617020285752495445206661
:1083100061696C65642921003E3E3E2044656661CA
:10832000756C7420444950206D61702077726974B7
:1083300074656E20746F20466C61736800000000E5
:10834000504F52514B4E2C284F5051524E4B282CCF
:10835000466C61736820444950204D61702028317B
:1083600037206279746573293A200000444950200F
:108370006D6170206C6F616465642066726F6D2042
:10838000466C6173682028636865636B73756D2044
:108390004F4B2900444950206D617020696E766111
:1083A0006C69642C206C6F6164696E67206465661B
:1083B00061756C742E2E2E000CCBFDFF2CCBFDFFB7
:1083C000A4CBFDFF44CBFDFF90CBFDFF3ACCFDFFDE
:1083D000414443205261773A202534642C20436184
:1083E0006C69623A202534642C2056494E3A202587
:1083F000642E2530336420562C20426174746572DB
:10840000793A2025642E2530336420560A00000076
:1084100053616D706C696E672041494E3920285058
:10842000423629202D2031302074696D6573207704
:108430006974682066696C746572696E672E2E2E89
:1084400000000000202053616D706C652025643AA7
:10845000204144433D2534642C2056494E3D25643B
:108460002E25303364562C204241543D25642E2560
:10847000303364560A00000041494E3920285042EA
:1084800036292046696C7465726564202D20564932
:108490004E3A2025642E2530336420562C2042612C
:1084A00074746572793A2025642E25303364205621
:1084B00020416C77617973204F6E3A2025640A0061
:1084C00041444320696E697469616C697A6564200E
:1084D0002841494E302F5041342C20504741202D07
:1084E0003664422C2043616C69623A202564290A73
:1084F0000000000053656E64205068792055706458
:108500006174652025782E2E2E0A000044495020E3
:10851000537769746368206368616E6765643A20A5
:1085200025640A005041353A204449503D25642CC9
:10853000204B65793D3078253032580A0000000024
:10854000504131353A204449503D25642C204B653B
:10855000793D3078253032580A0000004E6F206B8C
:108560006579207072657373656420666F7220256B
:1085700064207365636F6E64732C20656E7465721E
:10858000696E6720736C6565702E2E2E0A000000E0
:10859000456E746572696E6720536C656570204D19
:1085A0006F64652E2E2E00004750494F4120494EE2
:1085B0005420454E3A203078253034580A000000C7
:1085C000534C505F57414B455F4354524C3A203017
:1085D00078253032580A0000504F5745525F504CB2
:1085E000414E3A203078253034580A0057616B6587
:1085F0002075702066726F6D20536C656570204D1C
:108600006F64652100000000496E697469616C69DE
:108610007A65642E2E000000416476657274697379
:10862000696E672E2E000000436F6E6E6563746581
:10863000642E2E00436F6E6E656374656420416422
:10864000766572746973696E672E2E00576169745E
:10865000696E6720666F72206164766572746973F3
:10866000696E672E2E000000446973636F6E6E653D
:10867000637465642E2E20526561736F6E3A25789F
:108680000A0000004164766572746973696E672040
:1086900074696D656F75742E2E0000004572726FDF
:1086A00072202578202E2E0A0000000032303A3049
:1086B000333A3332000000004175672031332032F5
:1086C000303236004F5348572054756E6572204241
:1086D00079206D6F746F7A696C6F672056322E3215
:1086E00020284275696C743A202573202573290A65
:1086F00000000000434835393220556E69717565B8
:108700002049443A2025730A0000000055534220B6
:10871000484944204B6579626F617264204D6F64F3
:10872000650000005553423A20616464723D307820
:10873000253032582C20636F6E66696775726564E8
:108740003D25642C20636F6E6E65637465643D2502
:10875000640A00003E3E3E205553422044495343A4
:108760004F4E4E454354454421205265626F6F740D
:10877000696E6720746F20424C45206D6F64652ED2
:108780002E2E0000555342206E6F7420636F6E666C
:108790006967757265642C2066616C6C6261636BDD
:1087A00020746F20424C45206D6F6465000000000E
:1087B0004B42443A204D6F643D307825303258208A
:1087C0004B6579733D2530325820253032582025AD
:1087D000303258202530325820253032582025306C
:1087E00032580A00BCD9FDFF2CDBFDFF3ADBFDFF50
:1087F0004EDCFDFF4EDCFDFF4EDCFDFF4EDCFDFFE1
:108800004EDCFDFFACDAFDFF04DBFDFF1ADBFDFFF4
:10881000F6DDFDFFB0DDFDFF22DCFDFF22DCFDFF0C
:1088200022DCFDFF6CDDFDFF2CDBFDFF22DCFDFF0C
:108830007ADDFDFF90DDFDFFF0DDFDFF48DAFDFF95
:10884000494E543A20666C61673D30782530325885
:108850002C20616464723D3078253032582C2063BE
:108860006F6E666967757265643D25640A00000075
:108870003E3E3E205549535F544F4B454E5F4F554A
:10888000543A2073657475705F636F64653D30782A
:10889000253032582C206C6173745F636F64653DC2
:1088A0003078253032582C2052585F4C454E3D25AB
:1088B000640A00004F5554204461746120282564E7
:1088C000206279746573293A2000000050726F634A
:1088D000657373696E67205345545F5245504F521C
:1088E0005420646174613A20747970653D25642C6C
:1088F0002069643D25640A000A3D3D3D3D3D3D3D06
:108900003D3D3D3D3D3D3D3D3D3D3D3D3D3D3D3D97
:108910003D3D3D3D3D3D3D3D3D3D3D3D3D3D3D3D87
:108920003D0000004849445F5345545F5245504F55
:10893000525420444154413A206C656E3D25640AEE
:108940000000000052617720646174612028256472
:10895000206279746573293A2000000050617273B7
:10896000656420444950204D617070696E673A001B
:1089700020205265706F72742049443A2030782567
:108980003032580A00000000202044495025643A43
:10899000205041353D3078253032582C205041311F
:1089A000353D3078253032580A00000020204368D9
:1089B00065636B73756D3A203078253032580A0044
:1089C000202043616C6320636865636B73756D3A47
:1089D000203078253032580A000000003E3E3E200C
:1089E000436865636B73756D204F4B2C2073617604
:1089F000696E6720746F20466C6173682E2E2E009E
:108A00003E3E3E2053617665204F4B210000000022
:108A10003E3E3E2053617665204641494C45442107
:108A2000000000003E3E3E20436865636B73756D39
:108A3000204D49534D4154434821202873746F728F
:108A400065643D3078253032582C2063616C633D7D
:108A5000307825303258290A00000000556E6578BC
:108A60007065637465642064617461206C656E6711
:108A700074683A202564202865787065637465649D
:108A8000203138290A0000003D3D3D3D3D3D3D3D42
:108A90003D3D3D3D3D3D3D3D3D3D3D3D3D3D3D3D06
:108AA0003D3D3D3D3D3D3D3D3D3D3D3D3D3D3D3DF6
:108AB0000000000049676E6F72696E67205345546D
:108AC0005F5245504F52543A20747970653D256489
:108AD0002C2069643D256420286E6F7420466561F2
:108AE00074757265205265706F7274290A000000F7
:108AF0003E3E3E2054686973206973204745545FA9
:108B00005245504F525420737461747573207374BE
:108B10006167652C2069676E6F72696E670000007F
:108B20004849445F4745545F5245504F52543A209C
:108B3000747970653D25642C2069643D25640A00C4
:108B40005265616420466C61736820283137206269
:108B500079746573293A2000444950204D61707042
:108B6000696E672066726F6D20466C6173683A00AB
:108B70004849445F5345545F5245504F5254205327
:108B8000455455503A20747970653D25642C206910
:108B9000643D25642C206C656E3D25640A00000050
:108BA0003E3E3E2057616974696E6720666F722091
:108BB000444154412073746167652E2E2E2028662F
:108BC0006C61672073657429000000005345545F91
:108BD00049444C453A20726174653D307825303205
:108BE000580A00005345545F50524F544F434F4C66
:108BF0003A206D6F64653D25640A000053696E205C
:108C0000436F72702E00000043483539324B4244A6
:108C1000000000005345545F434F4E4649473A20F9
:108C200025640A00555342204275732052657365CE
:108C3000740000003E3E3E20555342205355535091
:108C4000454E44212055534220646973636F6E6E14
:108C5000656374656420646574656374656421008C
:108C60003E3E3E2055534220444953434F4E4E45CD
:108C700043544544212028616464723D302C2063B4
:108C80006F756E743D2564290A00000009022200F8
:108C900001010080320904000001030101000921E3
:108CA00011010001224600070581030900010000AF
:108CB00005010906A1018502050719E029E715004C
:108CC00025017501950881029501750881039506B6
:108CD0007508150025650507190029658100C0067E
:108CE00000FF0901A10185010902150026FF007599
:108CF000089511B102C000009E31FEFF1232FEFF46
:108D00008632FEFF8632FEFF2232FEFF8632FEFFF3
:108D10003A32FEFF5C32FEFF8632FEFF7632FEFF05
:108D2000CA32FEFFEA32FEFF6633FEFFFC32FEFF70
:108D30006633FEFF6633FEFF6633FEFF1E33FEFF23
:108D40006633FEFF6633FEFF6633FEFF4233FEFFEF
:108D5000A0E5010004C60000DCE5010086D30000A8
:108D600058E6010052D3000012E701001ED30000B4
:108D7000AEE701009CDE0000FCE701009CDE000085
:108D800056E80100EEDD000012E70100BED200004F
:108D9000EAE801000AD60000000000000000000020
:108DA00034E9010096D60000A6E9010088C600005B
:108DB000C085FEFFC085FEFFE685FEFFFE85FEFF47
:108DC0000686FEFF0E86FEFF1686FEFF1E86FEFF4F
:108DD0002686FEFF2E86FEFF3686FEFF7286FEFF8B
:108DE0007A86FEFF3E86FEFF0101020102010102BA
:108DF000010204040601040101010101040402014D
:108E00000400000001010201020101020101040449
:108E10000601040101010101040102010100000039
:108E20007893FEFF8493FEFFC693FEFFF094FEFF4F
:108E3000FA94FEFF3E95FEFF8095FEFFBE95FEFF75
:108E4000F695FEFF8E94FEFF2A96FEFFB896FEFF73
:108E5000FAA2FEFFD6A2FEFFFAA5FEFF56A6FEFF6F
:108E600066A9FEFF80A7FEFFC6A7FEFF0AA8FEFFB9
:108E700042A8FEFF86A8FEFFD6A2FEFFCAA8FEFFFC
:108E800040A9FEFF000000000000000000000000FC
:108E900000000087D85401004C660100AE55010067
:108EA000AE660100D255010072560100A0560100C5
:108EB000E4560100B865010028650100445801002E
:108EC00070580100E25801008859010098640100BF
:108ED000AA630100B8620100F04901003A5A01009A
:108EE0008E5A0100C869010060690100C05A010082
:108EF000685C0100BC5D0100465E0100725E01001D
:108F00001E6A0100226A0100085F01004A5F010039
:108F1000266A01002A6A01002E6A0100326A0100F5
:108F20001A680100945F010072600100366A010056
:108F30003A6A01001E6101007E6201004348353932
:108F4000785F424C455F4C49425F56312E342E3299
:108F5000000000000233FFFF1033FFFF1833FFFF54
:108F60001E33FFFF2433FFFF4433FFFF4C33FFFF6B
:108F70005233FFFF5C33FFFF6233FFFF6833FFFFB5
:108F80006E33FFFF7433FFFF8033FFFF8633FFFF35
:108F90008C33FFFFCE33FFFF9233FFFF9833FFFF89
:108FA0009E33FFFFA433FFFFB033FFFFCE33FFFF3D
:108FB000CE33FFFFCE33FFFFCE33FFFFCE33FFFFB5
:108FC000CE33FFFFCE33FFFFCE33FFFFBA33FFFFB9
:108FD000AA33FFFFCE33FFFFC033FFFFC833FFFFCD
:108FE0001439FFFF4039FFFF6239FFFF7839FFFF77
:108FF0008C39FFFFA839FFFFC639FFFFD639FFFFC5
:10900000F039FFFF063AFFFF283AFFFF3E3AFFFF25
:10901000523AFFFF663AFFFF843AFFFF943AFFFFA0
:10902000AE3AFFFF5C3CFFFF703CFFFF863CFFFF5A
:10903000A43CFFFF1E3EFFFFEC3CFFFFCE3AFFFFCC
:10904000023DFFFF123DFFFF283BFFFF283BFFFFD4
:10905000003CFFFF0A3CFFFF1A3DFFFFC63CFFFF3D
:109060002A3DFFFF9C3DFFFFE23DFFFFA241FFFFC6
:10907000063EFFFF063EFFFFF040FFFF9A3EFFFF68
:10908000E83DFFFF9841FFFF063EFFFF9240FFFFD4
:109090002841FFFF063EFFFF063EFFFF063EFFFFA3
:1090A000063EFFFF063EFFFF063EFFFF063EFFFFB8
:1090B000063EFFFF063EFFFF063EFFFF5C3EFFFF52
:1090C0003C43FFFF3A44FFFF0444FFFF7A44FFFFA5
:1090D0007A44FFFF0A45FFFF5E45FFFF3A44FFFF6A
:1090E0003A44FFFF3A44FFFF3A44FFFF3A44FFFF90
:1090F0003A44FFFF3A44FFFF3A44FFFF3A44FFFF80
:109100003A44FFFF3A44FFFF3A44FFFF8245FFFF26
:109110008245FFFF3A44FFFF3A44FFFF3A44FFFF16
:109120003A44FFFF3A44FFFF3A44FFFFF445FFFF94
:10913000F445FFFFF04AFFFFFE4AFFFF144BFFFF1D
:10914000204BFFFF344BFFFF404BFFFF4A4BFFFF1D
:10915000524BFFFF5A4BFFFF644BFFFF6E4BFFFF6D
:109160007A4BFFFF844BFFFF8E4BFFFF9A4BFFFFB5
:10917000F04BFFFFF04BFFFFA44BFFFFB24BFFFF95
:10918000BC4BFFFFC64BFFFFD04BFFFFD84BFFFF91
:10919000E64BFFFFD04BFFFFEC4BFFFF004CFFFF08
:1091A000804EFFFF184CFFFF8A4CFFFF9E4CFFFFD5
:1091B000B24CFFFFCE4CFFFFEA4CFFFFFE4CFFFF1F
:1091C0001A4DFFFF804EFFFF364DFFFF804EFFFF21
:1091D000804EFFFF4C4DFFFF744DFFFF9C4DFFFF86
:1091E000B84DFFFFCE4DFFFFE04DFFFF324EFFFFBA
:1091F000FB349B5F80000080001000000000000036
:10920000070B0D1113171D1F25292B2F353B3D4330
:1092100047494F535961FF008683FFFFC283FFFF19
:10922000EA84FFFF8E85FFFF9E85FFFF8886FFFF94
:109230002486FFFFFE86FFFFAC87FFFF1283FFFF40
:109240009684FFFF3A84FFFF7486FFFF124A0200F4
:10925000EA410200A0410200C0460200904602001E
:109260006246020022460200F4450200D647020090
:10927000DA4702006E440200DE4702002E4402007C
:10928000E24702000A440200E6470200DC43020013
:10929000CC43020094430200EA47020072430200FA
:1092A000EE470200F2470200F6470200FA470200CA
:1092B000A4410200B8410200FE4702000248020039
:1092C000064802000A480200CE4702000843020096
:1092D0007E420200D24702006C47020006470200AD
:1092E000BC4102000001020203030303040404045E
:1092F0000404040405050505050505050505050522
:109300000505050506060606060606060606060601
:1093100006060606060606060606060606060606ED
:1093200006060606070707070707070707070707D1
:1093300007070707070707070707070707070707BD
:1093400007070707070707070707070707070707AD
:10935000070707070707070707070707070707079D
:109360000707070708080808080808080808080881
:10937000080808080808080808080808080808086D
:10938000080808080808080808080808080808085D
:10939000080808080808080808080808080808084D
:1093A000080808080808080808080808080808083D
:1093B000080808080808080808080808080808082D
:1093C000080808080808080808080808080808081D
:1093D000080808080808080808080808080808080D
:1093E000080808080000000000000000000000005D
:1093F000000000000000000000000000000000006D
:10940000000000000000000000000000000000005C
:10941000000000000000000000000000000000004C
:10942000000000000000000000000000000000003C
:10943000000000000000000000000000000000002C
:1094400000000000232D302B20000000686C4C0031
:10945000656667454647000030313233343536376C
:109460003839414243444546000000003031323330
:109470003435363738396162636465660000000050
:10948000192A00000F180000020000008494020056
:109490002A2A0000262A0000272A0000292A000084
:1094A000242A0000502A0000252A00000A18000083
:1094B00002000000AC940200282A0000232A0000C9
:1094C000222A0000322A00004C2A0000110100016B
:1094D0004A2A00004E2A00004B2A00004D2A0000B4
:1094E0001218000002000000E09402004F2A000061
:1094F000312A00001318000002000000F49402005A
:10950000040309040200000024950200012A00005F
:10951000A62A00000328000002290000002A0000FB
:1095200007290000001800000118000002280000B0
:10953000042A00000028000008290000012800007B
:08954000052A0000EC290020BF
:109548000200000034950200010000008894020027
:10955800020000001495020001000000552A0020B6
:10956800020000008094020001000000542A00203C
:109578000200000018950200030000006C2C002077
:10958800020000003895020001000000582A00205F
:10959800B638000058380000000000000200000043
:1095A8003495020001000000B0940200020000009F
:1095B80014950200010000006A2A00200200000041
:1095C800BC94020001000000E02A00200200000014
:1095D80014950200010000005E2A0020020000002D
:1095E800A094020001000000DC7F020002000000DD
:1095F8001495020001000000682A00200200000003
:10960800A894020001000000EC7F020002000000A4
:1096180014950200010000005B2A002002000000EF
:109628009494020001000000A07F020002000000E4
:1096380014950200010000005C2A002002000000CE
:109648009894020001000000B47F020002000000AC
:109658001495020001000000692A002002000000A1
:10966800B894020001000000FC7F02000200000024
:1096780014950200010000005D2A0020020000008D
:109688009C94020001000000C87F02000200000054
:1096980014950200010000005A2A00200200000070
:1096A8009094020001000000907F02000200000078
:1096B8001495020001000000672A00200200000043
:1096C800A494020001000000602A0020CC3A0000A7
:1096D80000000000000000004A3D0000223D00009C
:1096E80000000000663E000000000000AC3C0000E6
:1096F800020000003495020001000000E49402001A
:10970800020000002C95020001000000082B002038
:109718000200000014950200010000006E2A0020DB
:1097280002000000D094020040000000CC94020027
:109738000200000014950200010000006B2A0020BE
:1097480002000000C894020080000000012B0020E5
:10975800020000001495020001000000702A002099
:1097680002000000D4940200C00000006F2A00200C
:10977800020000001495020001000000782A002071
:1097880002000000D8940200400000006C80020033
:109798000200000020950200010000006C2A002051
:1097A800020000001495020001000000742A002045
:1097B80002000000DC94020040000000052B00209D
:1097C8000200000018950200810000008C2C002087
:1097D800020000003895020001000000802A0020E5
:1097E800020000001495020001000000752A002004
:1097F80002000000DC940200C0000000062B0020DC
:10980800020000003895020001000000842A0020B0
:10981800020000001495020001000000712A0020D7
:1098280002000000C094020040000000022B00204B
:109838000200000018950200810000007C2C002026
:10984800020000001495020001000000722A0020A6
:1098580002000000C4940200C0000000032B002096
:10986800020000001495020001000000732A002085
:1098780002000000DC940200C0000000042B00205D
:109888000200000038950200010000007C2A002038
:1098980030410000344200000000000002000000D7
:1098A8003495020001000000F89402000200000054
:1098B8001495020001000000862A00200200000022
:1098C800EC940200800000000C2B00200200000035
:1098D8001495020001000000872A00200200000001
:1098E800F094020000000000102B0020020000008D
:1098F8001895020081000000D42C00201E450000AD
:1099080022450000000000004F53485754756E650B
:10991800725F3132333400000000000000000000A4
:10992800E0500000A24E000000000000A44E00001D
:109938000F094F53485754756E65725F313233348F
:10994800051208000800050212180F18020A000084
:109958000200000034950200010000000495020096
:10996800020000001495020001000000A32A002054
:10997800020000001C950200010000000000000029
:10998800020000001495020001000000A02A002037
:10999800020000000C95020001000000D82B0020F6
:1099A800020000001495020001000000A42A002013
:1099B800020000003095020001000000A82A0020E3
:1099C800020000001495020001000000A22A0020F5
:1099D800020000001095020001000000A12A0020EA
:1099E8005CBA0000B2BB00000000000002000000EA
:1099F8003495020001000000B42A00200200000093
:109A08001495020001000000BF2A00200200000097
:109A18004095020000000000000000000200000065
:109A2800189502000300000000000000000000007C
:109A380016C80000000000000000000004940200A6
:109A480024940200E49302000000000000000000DB
:109A580000000000000000000000000000000000FE
:109A680000000000000000000000000000000000EE
:109A780000000000000000000000000000000000DE
:109A880000000000000000000000000000000000CE
:109A9800000000000000000000000000744C0020DE
:109AA80064120000040102020202020001D707004A
:109AB8000010010202020204192A020106120E0A0B
:109AC800120E3F0002000000000300000001000029
:109AD800000204100201050319C1030060EA000036
:109AE80001000000FEFFFFFFC3812F0102010202F7
:109AF800020000005000A0000000E803FFFF000083
:109B080002000000289502000100FF200105020163
:0C9B180001100101EC29002000000000F9
:00000001FF
